timestamp,lap,vehicle_id,lapdist_dls,steering_angle,latitude,longitude,accx_can,accy_can,ath,gear,nmot,pbrake_f,pbrake_r,speed
2025-09-05T00:22:39.492Z,9,GR86-033-46,,-0.2,33.532588958740234,-86.61964416503906,0.152,0.036,100.0,4.0,,0.0,0.0,169.04
2025-09-05T00:22:39.536Z,9,GR86-033-46,,-0.6000000000000001,33.53261947631836,-86.6196060180664,0.149,0.04,100.0,4.0,,0.0,0.0,
2025-09-05T00:22:39.579Z,9,GR86-033-46,,-1.1,33.53261947631836,-86.6196060180664,0.154,0.034,100.0,4.0,,0.0,0.0,
2025-09-05T00:22:39.622Z,9,GR86-033-46,,-2.7,33.53264617919922,-86.61956787109375,0.124,-0.001,100.0,4.0,,0.0,0.0,
2025-09-05T00:22:39.665Z,9,GR86-033-46,7.0,-3.1,33.53264617919922,-86.61956787109375,0.124,-0.011,100.0,4.0,6679.0,0.0,0.0,
2025-09-05T00:22:39.708Z,9,GR86-033-46,,-2.8000000000000003,33.532676696777344,-86.61953735351562,0.118,-0.019,100.0,4.0,,0.0,0.0,170.02
2025-09-05T00:22:39.751Z,9,GR86-033-46,,-2.1,33.532676696777344,-86.61953735351562,0.123,-0.018,100.0,4.0,,0.0,0.0,
2025-09-05T00:22:39.794Z,9,GR86-033-46,,-1.5,33.532676696777344,-86.61953735351562,0.132,-0.027,100.0,4.0,,0.0,0.0,
2025-09-05T00:22:39.837Z,9,GR86-033-46,,-1.0,33.53270721435547,-86.61949920654297,0.138,-0.028,100.0,4.0,,0.0,0.0,
2025-09-05T00:22:39.880Z,9,GR86-033-46,17.0,-0.7000000000000001,33.53270721435547,-86.61949920654297,0.105,-0.045,100.0,4.0,6727.0,0.0,0.0,
2025-09-05T00:22:39.924Z,9,GR86-033-46,,-0.7000000000000001,33.532737731933594,-86.61946105957031,0.124,-0.042,100.0,4.0,,0.0,0.0,170.85
2025-09-05T00:22:39.967Z,9,GR86-033-46,,-0.8,33.532737731933594,-86.61946105957031,0.105,-0.036,100.0,4.0,,0.0,0.0,
2025-09-05T00:22:40.010Z,9,GR86-033-46,,-0.8,33.53276443481445,-86.61942291259766,0.113,-0.035,100.0,4.0,,0.0,0.0,
2025-09-05T00:22:40.053Z,9,GR86-033-46,,-0.8,33.53276443481445,-86.61942291259766,0.125,-0.005,100.0,4.0,,0.0,0.0,
2025-09-05T00:22:40.096Z,9,GR86-033-46,26.0,-0.7000000000000001,33.53276443481445,-86.61942291259766,0.125,-0.007,100.0,4.0,6754.0,0.0,0.0,
2025-09-05T00:22:40.139Z,9,GR86-033-46,,-0.8,33.53279495239258,-86.619384765625,0.122,0.016,100.0,4.0,,0.0,0.0,171.75
2025-09-05T00:22:40.182Z,9,GR86-033-46,,-0.4,33.53279495239258,-86.619384765625,0.132,0.006,100.0,4.0,,0.0,0.0,
2025-09-05T00:22:40.225Z,9,GR86-033-46,,-0.2,33.5328254699707,-86.61935424804688,0.13,0.013,100.0,4.0,,0.0,0.0,
2025-09-05T00:22:40.268Z,9,GR86-033-46,,-0.4,33.5328254699707,-86.61935424804688,0.128,0.021,100.0,4.0,,0.0,0.0,
2025-09-05T00:22:40.311Z,9,GR86-033-46,36.0,-0.7000000000000001,33.53285598754883,-86.61931610107422,0.109,0.018,100.0,4.0,6797.0,0.0,0.0,
2025-09-05T00:22:40.354Z,9,GR86-033-46,,-0.7000000000000001,33.53285598754883,-86.61931610107422,0.121,0.034,100.0,4.0,,0.0,0.0,172.67000000000002
2025-09-05T00:22:40.397Z,9,GR86-033-46,,-0.6000000000000001,33.53285598754883,-86.61931610107422,0.13,0.02,100.0,4.0,,0.0,0.0,
2025-09-05T00:22:40.440Z,9,GR86-033-46,,-0.7000000000000001,33.53288650512695,-86.61927795410156,0.147,0.029,100.0,4.0,,0.0,0.0,
2025-09-05T00:22:40.483Z,9,GR86-033-46,,-1.6,33.53288650512695,-86.61927795410156,0.141,0.013,100.0,4.0,,0.0,0.0,
2025-09-05T00:22:40.526Z,9,GR86-033-46,46.0,-2.4000000000000004,33.53291320800781,-86.6192398071289,0.142,0.015,100.0,4.0,6818.0,0.0,0.0,
2025-09-05T00:22:40.569Z,9,GR86-033-46,,-2.6,33.53291320800781,-86.6192398071289,0.136,0.018,100.0,4.0,,0.0,0.0,173.58
2025-09-05T00:22:40.612Z,9,GR86-033-46,,-2.1,33.53294372558594,-86.61920166015625,0.138,-0.01,100.0,4.0,,0.0,0.0,
2025-09-05T00:22:40.655Z,9,GR86-033-46,,-1.4,33.53294372558594,-86.61920166015625,0.13,-0.006,100.0,4.0,,0.0,0.0,
2025-09-05T00:22:40.699Z,9,GR86-033-46,,-1.2000000000000002,33.53294372558594,-86.61920166015625,0.125,-0.014,100.0,4.0,,0.0,0.0,
2025-09-05T00:22:40.742Z,9,GR86-033-46,55.0,-1.7000000000000002,33.53297424316406,-86.6191635131836,0.134,-0.001,100.0,4.0,6851.0,0.0,0.0,
2025-09-05T00:22:40.785Z,9,GR86-033-46,,-2.6,33.53297424316406,-86.6191635131836,0.134,0.007,100.0,4.0,,0.0,0.0,174.43
2025-09-05T00:22:40.828Z,9,GR86-033-46,,-3.0,33.53300476074219,-86.61912536621094,0.132,-0.004,100.0,4.0,,0.0,0.0,
2025-09-05T00:22:40.871Z,9,GR86-033-46,,-3.0,33.53300476074219,-86.61912536621094,0.116,-0.042,100.0,4.0,,0.0,0.0,
2025-09-05T00:22:40.914Z,9,GR86-033-46,,-2.5,33.53300476074219,-86.61912536621094,0.117,-0.021,100.0,4.0,,0.0,0.0,
2025-09-05T00:22:40.958Z,9,GR86-033-46,65.0,-2.3000000000000003,33.53303527832031,-86.61908721923828,0.136,-0.062,100.0,4.0,6892.0,0.0,0.0,
2025-09-05T00:22:41.002Z,9,GR86-033-46,,-2.6,33.53306579589844,-86.61904907226562,0.126,-0.055,100.0,4.0,,0.0,0.0,175.28
2025-09-05T00:22:41.045Z,9,GR86-033-46,,-3.1,33.53306579589844,-86.61904907226562,0.106,-0.069,100.0,4.0,,0.0,0.0,
2025-09-05T00:22:41.088Z,9,GR86-033-46,,-3.3000000000000003,33.53306579589844,-86.61904907226562,0.128,-0.081,100.0,4.0,,0.0,0.0,
2025-09-05T00:22:41.132Z,9,GR86-033-46,,-3.3000000000000003,33.53309631347656,-86.61901092529297,0.118,-0.07,100.0,4.0,,0.0,0.0,
2025-09-05T00:22:41.175Z,9,GR86-033-46,75.0,-2.5,33.53309631347656,-86.61901092529297,0.119,-0.076,100.0,4.0,6917.0,0.0,0.0,
2025-09-05T00:22:41.219Z,9,GR86-033-46,,-1.4,33.53312683105469,-86.61897277832031,0.131,-0.065,100.0,4.0,,0.0,0.0,176.17000000000002
2025-09-05T00:22:41.262Z,9,GR86-033-46,,-1.3,33.53312683105469,-86.61897277832031,0.129,-0.072,100.0,4.0,,0.0,0.0,
2025-09-05T00:22:41.305Z,9,GR86-033-46,,-1.3,33.53315353393555,-86.61893463134766,0.13,-0.076,100.0,4.0,,0.0,0.0,
2025-09-05T00:22:41.348Z,9,GR86-033-46,,-0.5,33.53315353393555,-86.61893463134766,0.131,-0.055,52.96,4.0,,0.0,0.0,
2025-09-05T00:22:41.391Z,9,GR86-033-46,85.0,0.1,33.53315353393555,-86.61893463134766,0.139,-0.065,0.81,4.0,6949.0,0.0,0.0,
2025-09-05T00:22:41.434Z,9,GR86-033-46,,0.9,33.53318405151367,-86.618896484375,0.146,-0.052,0.0,4.0,,0.0,0.0,177.76
2025-09-05T00:22:41.478Z,9,GR86-033-46,,2.4000000000000004,33.53318405151367,-86.618896484375,0.029,-0.016,0.0,4.0,,0.0,0.0,
2025-09-05T00:22:41.522Z,9,GR86-033-46,,5.0,33.5332145690918,-86.61885833740234,-0.128,0.027,0.0,4.0,,0.0,0.0,
2025-09-05T00:22:41.565Z,9,GR86-033-46,,5.9,33.5332145690918,-86.61885833740234,-0.386,0.025,0.0,4.0,,4.09,4.335,
2025-09-05T00:22:41.608Z,9,GR86-033-46,95.0,6.1000000000000005,33.53324508666992,-86.61882019042969,-0.206,0.074,0.0,4.0,7010.0,4.0,4.03,
2025-09-05T00:22:41.651Z,9,GR86-033-46,,6.2,33.53324508666992,-86.61882019042969,-0.157,0.134,0.0,4.0,,7.765000000000001,8.040000000000001,178.57
2025-09-05T00:22:41.694Z,9,GR86-033-46,,6.5,33.53324508666992,-86.61882019042969,-0.323,0.121,0.0,4.0,,12.71,12.895,
2025-09-05T00:22:41.737Z,9,GR86-033-46,,7.7,33.53327560424805,-86.61878204345703,-0.452,0.198,0.0,4.0,,14.68,14.91,
2025-09-05T00:22:41.780Z,9,GR86-033-46,,10.2,33.53327560424805,-86.61878204345703,-0.383,0.176,0.0,4.0,,17.06,17.245,
2025-09-05T00:22:41.824Z,9,GR86-033-46,114.0,11.3,33.53330612182617,-86.61874389648438,-0.472,0.247,0.0,4.0,6961.0,22.25,22.495,
2025-09-05T00:22:41.867Z,9,GR86-033-46,,11.7,33.53330612182617,-86.61874389648438,-0.5680000000000001,0.272,0.0,4.0,,34.0,34.305,179.21
2025-09-05T00:22:41.910Z,9,GR86-033-46,,12.7,33.53330612182617,-86.61874389648438,-0.8270000000000001,0.335,0.04,4.0,,49.46,49.365,
2025-09-05T00:22:41.953Z,9,GR86-033-46,,15.2,33.5333366394043,-86.61869812011719,-1.008,0.324,0.0,4.0,,63.65,63.68,
2025-09-05T00:22:41.996Z,9,GR86-033-46,,18.1,33.5333366394043,-86.61869812011719,-1.063,0.373,0.0,4.0,,77.245,77.855,
2025-09-05T00:22:42.039Z,9,GR86-033-46,124.0,19.1,33.53336334228516,-86.61866760253906,-1.056,0.448,0.01,4.0,6739.0,84.58500000000001,85.06,
2025-09-05T00:22:42.082Z,9,GR86-033-46,,16.2,33.53336334228516,-86.61866760253906,-1.082,0.541,0.0,4.0,,87.745,89.605,176.53
2025-09-05T00:22:42.125Z,9,GR86-033-46,,16.900000000000002,33.53339385986328,-86.6186294555664,-1.158,0.535,0.0,4.0,,90.585,91.47,
2025-09-05T00:22:42.168Z,9,GR86-033-46,,21.3,33.53339385986328,-86.6186294555664,-1.19,0.606,0.02,4.0,,90.415,92.155,
2025-09-05T00:22:42.211Z,9,GR86-033-46,,26.8,33.533424377441406,-86.61859130859375,-1.195,0.5720000000000001,0.02,4.0,,88.95,89.67,
2025-09-05T00:22:42.254Z,9,GR86-033-46,133.0,29.6,33.533424377441406,-86.61859130859375,-1.18,0.606,0.01,4.0,6161.0,83.7,84.92,
2025-09-05T00:22:42.297Z,9,GR86-033-46,,27.6,33.533424377441406,-86.61859130859375,-0.992,0.671,0.02,4.0,,65.74,67.36,170.05
2025-09-05T00:22:42.341Z,9,GR86-033-46,,14.7,33.533451080322266,-86.6185531616211,-0.8250000000000001,0.736,0.0,4.0,,39.675,40.655,
2025-09-05T00:22:42.384Z,9,GR86-033-46,,6.7,33.533451080322266,-86.6185531616211,-0.786,0.636,0.0,4.0,,29.025,29.62,
2025-09-05T00:22:42.428Z,9,GR86-033-46,,3.6,33.533477783203125,-86.61852264404297,-0.599,0.679,0.0,4.0,,27.18,27.65,
2025-09-05T00:22:42.471Z,9,GR86-033-46,142.0,4.9,33.533477783203125,-86.61852264404297,-0.598,0.651,0.0,4.0,5945.0,27.47,28.125,
2025-09-05T00:22:42.514Z,9,GR86-033-46,,8.700000000000001,33.53350830078125,-86.61849212646484,-0.643,0.704,0.0,4.0,,26.535,27.315,160.78
2025-09-05T00:22:42.557Z,9,GR86-033-46,,15.0,33.53350830078125,-86.61849212646484,-0.6890000000000001,0.6910000000000001,0.0,4.0,,24.705,25.395,
2025-09-05T00:22:42.600Z,9,GR86-033-46,,28.0,33.53353500366211,-86.61845397949219,-0.585,0.802,0.0,4.0,,26.23,26.81,
2025-09-05T00:22:42.643Z,9,GR86-033-46,,33.2,33.53353500366211,-86.61845397949219,-0.632,0.884,0.02,4.0,,29.145,29.62,
2025-09-05T00:22:42.686Z,9,GR86-033-46,150.0,33.6,33.53353500366211,-86.61845397949219,-0.666,0.888,0.0,4.0,5945.0,33.28,33.97,
2025-09-05T00:22:42.729Z,9,GR86-033-46,,29.5,33.53356170654297,-86.61842346191406,-0.682,0.872,0.03,4.0,,38.53,39.31,154.67000000000002
2025-09-05T00:22:42.772Z,9,GR86-033-46,,22.700000000000003,33.53356170654297,-86.61842346191406,-0.751,0.909,0.0,4.0,,40.53,41.14,
2025-09-05T00:22:42.815Z,9,GR86-033-46,,13.1,33.53358840942383,-86.61840057373047,-0.716,0.948,0.0,4.0,,35.050000000000004,35.615,
2025-09-05T00:22:42.858Z,9,GR86-033-46,,1.5,33.53358840942383,-86.61840057373047,-0.5750000000000001,0.912,0.0,4.0,,19.7,20.265,
2025-09-05T00:22:42.901Z,9,GR86-033-46,158.0,-12.6,33.53358840942383,-86.61840057373047,-0.24,0.862,0.0,4.0,5716.0,2.915,3.16,
2025-09-05T00:22:42.944Z,9,GR86-033-46,,-17.0,33.53361511230469,-86.61837005615234,-0.216,0.8240000000000001,0.0,4.0,,0.0,0.0,152.99
2025-09-05T00:22:42.987Z,9,GR86-033-46,,-17.6,33.53361511230469,-86.61837005615234,-0.178,0.849,0.0,4.0,,0.0,0.0,
2025-09-05T00:22:43.030Z,9,GR86-033-46,,-15.3,33.53364562988281,-86.61833953857422,-0.103,0.8260000000000001,0.0,4.0,,0.0,0.0,
2025-09-05T00:22:43.073Z,9,GR86-033-46,,-9.7,33.53364562988281,-86.61833953857422,-0.095,0.779,0.0,4.0,,0.0,0.0,
2025-09-05T00:22:43.116Z,9,GR86-033-46,167.0,-0.9,33.53367233276367,-86.61831665039062,-0.138,0.8160000000000001,6.95,4.0,5524.0,0.0,0.0,
2025-09-05T00:22:43.159Z,9,GR86-033-46,,10.2,33.53367233276367,-86.61831665039062,-0.137,0.852,16.59,4.0,,0.0,0.0,148.71
2025-09-05T00:22:43.202Z,9,GR86-033-46,,30.700000000000003,33.53369903564453,-86.6182861328125,-0.158,1.036,22.67,4.0,,0.0,0.0,
2025-09-05T00:22:43.245Z,9,GR86-033-46,,44.0,33.53369903564453,-86.6182861328125,-0.118,1.106,23.43,4.0,,0.0,0.0,
2025-09-05T00:22:43.288Z,9,GR86-033-46,,52.1,33.53369903564453,-86.6182861328125,-0.076,1.028,21.54,4.0,,0.0,0.0,
2025-09-05T00:22:43.331Z,9,GR86-033-46,175.0,54.3,33.533729553222656,-86.6182632446289,-0.047,0.95,20.25,4.0,5549.0,0.0,0.0,
2025-09-05T00:22:43.374Z,9,GR86-033-46,,54.1,33.533729553222656,-86.6182632446289,-0.033,0.944,20.92,4.0,,0.0,0.0,146.21
2025-09-05T00:22:43.418Z,9,GR86-033-46,,52.8,33.53376007080078,-86.61824035644531,0.065,0.99,23.52,4.0,,0.0,0.0,
2025-09-05T00:22:43.461Z,9,GR86-033-46,,49.900000000000006,33.53376007080078,-86.61824035644531,0.012,1.078,30.92,4.0,,0.0,0.0,
2025-09-05T00:22:43.505Z,9,GR86-033-46,,48.7,33.53376007080078,-86.61824035644531,-0.012,1.06,35.49,4.0,,0.0,0.0,
2025-09-05T00:22:43.548Z,9,GR86-033-46,183.0,48.7,33.53378677368164,-86.61821746826172,-0.001,1.063,35.230000000000004,4.0,5534.0,0.0,0.0,
2025-09-05T00:22:43.591Z,9,GR86-033-46,,46.5,33.53378677368164,-86.61821746826172,0.048,1.072,35.02,4.0,,0.0,0.0,144.42000000000002
2025-09-05T00:22:43.634Z,9,GR86-033-46,,41.2,33.533817291259766,-86.61819458007812,0.059,1.072,37.01,4.0,,0.0,0.0,
2025-09-05T00:22:43.677Z,9,GR86-033-46,,36.5,33.533817291259766,-86.61819458007812,0.032,1.144,41.27,4.0,,0.0,0.0,
2025-09-05T00:22:43.721Z,9,GR86-033-46,,32.1,33.53384780883789,-86.61817169189453,0.064,1.251,41.35,4.0,,0.0,0.0,
2025-09-05T00:22:43.765Z,9,GR86-033-46,191.0,30.4,33.53384780883789,-86.61817169189453,0.066,1.265,40.34,4.0,5675.0,0.0,0.0,
2025-09-05T00:22:43.808Z,9,GR86-033-46,,31.3,33.533878326416016,-86.61814880371094,0.044,1.261,40.21,4.0,,0.0,0.0,143.56
2025-09-05T00:22:43.852Z,9,GR86-033-46,,33.300000000000004,33.533878326416016,-86.61814880371094,0.056,1.326,40.35,4.0,,0.0,0.0,
2025-09-05T00:22:43.895Z,9,GR86-033-46,,31.700000000000003,33.533878326416016,-86.61814880371094,0.067,1.357,40.17,4.0,,0.0,0.0,
2025-09-05T00:22:43.938Z,9,GR86-033-46,,23.700000000000003,33.533912658691406,-86.61812591552734,0.082,1.309,39.52,4.0,,0.0,0.0,
2025-09-05T00:22:43.982Z,9,GR86-033-46,199.0,8.6,33.533912658691406,-86.61812591552734,0.06,1.316,36.56,4.0,5716.0,0.0,0.0,
2025-09-05T00:22:44.025Z,9,GR86-033-46,,2.1,33.53394317626953,-86.61811065673828,0.057,1.411,35.44,4.0,,0.0,0.0,144.27
2025-09-05T00:22:44.068Z,9,GR86-033-46,,2.4000000000000004,33.53394317626953,-86.61811065673828,0.111,1.411,32.89,4.0,,0.0,0.0,
2025-09-05T00:22:44.111Z,9,GR86-033-46,,4.4,33.53397750854492,-86.61809539794922,0.107,1.607,32.4,4.0,,0.0,0.0,
2025-09-05T00:22:44.154Z,9,GR86-033-46,,3.3000000000000003,33.53397750854492,-86.61809539794922,0.079,1.412,30.82,4.0,,0.0,0.0,
2025-09-05T00:22:44.197Z,9,GR86-033-46,207.0,-2.8000000000000003,33.53397750854492,-86.61809539794922,0.022,1.367,27.85,4.0,5740.0,0.0,0.0,
2025-09-05T00:22:44.240Z,9,GR86-033-46,,-3.3000000000000003,33.53400802612305,-86.61807250976562,0.08,1.47,27.19,4.0,,0.0,0.0,145.57
2025-09-05T00:22:44.285Z,9,GR86-033-46,,1.8,33.53400802612305,-86.61807250976562,0.114,1.64,28.09,4.0,,0.0,0.0,
2025-09-05T00:22:44.328Z,9,GR86-033-46,,4.6000000000000005,33.53404235839844,-86.61805725097656,0.113,1.878,29.23,4.0,,0.0,0.0,
2025-09-05T00:22:44.371Z,9,GR86-033-46,,9.5,33.53404235839844,-86.61805725097656,0.053,1.857,29.68,4.0,,0.0,0.0,
2025-09-05T00:22:44.414Z,9,GR86-033-46,215.0,19.200000000000003,33.53407669067383,-86.61804962158203,0.058,1.851,29.07,4.0,5762.0,0.0,0.0,
2025-09-05T00:22:44.457Z,9,GR86-033-46,,38.400000000000006,33.53407669067383,-86.61804962158203,0.018,1.766,28.18,4.0,,0.0,0.0,146.21
2025-09-05T00:22:44.500Z,9,GR86-033-46,,74.8,33.53411102294922,-86.61803436279297,0.051,1.54,27.05,4.0,,0.0,0.0,
2025-09-05T00:22:44.543Z,9,GR86-033-46,,81.30000000000001,33.53411102294922,-86.61803436279297,-0.01,1.581,25.42,4.0,,0.0,0.0,
2025-09-05T00:22:44.586Z,9,GR86-033-46,,79.5,33.53411102294922,-86.61803436279297,-0.043,1.628,25.05,4.0,,0.0,0.0,
2025-09-05T00:22:44.629Z,9,GR86-033-46,231.0,78.5,33.53414535522461,-86.61802673339844,-0.04,1.675,24.5,4.0,5715.0,0.0,0.0,
2025-09-05T00:22:44.672Z,9,GR86-033-46,,79.9,33.53414535522461,-86.61802673339844,-0.026,1.602,24.42,4.0,,0.0,0.0,145.21
2025-09-05T00:22:44.715Z,9,GR86-033-46,,80.4,33.5341796875,-86.6180191040039,-0.033,1.484,24.53,4.0,,0.0,0.0,
2025-09-05T00:22:44.758Z,9,GR86-033-46,,80.30000000000001,33.5341796875,-86.6180191040039,-0.025,1.432,24.54,4.0,,0.0,0.0,
2025-09-05T00:22:44.801Z,9,GR86-033-46,,78.5,33.53421401977539,-86.61801147460938,-0.012,1.475,24.56,4.0,,0.0,0.0,
2025-09-05T00:22:44.844Z,9,GR86-033-46,239.0,72.9,33.53421401977539,-86.61801147460938,-0.064,1.472,24.46,4.0,5669.0,0.0,0.0,
2025-09-05T00:22:44.887Z,9,GR86-033-46,,62.0,33.53421401977539,-86.61801147460938,-0.043,1.441,24.08,4.0,,0.0,0.0,144.15
2025-09-05T00:22:44.930Z,9,GR86-033-46,,51.900000000000006,33.53425216674805,-86.61800384521484,-0.008,1.445,19.73,4.0,,0.0,0.0,
2025-09-05T00:22:44.973Z,9,GR86-033-46,,48.6,33.53425216674805,-86.61800384521484,0.043,1.395,12.52,4.0,,0.0,0.0,
2025-09-05T00:22:45.016Z,9,GR86-033-46,,48.400000000000006,33.53428649902344,-86.61800384521484,0.031,1.381,10.24,4.0,,0.0,0.0,
2025-09-05T00:22:45.060Z,9,GR86-033-46,247.0,40.400000000000006,33.53428649902344,-86.61800384521484,0.015,1.323,10.35,4.0,5651.0,0.0,0.0,
2025-09-05T00:22:45.103Z,9,GR86-033-46,,31.3,33.53432083129883,-86.61800384521484,-0.024,1.256,10.35,4.0,,0.0,0.0,143.88
2025-09-05T00:22:45.146Z,9,GR86-033-46,,26.6,33.53432083129883,-86.61800384521484,-0.043,1.208,10.33,4.0,,0.0,0.0,
2025-09-05T00:22:45.189Z,9,GR86-033-46,,27.3,33.53432083129883,-86.61800384521484,-0.053,1.239,10.77,4.0,,0.0,0.0,
2025-09-05T00:22:45.232Z,9,GR86-033-46,,29.1,33.53435516357422,-86.61800384521484,-0.048,1.336,11.41,4.0,,0.0,0.0,
2025-09-05T00:22:45.275Z,9,GR86-033-46,255.0,28.0,33.53435516357422,-86.61800384521484,-0.035,1.43,12.21,4.0,5670.0,0.0,0.0,
2025-09-05T00:22:45.319Z,9,GR86-033-46,,24.5,33.534393310546875,-86.61800384521484,-0.041,1.49,12.39,4.0,,0.0,0.0,144.66
2025-09-05T00:22:45.362Z,9,GR86-033-46,,26.200000000000003,33.534393310546875,-86.61800384521484,0.003,1.576,13.04,4.0,,0.0,0.0,
2025-09-05T00:22:45.405Z,9,GR86-033-46,,31.5,33.534427642822266,-86.61800384521484,0.0,1.654,19.14,4.0,,0.0,0.0,
2025-09-05T00:22:45.448Z,9,GR86-033-46,,41.400000000000006,33.534427642822266,-86.61800384521484,-0.017,1.585,31.54,4.0,,0.0,0.0,
2025-09-05T00:22:45.491Z,9,GR86-033-46,263.0,58.1,33.534427642822266,-86.61800384521484,-0.008,1.5,36.91,4.0,5582.0,0.0,0.0,
2025-09-05T00:22:45.534Z,9,GR86-033-46,,76.7,33.534461975097656,-86.61800384521484,0.027,1.337,35.39,4.0,,0.0,0.0,142.86
2025-09-05T00:22:45.577Z,9,GR86-033-46,,85.4,33.534461975097656,-86.61800384521484,0.03,1.266,31.47,4.0,,0.0,0.0,
2025-09-05T00:22:45.622Z,9,GR86-033-46,,83.0,33.53449630737305,-86.61801147460938,0.031,1.361,26.56,4.0,,0.0,0.0,
2025-09-05T00:22:45.665Z,9,GR86-033-46,,80.60000000000001,33.53449630737305,-86.61801147460938,0.054,1.408,23.88,4.0,,0.0,0.0,
2025-09-05T00:22:45.708Z,9,GR86-033-46,271.0,81.0,33.53453063964844,-86.6180191040039,-0.002,1.569,23.03,4.0,5594.0,0.0,0.0,
2025-09-05T00:22:45.751Z,9,GR86-033-46,,81.7,33.53453063964844,-86.6180191040039,0.007,1.503,22.73,4.0,,0.0,0.0,142.3
2025-09-05T00:22:45.794Z,9,GR86-033-46,,81.5,33.53453063964844,-86.6180191040039,-0.088,1.728,23.19,4.0,,0.0,0.0,
2025-09-05T00:22:45.837Z,9,GR86-033-46,,81.30000000000001,33.53456497192383,-86.61802673339844,-0.036,1.696,23.07,4.0,,0.0,0.0,
2025-09-05T00:22:45.880Z,9,GR86-033-46,,81.9,33.53456497192383,-86.61802673339844,0.013,1.621,22.38,4.0,,0.0,0.0,
2025-09-05T00:22:45.924Z,9,GR86-033-46,278.0,82.10000000000001,33.53459930419922,-86.61803436279297,0.012,1.55,22.44,4.0,5601.0,0.0,0.0,
2025-09-05T00:22:45.967Z,9,GR86-033-46,,81.80000000000001,33.53459930419922,-86.61803436279297,-0.038,1.445,22.79,4.0,,0.0,0.0,140.95000000000002
2025-09-05T00:22:46.010Z,9,GR86-033-46,,80.9,33.53463363647461,-86.61804962158203,-0.021,1.38,22.95,4.0,,0.0,0.0,
2025-09-05T00:22:46.053Z,9,GR86-033-46,,79.0,33.53463363647461,-86.61804962158203,-0.016,1.376,22.95,4.0,,0.0,0.0,
2025-09-05T00:22:46.096Z,9,GR86-033-46,,75.5,33.53463363647461,-86.61804962158203,0.015,1.32,22.93,4.0,,0.0,0.0,
2025-09-05T00:22:46.139Z,9,GR86-033-46,286.0,66.9,33.534664154052734,-86.61805725097656,-0.023,1.4,25.18,4.0,5521.0,0.0,0.0,
2025-09-05T00:22:46.182Z,9,GR86-033-46,,41.5,33.534664154052734,-86.61805725097656,-0.005,1.512,57.64,4.0,,0.0,0.0,140.03
2025-09-05T00:22:46.225Z,9,GR86-033-46,,20.8,33.534698486328125,-86.61807250976562,-0.03,0.879,86.82000000000001,4.0,,0.0,0.0,
2025-09-05T00:22:46.268Z,9,GR86-033-46,,2.5,33.534698486328125,-86.61807250976562,0.026,1.34,100.0,4.0,,0.0,0.0,
2025-09-05T00:22:46.311Z,9,GR86-033-46,,-8.700000000000001,33.53472900390625,-86.61808776855469,0.121,1.093,100.0,4.0,,0.0,0.0,
2025-09-05T00:22:46.354Z,9,GR86-033-46,294.0,-15.3,33.53472900390625,-86.61808776855469,0.276,1.055,100.0,4.0,5483.0,0.0,0.0,
2025-09-05T00:22:46.397Z,9,GR86-033-46,,-19.0,33.53472900390625,-86.61808776855469,0.232,0.894,100.0,4.0,,0.0,0.0,139.36
2025-09-05T00:22:46.440Z,9,GR86-033-46,,-25.8,33.534759521484375,-86.61810302734375,0.214,0.415,12.42,4.0,,0.0,0.0,
2025-09-05T00:22:46.483Z,9,GR86-033-46,,-28.5,33.534759521484375,-86.61810302734375,0.166,0.117,0.25,4.0,,0.0,0.0,
2025-09-05T00:22:46.526Z,9,GR86-033-46,,-29.0,33.534793853759766,-86.61811828613281,0.097,-0.211,0.01,4.0,,0.0,0.0,
2025-09-05T00:22:46.569Z,9,GR86-033-46,302.0,-29.4,33.534793853759766,-86.61811828613281,-0.106,-0.365,0.0,4.0,5459.0,0.0,0.0,
2025-09-05T00:22:46.612Z,9,GR86-033-46,,-31.3,33.53482437133789,-86.61813354492188,-0.054,-0.528,0.04,4.0,,7.43,7.92,138.77
2025-09-05T00:22:46.655Z,9,GR86-033-46,,-33.5,33.53482437133789,-86.61813354492188,-0.383,-0.6880000000000001,0.0,4.0,,16.94,17.12,
2025-09-05T00:22:46.699Z,9,GR86-033-46,,-33.2,33.53482437133789,-86.61813354492188,-0.5750000000000001,-0.8170000000000001,0.02,4.0,,27.055,27.315,
2025-09-05T00:22:46.742Z,9,GR86-033-46,,-26.5,33.534854888916016,-86.61815643310547,-0.744,-0.764,0.05,4.0,,39.645,39.785,
2025-09-05T00:22:46.785Z,9,GR86-033-46,309.0,-20.9,33.534854888916016,-86.61815643310547,-0.838,-0.762,0.02,4.0,5456.0,46.375,46.895,
2025-09-05T00:22:46.828Z,9,GR86-033-46,,-14.9,33.53488540649414,-86.61817169189453,-0.842,-0.79,0.0,4.0,,49.2,50.19,139.04
2025-09-05T00:22:46.871Z,9,GR86-033-46,,-11.5,33.53488540649414,-86.61817169189453,-0.869,-0.796,0.01,3.0,,45.37,46.205,
2025-09-05T00:22:46.914Z,9,GR86-033-46,,-11.8,33.534915924072266,-86.6181869506836,-0.938,-0.8270000000000001,0.0,3.0,,36.58,37.705,
2025-09-05T00:22:46.958Z,9,GR86-033-46,,-12.2,33.534915924072266,-86.6181869506836,-0.776,-0.839,0.0,3.0,,26.965,27.895,
2025-09-05T00:22:47.002Z,9,GR86-033-46,317.0,-3.0,33.53494644165039,-86.61820220947266,-0.497,-0.941,0.01,3.0,5149.0,18.555,18.89,
2025-09-05T00:22:47.045Z,9,GR86-033-46,,9.7,33.53494644165039,-86.61820220947266,-0.465,-0.846,0.0,3.0,,17.12,17.455000000000002,136.57
2025-09-05T00:22:47.088Z,9,GR86-033-46,,21.1,33.53494644165039,-86.61820220947266,-0.399,-0.74,0.0,3.0,,18.36,18.65,
2025-09-05T00:22:47.132Z,9,GR86-033-46,,24.0,33.53497695922852,-86.61821746826172,-0.389,-0.668,0.01,3.0,,19.76,20.205,
2025-09-05T00:22:47.175Z,9,GR86-033-46,,20.9,33.53497695922852,-86.61821746826172,-0.447,-0.664,0.0,3.0,,20.175,20.755,
2025-09-05T00:22:47.219Z,9,GR86-033-46,324.0,15.5,33.535003662109375,-86.61822509765625,-0.51,-0.611,0.01,3.0,5019.0,20.265,20.725,
2025-09-05T00:22:47.262Z,9,GR86-033-46,,2.3000000000000003,33.535003662109375,-86.61822509765625,-0.601,-0.557,0.01,3.0,,22.34,22.705,130.53
2025-09-05T00:22:47.305Z,9,GR86-033-46,,-13.4,33.5350341796875,-86.61824035644531,-0.584,-0.499,0.0,3.0,,23.335,23.99,
2025-09-05T00:22:47.348Z,9,GR86-033-46,,-31.9,33.5350341796875,-86.61824035644531,-0.59,-0.581,0.0,2.0,,23.775,24.4,
2025-09-05T00:22:47.391Z,9,GR86-033-46,,-46.3,33.5350341796875,-86.61824035644531,-0.581,-0.629,0.02,2.0,,23.56,24.05,
2025-09-05T00:22:47.434Z,9,GR86-033-46,338.0,-52.900000000000006,33.535064697265625,-86.61824798583984,-0.919,-0.546,0.0,2.0,5578.0,24.02,24.735,
2025-09-05T00:22:47.479Z,9,GR86-033-46,,-50.2,33.535064697265625,-86.61824798583984,-0.771,-0.627,0.0,2.0,,24.31,24.765,125.59
2025-09-05T00:22:47.522Z,9,GR86-033-46,,-38.3,33.535091400146484,-86.61825561523438,-0.667,-0.718,0.0,2.0,,23.09,23.745,
2025-09-05T00:22:47.565Z,9,GR86-033-46,,-33.7,33.535091400146484,-86.61825561523438,-0.481,-0.627,0.0,2.0,,15.305,16.025,
2025-09-05T00:22:47.608Z,9,GR86-033-46,,-33.1,33.535118103027344,-86.6182632446289,-0.367,-0.741,0.0,2.0,,5.3100000000000005,5.705,
2025-09-05T00:22:47.651Z,9,GR86-033-46,344.0,-32.7,33.535118103027344,-86.6182632446289,-0.21,-0.8160000000000001,0.0,2.0,6260.0,0.0,0.0,
2025-09-05T00:22:47.694Z,9,GR86-033-46,,-30.0,33.535118103027344,-86.6182632446289,-0.169,-0.805,0.0,2.0,,0.0,0.0,120.04
2025-09-05T00:22:47.737Z,9,GR86-033-46,,-26.700000000000003,33.53514862060547,-86.61827087402344,-0.194,-0.929,0.0,2.0,,0.0,1.955,
2025-09-05T00:22:47.780Z,9,GR86-033-46,,-22.3,33.53514862060547,-86.61827087402344,-0.189,-0.884,0.0,2.0,,3.755,4.12,
2025-09-05T00:22:47.824Z,9,GR86-033-46,,-19.5,33.53517532348633,-86.61827850341797,-0.223,-0.839,0.0,2.0,,6.3,6.655,
2025-09-05T00:22:47.867Z,9,GR86-033-46,351.0,-18.8,33.53517532348633,-86.61827850341797,-0.309,-0.848,0.01,2.0,6325.0,7.615,8.01,
2025-09-05T00:22:47.910Z,9,GR86-033-46,,-21.9,33.53520202636719,-86.6182861328125,-0.299,-0.79,0.0,2.0,,8.01,8.455,116.17
2025-09-05T00:22:47.953Z,9,GR86-033-46,,-29.5,33.53520202636719,-86.6182861328125,-0.305,-0.805,0.0,2.0,,9.72,10.27,
2025-09-05T00:22:47.996Z,9,GR86-033-46,,-40.0,33.53520202636719,-86.6182861328125,-0.411,-0.8230000000000001,0.01,2.0,,11.185,11.49,
2025-09-05T00:22:48.039Z,9,GR86-033-46,,-49.7,33.53522872924805,-86.61829376220703,-0.374,-0.811,0.0,2.0,,11.245,11.735,
2025-09-05T00:22:48.082Z,9,GR86-033-46,357.0,-55.2,33.53522872924805,-86.61829376220703,-0.329,-0.844,0.0,2.0,6301.0,6.515000000000001,6.865,
2025-09-05T00:22:48.125Z,9,GR86-033-46,,-52.400000000000006,33.535255432128906,-86.61829376220703,-0.224,-0.965,0.0,2.0,,0.0,1.925,114.14
2025-09-05T00:22:48.168Z,9,GR86-033-46,,-46.7,33.535255432128906,-86.61829376220703,-0.189,-0.922,0.0,2.0,,0.0,0.0,
2025-09-05T00:22:48.211Z,9,GR86-033-46,,-41.2,33.535282135009766,-86.61830139160156,-0.196,-0.92,0.0,2.0,,0.0,0.0,
2025-09-05T00:22:48.254Z,9,GR86-033-46,,-37.9,33.535282135009766,-86.61830139160156,-0.169,-0.873,0.0,2.0,,0.0,0.0,
2025-09-05T00:22:48.297Z,9,GR86-033-46,363.0,-36.1,33.535282135009766,-86.61830139160156,-0.174,-0.893,0.0,2.0,6147.0,2.275,2.5500000000000003,
2025-09-05T00:22:48.340Z,9,GR86-033-46,,-32.1,33.535308837890625,-86.61830139160156,-0.217,-0.923,0.0,2.0,,3.25,3.615,111.26
2025-09-05T00:22:48.383Z,9,GR86-033-46,,-27.4,33.535308837890625,-86.61830139160156,-0.206,-0.914,0.0,2.0,,3.435,3.815,
2025-09-05T00:22:48.427Z,9,GR86-033-46,,-22.5,33.535335540771484,-86.61830139160156,-0.218,-0.876,0.0,2.0,,3.615,4.15,
2025-09-05T00:22:48.470Z,9,GR86-033-46,,-20.9,33.535335540771484,-86.61830139160156,-0.221,-0.86,0.0,2.0,,3.495,3.935,
2025-09-05T00:22:48.513Z,9,GR86-033-46,369.0,-24.5,33.535362243652344,-86.61830139160156,-0.2,-0.797,0.0,2.0,6011.0,2.975,3.435,
2025-09-05T00:22:48.556Z,9,GR86-033-46,,-33.7,33.535362243652344,-86.61830139160156,-0.196,-0.8320000000000001,0.0,2.0,,3.065,3.28,108.79
2025-09-05T00:22:48.599Z,9,GR86-033-46,,-46.3,33.535362243652344,-86.61830139160156,-0.214,-0.864,0.0,2.0,,7.235,7.585,
2025-09-05T00:22:48.642Z,9,GR86-033-46,,-60.8,33.53538513183594,-86.61830139160156,-0.339,-0.868,0.0,2.0,,13.95,14.27,
2025-09-05T00:22:48.685Z,9,GR86-033-46,,-63.6,33.53538513183594,-86.61830139160156,-0.448,-0.876,0.0,2.0,,17.245,17.365000000000002,
2025-09-05T00:22:48.728Z,9,GR86-033-46,375.0,-61.7,33.5354118347168,-86.61830139160156,-0.499,-0.864,0.0,2.0,5899.0,19.15,19.58,
2025-09-05T00:22:48.771Z,9,GR86-033-46,,-56.8,33.5354118347168,-86.61830139160156,-0.553,-0.877,0.0,2.0,,19.485,19.87,107.16
2025-09-05T00:22:48.814Z,9,GR86-033-46,,-50.0,33.535438537597656,-86.61830139160156,-0.554,-0.869,0.0,2.0,,19.79,20.295,
2025-09-05T00:22:48.857Z,9,GR86-033-46,,-42.900000000000006,33.535438537597656,-86.61830139160156,-0.542,-0.897,0.01,2.0,,16.555,17.365000000000002,
2025-09-05T00:22:48.900Z,9,GR86-033-46,,-34.300000000000004,33.53546142578125,-86.61829376220703,-0.356,-0.896,0.0,2.0,,6.575,7.140000000000001,
2025-09-05T00:22:48.943Z,9,GR86-033-46,381.0,-32.1,33.53546142578125,-86.61829376220703,-0.237,-0.947,0.0,2.0,5799.0,0.0,0.0,
2025-09-05T00:22:48.986Z,9,GR86-033-46,,-31.8,33.53546142578125,-86.61829376220703,-0.188,-1.001,0.0,2.0,,0.0,0.0,105.04
2025-09-05T00:22:49.030Z,9,GR86-033-46,,-31.0,33.535484313964844,-86.61829376220703,-0.182,-1.015,0.0,2.0,,0.0,0.0,
2025-09-05T00:22:49.073Z,9,GR86-033-46,,-29.8,33.535484313964844,-86.61829376220703,-0.159,-1.085,0.0,2.0,,0.0,0.0,
2025-09-05T00:22:49.116Z,9,GR86-033-46,,-30.0,33.53550720214844,-86.6182861328125,-0.16,-1.064,0.0,2.0,,0.0,0.0,
2025-09-05T00:22:49.160Z,9,GR86-033-46,386.0,-36.2,33.53550720214844,-86.6182861328125,-0.167,-1.128,0.0,2.0,5489.0,0.0,0.0,
2025-09-05T00:22:49.204Z,9,GR86-033-46,,-42.7,33.5355339050293,-86.61827850341797,-0.154,-1.134,0.0,2.0,,0.0,0.0,102.32
2025-09-05T00:22:49.247Z,9,GR86-033-46,,-49.7,33.5355339050293,-86.61827850341797,-0.174,-1.171,0.0,2.0,,0.0,0.0,
2025-09-05T00:22:49.290Z,9,GR86-033-46,,-55.400000000000006,33.5355339050293,-86.61827850341797,-0.158,-1.121,0.0,2.0,,0.0,0.0,
2025-09-05T00:22:49.333Z,9,GR86-033-46,,-56.900000000000006,33.53555679321289,-86.61827850341797,-0.164,-1.118,0.0,2.0,,0.0,0.0,
2025-09-05T00:22:49.376Z,9,GR86-033-46,392.0,-54.3,33.53555679321289,-86.61827850341797,-0.163,-1.101,0.0,2.0,5371.0,0.0,0.0,
2025-09-05T00:22:49.419Z,9,GR86-033-46,,-49.2,33.53557586669922,-86.6182632446289,-0.186,-1.131,0.0,2.0,,0.0,0.0,99.27
2025-09-05T00:22:49.462Z,9,GR86-033-46,,-40.400000000000006,33.53557586669922,-86.6182632446289,-0.18,-1.134,0.0,2.0,,0.0,0.0,
2025-09-05T00:22:49.505Z,9,GR86-033-46,,-34.6,33.53559875488281,-86.61825561523438,-0.167,-1.136,0.0,2.0,,0.0,0.0,
2025-09-05T00:22:49.548Z,9,GR86-033-46,,-28.700000000000003,33.53559875488281,-86.61825561523438,-0.163,-1.118,0.0,2.0,,0.0,0.0,
2025-09-05T00:22:49.591Z,9,GR86-033-46,397.0,-23.1,33.53559875488281,-86.61825561523438,-0.171,-1.111,0.0,2.0,5320.0,0.0,0.0,
2025-09-05T00:22:49.634Z,9,GR86-033-46,,-20.4,33.535621643066406,-86.61824798583984,-0.147,-1.044,0.0,2.0,,0.0,0.0,95.37
2025-09-05T00:22:49.677Z,9,GR86-033-46,,-23.1,33.535621643066406,-86.61824798583984,-0.139,-1.037,0.02,2.0,,0.0,0.0,
2025-09-05T00:22:49.722Z,9,GR86-033-46,,-39.1,33.535640716552734,-86.61823272705078,-0.153,-1.074,0.0,2.0,,0.0,0.0,
2025-09-05T00:22:49.765Z,9,GR86-033-46,,-53.5,33.535640716552734,-86.61823272705078,-0.173,-1.087,0.0,2.0,,0.0,0.0,
2025-09-05T00:22:49.808Z,9,GR86-033-46,402.0,-65.3,33.53565979003906,-86.61822509765625,-0.173,-1.148,0.0,2.0,5211.0,0.0,0.0,
2025-09-05T00:22:49.852Z,9,GR86-033-46,,-72.0,33.53565979003906,-86.61822509765625,-0.182,-1.155,0.0,2.0,,0.0,0.0,94.03
2025-09-05T00:22:49.895Z,9,GR86-033-46,,-75.4,33.53565979003906,-86.61822509765625,-0.188,-1.187,0.0,2.0,,0.0,0.0,
2025-09-05T00:22:49.938Z,9,GR86-033-46,,-77.30000000000001,33.53567886352539,-86.61820983886719,-0.204,-1.158,0.0,2.0,,0.0,0.0,
2025-09-05T00:22:49.982Z,9,GR86-033-46,,-78.10000000000001,33.53567886352539,-86.61820983886719,-0.208,-1.195,0.0,2.0,,0.0,0.0,
2025-09-05T00:22:50.025Z,9,GR86-033-46,412.0,-78.0,33.53569793701172,-86.61819458007812,-0.194,-1.159,0.0,2.0,5079.0,0.0,0.0,
2025-09-05T00:22:50.068Z,9,GR86-033-46,,-78.0,33.53569793701172,-86.61819458007812,-0.189,-1.2,0.0,2.0,,0.0,0.0,92.58
2025-09-05T00:22:50.111Z,9,GR86-033-46,,-78.0,33.53571701049805,-86.61817932128906,-0.194,-1.155,0.0,2.0,,0.0,0.0,
2025-09-05T00:22:50.154Z,9,GR86-033-46,,-78.0,33.53571701049805,-86.61817932128906,-0.189,-1.156,0.18,2.0,,0.0,0.0,
2025-09-05T00:22:50.197Z,9,GR86-033-46,,-77.60000000000001,33.53571701049805,-86.61817932128906,-0.201,-1.195,5.09,2.0,,0.0,0.0,
2025-09-05T00:22:50.240Z,9,GR86-033-46,417.0,-77.30000000000001,33.53573226928711,-86.6181640625,-0.209,-1.193,14.36,2.0,5002.0,0.0,0.0,
2025-09-05T00:22:50.285Z,9,GR86-033-46,,-77.30000000000001,33.53573226928711,-86.6181640625,-0.191,-1.221,13.81,2.0,,0.0,0.0,91.07
2025-09-05T00:22:50.328Z,9,GR86-033-46,,-77.30000000000001,33.53574752807617,-86.61814880371094,-0.168,-1.194,13.71,2.0,,0.0,0.0,
2025-09-05T00:22:50.371Z,9,GR86-033-46,,-77.30000000000001,33.53574752807617,-86.61814880371094,-0.119,-1.196,17.54,2.0,,0.0,0.0,
2025-09-05T00:22:50.414Z,9,GR86-033-46,,-77.10000000000001,33.5357666015625,-86.61813354492188,-0.131,-1.2,28.41,2.0,,0.0,0.0,
2025-09-05T00:22:50.457Z,9,GR86-033-46,422.0,-75.8,33.5357666015625,-86.61813354492188,-0.097,-1.158,48.16,2.0,4924.0,0.0,0.0,
2025-09-05T00:22:50.500Z,9,GR86-033-46,,-70.60000000000001,33.5357780456543,-86.61811065673828,0.088,-1.159,64.95,2.0,,0.0,0.0,90.04
2025-09-05T00:22:50.543Z,9,GR86-033-46,,-63.6,33.5357780456543,-86.61811065673828,0.104,-1.141,74.87,2.0,,0.0,0.0,
2025-09-05T00:22:50.586Z,9,GR86-033-46,,-57.3,33.5357780456543,-86.61811065673828,0.147,-1.084,80.91,2.0,,0.0,0.0,
2025-09-05T00:22:50.629Z,9,GR86-033-46,,-55.400000000000006,33.53579330444336,-86.61809539794922,0.212,-1.081,81.06,2.0,,0.0,0.0,
2025-09-05T00:22:50.672Z,9,GR86-033-46,427.0,-57.7,33.53579330444336,-86.61809539794922,0.227,-1.096,80.24,2.0,5102.0,0.0,0.0,
2025-09-05T00:22:50.715Z,9,GR86-033-46,,-62.8,33.53580474853516,-86.61807250976562,0.237,-1.067,80.21000000000001,2.0,,0.0,0.0,88.92
2025-09-05T00:22:50.758Z,9,GR86-033-46,,-68.0,33.53580474853516,-86.61807250976562,0.19,-1.079,83.92,2.0,,0.0,0.0,
2025-09-05T00:22:50.801Z,9,GR86-033-46,,-71.10000000000001,33.53581619262695,-86.61804962158203,0.2,-1.127,96.42,2.0,,0.0,0.0,
2025-09-05T00:22:50.844Z,9,GR86-033-46,,-69.7,33.53581619262695,-86.61804962158203,0.212,-1.117,100.0,2.0,,0.0,0.0,
2025-09-05T00:22:50.887Z,9,GR86-033-46,432.0,-67.2,33.53581619262695,-86.61804962158203,0.222,-1.127,100.0,2.0,5268.0,0.0,0.0,
2025-09-05T00:22:50.930Z,9,GR86-033-46,,-65.0,33.53582763671875,-86.61802673339844,0.221,-1.159,100.0,2.0,,0.0,0.0,88.15
2025-09-05T00:22:50.973Z,9,GR86-033-46,,-63.2,33.53582763671875,-86.61802673339844,0.222,-1.175,100.0,2.0,,0.0,0.0,
2025-09-05T00:22:51.016Z,9,GR86-033-46,,-61.1,33.53583908081055,-86.61800384521484,0.208,-1.182,100.0,2.0,,0.0,0.0,
2025-09-05T00:22:51.059Z,9,GR86-033-46,,-57.6,33.53583908081055,-86.61800384521484,0.209,-1.174,100.0,2.0,,0.0,0.0,
2025-09-05T00:22:51.102Z,9,GR86-033-46,437.0,-53.400000000000006,33.535850524902344,-86.61798095703125,0.248,-1.109,100.0,2.0,5356.0,0.0,0.0,
2025-09-05T00:22:51.145Z,9,GR86-033-46,,-54.400000000000006,33.535850524902344,-86.61798095703125,0.227,-1.081,100.0,2.0,,0.0,0.0,88.96000000000001
2025-09-05T00:22:51.188Z,9,GR86-033-46,,-58.7,33.535850524902344,-86.61798095703125,0.224,-1.07,100.0,2.0,,0.0,0.0,
2025-09-05T00:22:51.231Z,9,GR86-033-46,,-65.60000000000001,33.535858154296875,-86.61795043945312,0.207,-1.067,100.0,2.0,,0.0,0.0,
2025-09-05T00:22:51.274Z,9,GR86-033-46,,-68.8,33.535858154296875,-86.61795043945312,0.209,-1.124,100.0,2.0,,0.0,0.0,
2025-09-05T00:22:51.317Z,9,GR86-033-46,442.0,-71.10000000000001,33.535865783691406,-86.61792755126953,0.202,-1.109,100.0,2.0,5426.0,0.0,0.0,
2025-09-05T00:22:51.360Z,9,GR86-033-46,,-73.0,33.535865783691406,-86.61792755126953,0.218,-1.124,100.0,2.0,,0.0,0.0,90.57
2025-09-05T00:22:51.403Z,9,GR86-033-46,,-73.4,33.53586959838867,-86.6178970336914,0.24,-1.16,100.0,2.0,,0.0,0.0,
2025-09-05T00:22:51.446Z,9,GR86-033-46,,-72.60000000000001,33.53586959838867,-86.6178970336914,0.212,-1.126,100.0,2.0,,0.0,0.0,
2025-09-05T00:22:51.489Z,9,GR86-033-46,,-69.9,33.53586959838867,-86.6178970336914,0.208,-1.151,100.0,2.0,,0.0,0.0,
2025-09-05T00:22:51.532Z,9,GR86-033-46,447.0,-64.0,33.5358772277832,-86.61786651611328,0.211,-1.077,100.0,2.0,5511.0,0.0,0.0,
2025-09-05T00:22:51.575Z,9,GR86-033-46,,-60.0,33.5358772277832,-86.61786651611328,0.208,-1.079,100.0,2.0,,0.0,0.0,92.45
2025-09-05T00:22:51.619Z,9,GR86-033-46,,-55.2,33.53588104248047,-86.61784362792969,0.219,-1.058,100.0,2.0,,0.0,0.0,
2025-09-05T00:22:51.662Z,9,GR86-033-46,,-53.2,33.53588104248047,-86.61784362792969,0.213,-1.066,100.0,2.0,,0.0,0.0,
2025-09-05T00:22:51.705Z,9,GR86-033-46,,-57.6,33.535884857177734,-86.61781311035156,0.229,-1.086,100.0,2.0,,0.0,0.0,
2025-09-05T00:22:51.748Z,9,GR86-033-46,453.0,-66.0,33.535884857177734,-86.61781311035156,0.235,-1.074,100.0,2.0,5609.0,0.0,0.0,
2025-09-05T00:22:51.791Z,9,GR86-033-46,,-74.5,33.535884857177734,-86.61781311035156,0.21,-1.092,100.0,2.0,,0.0,0.0,94.21
2025-09-05T00:22:51.834Z,9,GR86-033-46,,-80.10000000000001,33.535888671875,-86.61778259277344,0.205,-1.054,100.0,2.0,,0.0,0.0,
2025-09-05T00:22:51.877Z,9,GR86-033-46,,-81.10000000000001,33.535888671875,-86.61778259277344,0.167,-1.087,73.63,2.0,,0.0,0.0,
2025-09-05T00:22:51.921Z,9,GR86-033-46,,-82.80000000000001,33.535888671875,-86.61775207519531,0.172,-1.093,18.97,2.0,,0.0,0.0,
2025-09-05T00:22:51.965Z,9,GR86-033-46,458.0,-84.5,33.535888671875,-86.61775207519531,0.171,-1.077,0.09,2.0,5692.0,0.0,0.0,
2025-09-05T00:22:52.008Z,9,GR86-033-46,,-85.60000000000001,33.535888671875,-86.61772155761719,0.105,-1.122,0.09,2.0,,0.0,0.0,96.2
2025-09-05T00:22:52.051Z,9,GR86-033-46,,-85.7,33.535888671875,-86.61772155761719,-0.074,-1.149,20.34,2.0,,0.0,0.0,
2025-09-05T00:22:52.094Z,9,GR86-033-46,,-85.7,33.535888671875,-86.61772155761719,-0.164,-1.141,48.75,2.0,,0.0,0.0,
2025-09-05T00:22:52.137Z,9,GR86-033-46,,-85.7,33.535888671875,-86.61769104003906,-0.295,-1.18,84.43,2.0,,0.0,0.0,
2025-09-05T00:22:52.180Z,9,GR86-033-46,464.0,-85.60000000000001,33.535888671875,-86.61769104003906,-0.154,-1.205,100.0,2.0,5779.0,0.0,0.0,
2025-09-05T00:22:52.224Z,9,GR86-033-46,,-85.4,33.535888671875,-86.61766052246094,-0.164,-1.24,100.0,2.0,,0.0,0.0,100.53
2025-09-05T00:22:52.267Z,9,GR86-033-46,,-84.30000000000001,33.535888671875,-86.61766052246094,0.224,-1.229,100.0,2.0,,0.0,0.0,
2025-09-05T00:22:52.310Z,9,GR86-033-46,,-84.0,33.535884857177734,-86.61763000488281,0.291,-1.163,100.0,2.0,,0.0,0.0,
2025-09-05T00:22:52.353Z,9,GR86-033-46,,-83.5,33.535884857177734,-86.61763000488281,0.309,-1.125,100.0,2.0,,0.0,0.0,
2025-09-05T00:22:52.396Z,9,GR86-033-46,469.0,-81.0,33.535884857177734,-86.61763000488281,0.243,-1.164,100.0,2.0,5787.0,0.0,0.0,
2025-09-05T00:22:52.439Z,9,GR86-033-46,,-73.2,33.53588104248047,-86.61759948730469,0.162,-1.23,100.0,2.0,,0.0,0.0,102.01
2025-09-05T00:22:52.482Z,9,GR86-033-46,,-61.900000000000006,33.53588104248047,-86.61759948730469,0.161,-1.307,100.0,2.0,,0.0,0.0,
2025-09-05T00:22:52.525Z,9,GR86-033-46,,-53.7,33.5358772277832,-86.61756896972656,0.19,-1.324,100.0,2.0,,0.0,0.0,
2025-09-05T00:22:52.568Z,9,GR86-033-46,,-49.900000000000006,33.5358772277832,-86.61756896972656,0.191,-1.297,100.0,2.0,,0.0,0.0,
2025-09-05T00:22:52.611Z,9,GR86-033-46,475.0,-52.6,33.53586959838867,-86.61753845214844,0.247,-1.292,100.0,2.0,6049.0,0.0,0.0,
2025-09-05T00:22:52.654Z,9,GR86-033-46,,-60.5,33.53586959838867,-86.61753845214844,0.221,-1.237,100.0,2.0,,0.0,0.0,102.43
2025-09-05T00:22:52.697Z,9,GR86-033-46,,-72.60000000000001,33.53586959838867,-86.61753845214844,0.21,-1.239,100.0,2.0,,0.0,0.0,
2025-09-05T00:22:52.740Z,9,GR86-033-46,,-79.80000000000001,33.53586196899414,-86.61751556396484,0.184,-1.206,100.0,2.0,,0.0,0.0,
2025-09-05T00:22:52.783Z,9,GR86-033-46,,-79.10000000000001,33.53586196899414,-86.61751556396484,0.193,-1.2,100.0,2.0,,0.0,0.0,
2025-09-05T00:22:52.826Z,9,GR86-033-46,487.0,-77.80000000000001,33.53585433959961,-86.61748504638672,0.193,-1.189,100.0,2.0,6151.0,0.0,0.0,
2025-09-05T00:22:52.869Z,9,GR86-033-46,,-78.60000000000001,33.53585433959961,-86.61748504638672,0.208,-1.13,100.0,2.0,,0.0,0.0,104.34
2025-09-05T00:22:52.912Z,9,GR86-033-46,,-81.5,33.53584671020508,-86.6174545288086,0.176,-1.101,100.0,2.0,,0.0,0.0,
2025-09-05T00:22:52.955Z,9,GR86-033-46,,-83.30000000000001,33.53584671020508,-86.6174545288086,0.18,-1.098,100.0,2.0,,0.0,0.0,
2025-09-05T00:22:52.999Z,9,GR86-033-46,,-83.60000000000001,33.53584671020508,-86.6174545288086,0.172,-1.073,100.0,2.0,,0.0,0.0,
2025-09-05T00:22:53.042Z,9,GR86-033-46,493.0,-83.60000000000001,33.53583526611328,-86.61742401123047,0.163,-1.142,100.0,2.0,6228.0,0.0,0.0,
2025-09-05T00:22:53.085Z,9,GR86-033-46,,-83.7,33.53583526611328,-86.61742401123047,0.141,-1.253,100.0,2.0,,0.0,0.0,106.02
2025-09-05T00:22:53.128Z,9,GR86-033-46,,-83.7,33.535823822021484,-86.61739349365234,0.158,-1.248,100.0,2.0,,0.0,0.0,
2025-09-05T00:22:53.171Z,9,GR86-033-46,,-83.0,33.535823822021484,-86.61739349365234,0.149,-1.279,100.0,2.0,,0.0,0.0,
2025-09-05T00:22:53.215Z,9,GR86-033-46,,-80.60000000000001,33.53581237792969,-86.61736297607422,0.191,-1.236,100.0,2.0,,0.0,0.0,
2025-09-05T00:22:53.258Z,9,GR86-033-46,499.0,-75.9,33.53581237792969,-86.61736297607422,0.162,-1.255,100.0,2.0,6329.0,0.0,0.0,
2025-09-05T00:22:53.302Z,9,GR86-033-46,,-67.3,33.535797119140625,-86.6173324584961,0.159,-1.179,100.0,2.0,,0.0,0.0,107.97
2025-09-05T00:22:53.345Z,9,GR86-033-46,,-63.5,33.535797119140625,-86.6173324584961,0.182,-1.18,100.0,2.0,,0.0,0.0,
2025-09-05T00:22:53.388Z,9,GR86-033-46,,-64.0,33.535797119140625,-86.6173324584961,0.208,-1.119,100.0,2.0,,0.0,0.0,
2025-09-05T00:22:53.432Z,9,GR86-033-46,,-67.7,33.53578186035156,-86.6173095703125,0.157,-1.135,100.0,2.0,,0.0,0.0,
2025-09-05T00:22:53.475Z,9,GR86-033-46,505.0,-71.0,33.53578186035156,-86.6173095703125,0.192,-1.133,100.0,2.0,6452.0,0.0,0.0,
2025-09-05T00:22:53.519Z,9,GR86-033-46,,-73.0,33.5357666015625,-86.61727905273438,0.192,-1.131,100.0,2.0,,0.0,0.0,110.37
2025-09-05T00:22:53.562Z,9,GR86-033-46,,-73.5,33.5357666015625,-86.61727905273438,0.182,-1.111,100.0,2.0,,0.0,0.0,
2025-09-05T00:22:53.605Z,9,GR86-033-46,,-73.5,33.53575134277344,-86.61725616455078,0.153,-1.123,100.0,2.0,,0.0,0.0,
2025-09-05T00:22:53.648Z,9,GR86-033-46,,-73.10000000000001,33.53575134277344,-86.61725616455078,0.191,-1.131,100.0,2.0,,0.0,0.0,
2025-09-05T00:22:53.691Z,9,GR86-033-46,511.0,-72.8,33.53575134277344,-86.61725616455078,0.161,-1.201,100.0,2.0,6560.0,0.0,0.0,
2025-09-05T00:22:53.734Z,9,GR86-033-46,,-72.8,33.53573226928711,-86.61722564697266,0.153,-1.223,100.0,2.0,,0.0,0.0,112.19
2025-09-05T00:22:53.779Z,9,GR86-033-46,,-72.8,33.53573226928711,-86.61722564697266,0.187,-1.251,100.0,2.0,,0.0,0.0,
2025-09-05T00:22:53.822Z,9,GR86-033-46,,-71.10000000000001,33.53571319580078,-86.61720275878906,0.173,-1.326,100.0,2.0,,0.0,0.0,
2025-09-05T00:22:53.865Z,9,GR86-033-46,,-67.7,33.53571319580078,-86.61720275878906,0.163,-1.317,100.0,2.0,,0.0,0.0,
2025-09-05T00:22:53.908Z,9,GR86-033-46,518.0,-64.0,33.53571319580078,-86.61720275878906,0.18,-1.293,100.0,2.0,6671.0,0.0,0.0,
2025-09-05T00:22:53.951Z,9,GR86-033-46,,-62.6,33.53569412231445,-86.61717987060547,0.184,-1.281,100.0,2.0,,0.0,0.0,113.94
2025-09-05T00:22:53.994Z,9,GR86-033-46,,-63.5,33.53569412231445,-86.61717987060547,0.155,-1.319,100.0,2.0,,0.0,0.0,
2025-09-05T00:22:54.037Z,9,GR86-033-46,,-65.0,33.535675048828125,-86.61715698242188,0.171,-1.311,100.0,2.0,,0.0,0.0,
2025-09-05T00:22:54.080Z,9,GR86-033-46,,-65.3,33.535675048828125,-86.61715698242188,0.176,-1.324,100.0,2.0,,0.0,0.0,
2025-09-05T00:22:54.123Z,9,GR86-033-46,524.0,-63.8,33.5356559753418,-86.61713409423828,0.193,-1.331,100.0,2.0,6812.0,0.0,0.0,
2025-09-05T00:22:54.166Z,9,GR86-033-46,,-61.400000000000006,33.5356559753418,-86.61713409423828,0.18,-1.281,100.0,2.0,,0.0,0.0,116.09
2025-09-05T00:22:54.209Z,9,GR86-033-46,,-59.5,33.5356330871582,-86.61711120605469,0.174,-1.334,100.0,2.0,,0.0,0.0,
2025-09-05T00:22:54.252Z,9,GR86-033-46,,-59.3,33.5356330871582,-86.61711120605469,0.19,-1.319,100.0,2.0,,0.0,0.0,
2025-09-05T00:22:54.295Z,9,GR86-033-46,,-60.3,33.5356330871582,-86.61711120605469,0.175,-1.329,100.0,2.0,,0.0,0.0,
2025-09-05T00:22:54.338Z,9,GR86-033-46,531.0,-60.8,33.53561019897461,-86.6170883178711,0.179,-1.335,100.0,2.0,6907.0,0.0,0.0,
2025-09-05T00:22:54.381Z,9,GR86-033-46,,-60.0,33.53561019897461,-86.6170883178711,0.188,-1.293,100.0,2.0,,0.0,0.0,118.2
2025-09-05T00:22:54.425Z,9,GR86-033-46,,-58.6,33.535587310791016,-86.6170654296875,0.203,-1.261,100.0,2.0,,0.0,0.0,
2025-09-05T00:22:54.468Z,9,GR86-033-46,,-57.6,33.535587310791016,-86.6170654296875,0.187,-1.236,100.0,2.0,,0.0,0.0,
2025-09-05T00:22:54.511Z,9,GR86-033-46,,-57.900000000000006,33.53556060791016,-86.61705017089844,0.172,-1.216,100.0,2.0,,0.0,0.0,
2025-09-05T00:22:54.554Z,9,GR86-033-46,538.0,-58.7,33.53556060791016,-86.61705017089844,0.211,-1.18,100.0,2.0,7005.0,0.0,0.0,
2025-09-05T00:22:54.597Z,9,GR86-033-46,,-59.0,33.53556060791016,-86.61705017089844,0.198,-1.182,100.0,2.0,,0.0,0.0,120.01
2025-09-05T00:22:54.640Z,9,GR86-033-46,,-58.3,33.5355339050293,-86.61702728271484,0.198,-1.209,100.0,2.0,,0.0,0.0,
2025-09-05T00:22:54.684Z,9,GR86-033-46,,-57.1,33.5355339050293,-86.61702728271484,0.146,-1.242,100.0,2.0,,0.0,0.0,
2025-09-05T00:22:54.728Z,9,GR86-033-46,,-55.6,33.53550720214844,-86.61701202392578,0.192,-1.22,100.0,2.0,,0.0,0.0,
2025-09-05T00:22:54.771Z,9,GR86-033-46,545.0,-53.900000000000006,33.53550720214844,-86.61701202392578,0.21,-1.193,100.0,2.0,7067.0,0.0,0.0,
2025-09-05T00:22:54.814Z,9,GR86-033-46,,-53.2,33.53548049926758,-86.61699676513672,0.184,-1.16,100.0,2.0,,0.0,0.0,121.94
2025-09-05T00:22:54.857Z,9,GR86-033-46,,-53.2,33.53548049926758,-86.61699676513672,0.18,-1.177,100.0,2.0,,0.0,0.0,
2025-09-05T00:22:54.900Z,9,GR86-033-46,,-53.900000000000006,33.53545379638672,-86.61698150634766,0.153,-1.158,100.0,2.0,,0.0,0.0,
2025-09-05T00:22:54.943Z,9,GR86-033-46,,-54.0,33.53545379638672,-86.61698150634766,-0.001,-1.086,100.0,3.0,,0.0,0.0,
2025-09-05T00:22:54.986Z,9,GR86-033-46,551.0,-53.2,33.53545379638672,-86.61698150634766,0.021,-1.115,100.0,3.0,7172.0,0.0,0.0,
2025-09-05T00:22:55.029Z,9,GR86-033-46,,-49.7,33.53542709350586,-86.61697387695312,0.369,-1.146,100.0,3.0,,0.0,0.0,124.45
2025-09-05T00:22:55.072Z,9,GR86-033-46,,-45.3,33.53542709350586,-86.61697387695312,0.347,-1.29,100.0,3.0,,0.0,0.0,
2025-09-05T00:22:55.115Z,9,GR86-033-46,,-38.7,33.535396575927734,-86.61695861816406,0.356,-1.139,100.0,3.0,,0.0,0.0,
2025-09-05T00:22:55.158Z,9,GR86-033-46,,-32.800000000000004,33.535396575927734,-86.61695861816406,0.176,-1.226,100.0,3.0,,0.0,0.0,
2025-09-05T00:22:55.201Z,9,GR86-033-46,558.0,-33.7,33.535369873046875,-86.616943359375,0.092,-1.069,100.0,3.0,7263.0,0.0,0.0,
2025-09-05T00:22:55.244Z,9,GR86-033-46,,-38.6,33.535369873046875,-86.616943359375,0.174,-0.977,100.0,3.0,,0.0,0.0,126.02
2025-09-05T00:22:55.287Z,9,GR86-033-46,,-43.6,33.535369873046875,-86.616943359375,0.243,-0.905,100.0,3.0,,0.0,0.0,
2025-09-05T00:22:55.330Z,9,GR86-033-46,,-48.1,33.535335540771484,-86.61693572998047,0.222,-0.794,100.0,3.0,,0.0,0.0,
2025-09-05T00:22:55.373Z,9,GR86-033-46,,-50.2,33.535335540771484,-86.61693572998047,0.142,-0.783,100.0,3.0,,0.0,0.0,
2025-09-05T00:22:55.416Z,9,GR86-033-46,566.0,-48.400000000000006,33.53530502319336,-86.61692810058594,0.137,-0.766,100.0,3.0,6635.0,0.0,0.0,
2025-09-05T00:22:55.502Z,9,GR86-033-46,,-43.1,33.53530502319336,-86.61692810058594,0.162,-0.8160000000000001,100.0,3.0,,0.0,0.0,127.89
2025-09-05T00:22:55.545Z,9,GR86-033-46,,-28.1,33.535274505615234,-86.6169204711914,0.214,-0.861,100.0,3.0,,0.0,0.0,
2025-09-05T00:22:55.631Z,9,GR86-033-46,580.0,-27.5,33.535274505615234,-86.6169204711914,0.163,-0.933,100.0,3.0,6097.0,0.0,0.0,
2025-09-05T00:22:55.674Z,9,GR86-033-46,,-34.1,33.53524398803711,-86.6169204711914,0.186,-0.888,100.0,3.0,,0.0,0.0,129.09
2025-09-05T00:22:55.717Z,9,GR86-033-46,,-35.7,33.53520965576172,-86.61691284179688,0.172,-0.8190000000000001,100.0,3.0,,0.0,0.0,
2025-09-05T00:22:55.760Z,9,GR86-033-46,,-31.200000000000003,33.53520965576172,-86.61691284179688,0.148,-0.892,100.0,3.0,,0.0,0.0,
2025-09-05T00:22:55.803Z,9,GR86-033-46,,-26.6,33.535179138183594,-86.61691284179688,0.159,-0.905,100.0,3.0,,0.0,0.0,
2025-09-05T00:22:55.846Z,9,GR86-033-46,587.0,-25.5,33.535179138183594,-86.61691284179688,0.189,-0.97,100.0,3.0,6185.0,0.0,0.0,
2025-09-05T00:22:55.889Z,9,GR86-033-46,,-27.1,33.535179138183594,-86.61691284179688,0.226,-0.997,100.0,3.0,,0.0,0.0,130.38
2025-09-05T00:22:55.932Z,9,GR86-033-46,,-28.1,33.5351448059082,-86.61690521240234,0.205,-1.033,100.0,3.0,,0.0,0.0,
2025-09-05T00:22:55.975Z,9,GR86-033-46,,-28.1,33.5351448059082,-86.61690521240234,0.167,-1.073,100.0,3.0,,0.0,0.0,
2025-09-05T00:22:56.018Z,9,GR86-033-46,,-28.9,33.53511428833008,-86.61690521240234,0.148,-1.096,100.0,3.0,,0.0,0.0,
2025-09-05T00:22:56.061Z,9,GR86-033-46,595.0,-31.9,33.53511428833008,-86.61690521240234,0.163,-1.044,100.0,3.0,6336.0,0.0,0.0,
2025-09-05T00:22:56.104Z,9,GR86-033-46,,-33.0,33.53507995605469,-86.61690521240234,0.174,-1.005,100.0,3.0,,0.0,0.0,131.4
2025-09-05T00:22:56.148Z,9,GR86-033-46,,-33.7,33.53507995605469,-86.61690521240234,0.171,-1.125,100.0,3.0,,0.0,0.0,
2025-09-05T00:22:56.191Z,9,GR86-033-46,,-34.4,33.53507995605469,-86.61690521240234,0.189,-1.027,100.0,3.0,,0.0,0.0,
2025-09-05T00:22:56.234Z,9,GR86-033-46,,-34.6,33.5350456237793,-86.61690521240234,0.158,-0.934,100.0,3.0,,0.0,0.0,
2025-09-05T00:22:56.277Z,9,GR86-033-46,602.0,-34.5,33.5350456237793,-86.61690521240234,0.133,-0.834,100.0,3.0,6309.0,0.0,0.0,
2025-09-05T00:22:56.322Z,9,GR86-033-46,,-34.800000000000004,33.53501510620117,-86.61690521240234,0.13,-0.7020000000000001,100.0,3.0,,0.0,0.0,133.14
2025-09-05T00:22:56.365Z,9,GR86-033-46,,-35.5,33.53501510620117,-86.61690521240234,0.167,-0.781,100.0,3.0,,0.0,0.0,
2025-09-05T00:22:56.408Z,9,GR86-033-46,,-37.1,33.53498077392578,-86.61690521240234,0.182,-0.799,100.0,3.0,,0.0,0.0,
2025-09-05T00:22:56.452Z,9,GR86-033-46,,-39.0,33.53498077392578,-86.61690521240234,0.176,-0.803,100.0,3.0,,0.0,0.0,
2025-09-05T00:22:56.495Z,9,GR86-033-46,610.0,-40.3,33.53498077392578,-86.61690521240234,0.167,-0.761,100.0,3.0,6319.0,0.0,0.0,
2025-09-05T00:22:56.538Z,9,GR86-033-46,,-40.3,33.53494644165039,-86.61691284179688,0.129,-0.788,100.0,3.0,,0.0,0.0,134.96
2025-09-05T00:22:56.582Z,9,GR86-033-46,,-36.7,33.53494644165039,-86.61691284179688,0.143,-0.859,100.0,3.0,,0.0,0.0,
2025-09-05T00:22:56.625Z,9,GR86-033-46,,-34.1,33.534912109375,-86.6169204711914,0.134,-0.882,100.0,3.0,,0.0,0.0,
2025-09-05T00:22:56.668Z,9,GR86-033-46,,-30.6,33.534912109375,-86.6169204711914,0.247,-0.892,100.0,3.0,,0.0,0.0,
2025-09-05T00:22:56.711Z,9,GR86-033-46,617.0,-29.1,33.534881591796875,-86.6169204711914,0.146,-0.795,100.0,3.0,6400.0,0.0,0.0,
2025-09-05T00:22:56.754Z,9,GR86-033-46,,-29.6,33.534881591796875,-86.6169204711914,0.248,-0.987,100.0,3.0,,0.0,0.0,136.16
2025-09-05T00:22:56.797Z,9,GR86-033-46,,-31.700000000000003,33.534881591796875,-86.6169204711914,0.171,-0.788,100.0,3.0,,0.0,0.0,
2025-09-05T00:22:56.840Z,9,GR86-033-46,,-33.800000000000004,33.534847259521484,-86.61692810058594,0.103,-0.549,100.0,3.0,,0.0,0.0,
2025-09-05T00:22:56.885Z,9,GR86-033-46,,-33.4,33.534847259521484,-86.61692810058594,0.182,-0.512,100.0,3.0,,0.0,0.0,
2025-09-05T00:22:56.928Z,9,GR86-033-46,625.0,-31.200000000000003,33.534812927246094,-86.61693572998047,0.188,-0.543,100.0,3.0,6449.0,0.0,0.0,
2025-09-05T00:22:56.971Z,9,GR86-033-46,,-28.9,33.534812927246094,-86.61693572998047,0.162,-0.628,100.0,3.0,,0.0,0.0,137.04
2025-09-05T00:22:57.014Z,9,GR86-033-46,,-28.200000000000003,33.53478240966797,-86.616943359375,0.204,-0.7000000000000001,100.0,3.0,,0.0,0.0,
2025-09-05T00:22:57.057Z,9,GR86-033-46,,-29.8,33.53478240966797,-86.616943359375,0.202,-0.891,100.0,3.0,,0.0,0.0,
2025-09-05T00:22:57.100Z,9,GR86-033-46,,-33.300000000000004,33.53474807739258,-86.61695098876953,0.172,-0.93,100.0,3.0,,0.0,0.0,
2025-09-05T00:22:57.143Z,9,GR86-033-46,633.0,-34.1,33.53474807739258,-86.61695098876953,0.203,-0.895,100.0,3.0,6434.0,0.0,0.0,
2025-09-05T00:22:57.186Z,9,GR86-033-46,,-34.1,33.53474807739258,-86.61695098876953,0.2,-0.783,100.0,3.0,,0.0,0.0,138.06
2025-09-05T00:22:57.229Z,9,GR86-033-46,,-33.800000000000004,33.53471755981445,-86.6169662475586,0.164,-0.725,100.0,3.0,,0.0,0.0,
2025-09-05T00:22:57.272Z,9,GR86-033-46,,-33.800000000000004,33.53471755981445,-86.6169662475586,0.165,-0.675,100.0,3.0,,0.0,0.0,
2025-09-05T00:22:57.315Z,9,GR86-033-46,,-33.800000000000004,33.53468322753906,-86.61697387695312,0.186,-0.731,100.0,3.0,,0.0,0.0,
2025-09-05T00:22:57.358Z,9,GR86-033-46,640.0,-33.6,33.53468322753906,-86.61697387695312,0.208,-0.78,100.0,3.0,6526.0,0.0,0.0,
2025-09-05T00:22:57.401Z,9,GR86-033-46,,-32.300000000000004,33.53464889526367,-86.61698913574219,0.174,-0.776,100.0,3.0,,0.0,0.0,138.85
2025-09-05T00:22:57.444Z,9,GR86-033-46,,-32.0,33.53464889526367,-86.61698913574219,0.203,-0.773,100.0,3.0,,0.0,0.0,
2025-09-05T00:22:57.487Z,9,GR86-033-46,,-31.8,33.53464889526367,-86.61698913574219,0.206,-0.749,100.0,3.0,,0.0,0.0,
2025-09-05T00:22:57.530Z,9,GR86-033-46,,-30.9,33.53461837768555,-86.61699676513672,0.185,-0.794,100.0,3.0,,0.0,0.0,
2025-09-05T00:22:57.573Z,9,GR86-033-46,648.0,-28.5,33.53461837768555,-86.61699676513672,0.192,-0.779,100.0,3.0,6517.0,0.0,0.0,
2025-09-05T00:22:57.616Z,9,GR86-033-46,,-25.200000000000003,33.53458786010742,-86.61701202392578,0.197,-0.709,100.0,3.0,,0.0,0.0,139.86
2025-09-05T00:22:57.659Z,9,GR86-033-46,,-21.9,33.53458786010742,-86.61701202392578,0.224,-0.684,100.0,3.0,,0.0,0.0,
2025-09-05T00:22:57.702Z,9,GR86-033-46,,-20.5,33.53455352783203,-86.61702728271484,0.22,-0.62,100.0,3.0,,0.0,0.0,
2025-09-05T00:22:57.745Z,9,GR86-033-46,,-21.1,33.53455352783203,-86.61702728271484,0.22,-0.5660000000000001,100.0,3.0,,0.0,0.0,
2025-09-05T00:22:57.788Z,9,GR86-033-46,656.0,-21.3,33.53455352783203,-86.61702728271484,0.204,-0.5650000000000001,100.0,3.0,6564.0,0.0,0.0,
2025-09-05T00:22:57.831Z,9,GR86-033-46,,-21.3,33.534523010253906,-86.6170425415039,0.183,-0.527,100.0,3.0,,0.0,0.0,140.74
2025-09-05T00:22:57.874Z,9,GR86-033-46,,-20.700000000000003,33.534523010253906,-86.6170425415039,0.202,-0.519,100.0,3.0,,0.0,0.0,
2025-09-05T00:22:57.917Z,9,GR86-033-46,,-20.4,33.534523010253906,-86.6170425415039,0.24,-0.48,100.0,3.0,,0.0,0.0,
2025-09-05T00:22:57.960Z,9,GR86-033-46,,-20.200000000000003,33.53448867797852,-86.61705780029297,0.182,-0.451,100.0,3.0,,0.0,0.0,
2025-09-05T00:22:58.004Z,9,GR86-033-46,664.0,-20.200000000000003,33.53445816040039,-86.61707305908203,0.193,-0.461,100.0,3.0,6594.0,0.0,0.0,
2025-09-05T00:22:58.047Z,9,GR86-033-46,,-19.9,33.53445816040039,-86.61707305908203,0.206,-0.511,100.0,3.0,,0.0,0.0,141.12
2025-09-05T00:22:58.091Z,9,GR86-033-46,,-19.1,33.53445816040039,-86.61707305908203,0.212,-0.511,100.0,3.0,,0.0,0.0,
2025-09-05T00:22:58.134Z,9,GR86-033-46,,-17.8,33.534423828125,-86.6170883178711,0.202,-0.524,100.0,3.0,,0.0,0.0,
2025-09-05T00:22:58.177Z,9,GR86-033-46,,-16.5,33.534423828125,-86.6170883178711,0.2,-0.518,100.0,3.0,,0.0,0.0,
2025-09-05T00:22:58.222Z,9,GR86-033-46,680.0,-15.0,33.534393310546875,-86.61711120605469,0.181,-0.538,100.0,3.0,6673.0,0.0,0.0,
2025-09-05T00:22:58.265Z,9,GR86-033-46,,-14.7,33.534393310546875,-86.61711120605469,0.217,-0.5,100.0,3.0,,0.0,0.0,141.32
2025-09-05T00:22:58.308Z,9,GR86-033-46,,-14.5,33.53436279296875,-86.61712646484375,0.222,-0.451,100.0,3.0,,0.0,0.0,
2025-09-05T00:22:58.351Z,9,GR86-033-46,,-14.2,33.53436279296875,-86.61712646484375,0.19,-0.442,100.0,3.0,,0.0,0.0,
2025-09-05T00:22:58.394Z,9,GR86-033-46,,-13.5,33.53436279296875,-86.61712646484375,0.159,-0.501,100.0,3.0,,0.0,0.0,
2025-09-05T00:22:58.437Z,9,GR86-033-46,687.0,-12.9,33.53432846069336,-86.61714935302734,0.212,-0.495,100.0,3.0,6691.0,0.0,0.0,
2025-09-05T00:22:58.480Z,9,GR86-033-46,,-12.7,33.53432846069336,-86.61714935302734,0.226,-0.438,100.0,3.0,,0.0,0.0,141.94
2025-09-05T00:22:58.524Z,9,GR86-033-46,,-13.2,33.534297943115234,-86.6171646118164,0.171,-0.401,100.0,3.0,,0.0,0.0,
2025-09-05T00:22:58.567Z,9,GR86-033-46,,-13.8,33.534297943115234,-86.6171646118164,0.165,-0.358,100.0,3.0,,0.0,0.0,
2025-09-05T00:22:58.610Z,9,GR86-033-46,,-13.9,33.53426742553711,-86.6171875,0.197,-0.389,100.0,3.0,,0.0,0.0,
2025-09-05T00:22:58.653Z,9,GR86-033-46,695.0,-13.9,33.53426742553711,-86.6171875,0.201,-0.401,100.0,3.0,6767.0,0.0,0.0,
2025-09-05T00:22:58.696Z,9,GR86-033-46,,-13.7,33.53426742553711,-86.6171875,0.205,-0.428,100.0,3.0,,0.0,0.0,142.26
2025-09-05T00:22:58.739Z,9,GR86-033-46,,-13.5,33.534236907958984,-86.6172103881836,0.206,-0.503,100.0,3.0,,0.0,0.0,
2025-09-05T00:22:58.782Z,9,GR86-033-46,,-13.4,33.534236907958984,-86.6172103881836,0.201,-0.528,100.0,3.0,,0.0,0.0,
2025-09-05T00:22:58.825Z,9,GR86-033-46,,-13.4,33.534202575683594,-86.61722564697266,0.194,-0.504,100.0,3.0,,0.0,0.0,
2025-09-05T00:22:58.868Z,9,GR86-033-46,703.0,-13.4,33.534202575683594,-86.61722564697266,0.189,-0.434,100.0,3.0,6807.0,0.0,0.0,
2025-09-05T00:22:58.911Z,9,GR86-033-46,,-13.5,33.534202575683594,-86.61722564697266,0.194,-0.43,100.0,3.0,,0.0,0.0,142.9
2025-09-05T00:22:58.954Z,9,GR86-033-46,,-13.6,33.53417205810547,-86.61724853515625,0.203,-0.406,100.0,3.0,,0.0,0.0,
2025-09-05T00:22:58.997Z,9,GR86-033-46,,-13.7,33.53417205810547,-86.61724853515625,0.186,-0.432,100.0,3.0,,0.0,0.0,
2025-09-05T00:22:59.040Z,9,GR86-033-46,,-13.6,33.534141540527344,-86.61727142333984,0.21,-0.393,100.0,3.0,,0.0,0.0,
2025-09-05T00:22:59.083Z,9,GR86-033-46,711.0,-13.5,33.534141540527344,-86.61727142333984,0.204,-0.4,100.0,3.0,6804.0,0.0,0.0,
2025-09-05T00:22:59.126Z,9,GR86-033-46,,-13.5,33.53411102294922,-86.61729431152344,0.202,-0.39,100.0,3.0,,0.0,0.0,144.01
2025-09-05T00:22:59.169Z,9,GR86-033-46,,-13.8,33.53411102294922,-86.61729431152344,0.182,-0.369,100.0,3.0,,0.0,0.0,
2025-09-05T00:22:59.255Z,9,GR86-033-46,,-14.2,33.534080505371094,-86.61731719970703,0.174,-0.401,100.0,3.0,,0.0,0.0,
2025-09-05T00:22:59.299Z,9,GR86-033-46,720.0,-14.3,33.534080505371094,-86.61731719970703,0.207,-0.529,100.0,3.0,6873.0,0.0,0.0,
2025-09-05T00:22:59.342Z,9,GR86-033-46,,-14.9,33.53404998779297,-86.61734008789062,0.227,-0.59,100.0,3.0,,0.0,0.0,144.93
2025-09-05T00:22:59.385Z,9,GR86-033-46,,-15.4,33.53404998779297,-86.61734008789062,0.194,-0.629,100.0,3.0,,0.0,0.0,
2025-09-05T00:22:59.428Z,9,GR86-033-46,,-15.8,33.534019470214844,-86.61737060546875,0.188,-0.653,100.0,3.0,,0.0,0.0,
2025-09-05T00:22:59.471Z,9,GR86-033-46,,-15.9,33.534019470214844,-86.61737060546875,0.181,-0.663,100.0,3.0,,0.0,0.0,
2025-09-05T00:22:59.514Z,9,GR86-033-46,728.0,-15.8,33.53398895263672,-86.61739349365234,0.182,-0.638,100.0,3.0,6930.0,0.0,0.0,
2025-09-05T00:22:59.557Z,9,GR86-033-46,,-15.7,33.53398895263672,-86.61739349365234,0.196,-0.562,100.0,3.0,,0.0,0.0,145.92000000000002
2025-09-05T00:22:59.600Z,9,GR86-033-46,,-15.7,33.533958435058594,-86.61741638183594,0.181,-0.468,100.0,3.0,,0.0,0.0,
2025-09-05T00:22:59.645Z,9,GR86-033-46,,-15.7,33.533958435058594,-86.61741638183594,0.172,-0.42,100.0,3.0,,0.0,0.0,
2025-09-05T00:22:59.688Z,9,GR86-033-46,,-15.6,33.533958435058594,-86.61741638183594,0.176,-0.407,100.0,3.0,,0.0,0.0,
2025-09-05T00:22:59.732Z,9,GR86-033-46,736.0,-15.1,33.533931732177734,-86.61744689941406,0.195,-0.425,100.0,3.0,6938.0,0.0,0.0,
2025-09-05T00:22:59.775Z,9,GR86-033-46,,-15.0,33.533931732177734,-86.61744689941406,0.199,-0.417,100.0,3.0,,0.0,0.0,147.27
2025-09-05T00:22:59.819Z,9,GR86-033-46,,-14.9,33.53390121459961,-86.61746978759766,0.173,-0.45,100.0,3.0,,0.0,0.0,
2025-09-05T00:22:59.862Z,9,GR86-033-46,,-14.0,33.53390121459961,-86.61746978759766,0.2,-0.483,100.0,3.0,,0.0,0.0,
2025-09-05T00:22:59.905Z,9,GR86-033-46,,-13.3,33.53390121459961,-86.61746978759766,0.194,-0.514,100.0,3.0,,0.0,0.0,
2025-09-05T00:22:59.948Z,9,GR86-033-46,744.0,-12.8,33.533870697021484,-86.61750030517578,0.207,-0.463,100.0,3.0,6972.0,0.0,0.0,
2025-09-05T00:22:59.991Z,9,GR86-033-46,,-12.6,33.533870697021484,-86.61750030517578,0.165,-0.479,100.0,3.0,,0.0,0.0,148.82
2025-09-05T00:23:00.034Z,9,GR86-033-46,,-12.5,33.53384017944336,-86.6175308227539,0.16,-0.482,100.0,3.0,,0.0,0.0,
2025-09-05T00:23:00.078Z,9,GR86-033-46,,-12.4,33.53384017944336,-86.6175308227539,0.181,-0.469,100.0,3.0,,0.0,0.0,
2025-09-05T00:23:00.122Z,9,GR86-033-46,,-12.1,33.5338134765625,-86.6175537109375,0.178,-0.421,100.0,3.0,,0.0,0.0,
2025-09-05T00:23:00.165Z,9,GR86-033-46,753.0,-11.8,33.5338134765625,-86.6175537109375,0.189,-0.401,100.0,3.0,7041.0,0.0,0.0,
2025-09-05T00:23:00.208Z,9,GR86-033-46,,-11.7,33.533782958984375,-86.61758422851562,0.188,-0.395,100.0,3.0,,0.0,0.0,149.75
2025-09-05T00:23:00.251Z,9,GR86-033-46,,-11.7,33.533782958984375,-86.61758422851562,0.198,-0.398,100.0,3.0,,0.0,0.0,
2025-09-05T00:23:00.294Z,9,GR86-033-46,,-11.7,33.533782958984375,-86.61758422851562,0.184,-0.356,100.0,3.0,,0.0,0.0,
2025-09-05T00:23:00.337Z,9,GR86-033-46,,-11.7,33.53375625610352,-86.61761474609375,0.169,-0.37,100.0,3.0,,0.0,0.0,
2025-09-05T00:23:00.380Z,9,GR86-033-46,761.0,-10.9,33.53375625610352,-86.61761474609375,0.197,-0.352,100.0,3.0,7088.0,0.0,0.0,
2025-09-05T00:23:00.423Z,9,GR86-033-46,,-10.0,33.53372573852539,-86.61764526367188,0.191,-0.389,100.0,3.0,,0.0,0.0,152.25
2025-09-05T00:23:00.466Z,9,GR86-033-46,,-9.8,33.53372573852539,-86.61764526367188,0.177,-0.373,100.0,3.0,,0.0,0.0,
2025-09-05T00:23:00.509Z,9,GR86-033-46,,-9.8,33.53369903564453,-86.61767578125,0.165,-0.371,100.0,3.0,,0.0,0.0,
2025-09-05T00:23:00.552Z,9,GR86-033-46,,-10.0,33.53369903564453,-86.61767578125,-0.072,-0.339,100.0,4.0,,0.0,0.0,
2025-09-05T00:23:00.595Z,9,GR86-033-46,770.0,-10.2,33.53369903564453,-86.61767578125,0.034,-0.29,100.0,4.0,7138.0,0.0,0.0,
2025-09-05T00:23:00.638Z,9,GR86-033-46,,-10.0,33.533668518066406,-86.61770629882812,0.368,-0.326,100.0,4.0,,0.0,0.0,153.35
2025-09-05T00:23:00.681Z,9,GR86-033-46,,-9.6,33.533668518066406,-86.61770629882812,0.27,-0.328,100.0,4.0,,0.0,0.0,
2025-09-05T00:23:00.725Z,9,GR86-033-46,,-9.2,33.53364181518555,-86.61773681640625,0.194,-0.337,100.0,4.0,,0.0,0.0,
2025-09-05T00:23:00.768Z,9,GR86-033-46,,-8.8,33.53364181518555,-86.61773681640625,0.08,-0.415,100.0,4.0,,0.0,0.0,
2025-09-05T00:23:00.811Z,9,GR86-033-46,778.0,-8.5,33.53361129760742,-86.61776733398438,0.125,-0.333,100.0,4.0,7203.0,0.0,0.0,
2025-09-05T00:23:00.854Z,9,GR86-033-46,,-8.4,33.53361129760742,-86.61776733398438,0.241,-0.303,100.0,4.0,,0.0,0.0,154.41
2025-09-05T00:23:00.897Z,9,GR86-033-46,,-8.4,33.53361129760742,-86.61776733398438,0.156,-0.301,100.0,4.0,,0.0,0.0,
2025-09-05T00:23:00.940Z,9,GR86-033-46,,-8.4,33.53358459472656,-86.6177978515625,0.145,-0.216,100.0,4.0,,0.0,0.0,
2025-09-05T00:23:00.983Z,9,GR86-033-46,,-8.4,33.53358459472656,-86.6177978515625,0.168,-0.231,100.0,4.0,,0.0,0.0,
2025-09-05T00:23:01.026Z,9,GR86-033-46,795.0,-8.4,33.5335578918457,-86.61782836914062,0.151,-0.254,100.0,4.0,6184.0,0.0,0.0,
2025-09-05T00:23:01.070Z,9,GR86-033-46,,-8.200000000000001,33.5335578918457,-86.61782836914062,0.147,-0.253,100.0,4.0,,0.0,0.0,155.72
2025-09-05T00:23:01.113Z,9,GR86-033-46,,-8.0,33.53352737426758,-86.61786651611328,0.154,-0.291,100.0,4.0,,0.0,0.0,
2025-09-05T00:23:01.156Z,9,GR86-033-46,,-7.300000000000001,33.53352737426758,-86.61786651611328,0.151,-0.305,100.0,4.0,,0.0,0.0,
2025-09-05T00:23:01.199Z,9,GR86-033-46,,-6.6000000000000005,33.53352737426758,-86.61786651611328,0.172,-0.282,100.0,4.0,,0.0,0.0,
2025-09-05T00:23:01.242Z,9,GR86-033-46,804.0,-6.2,33.53350067138672,-86.6178970336914,0.154,-0.305,100.0,4.0,6189.0,0.0,0.0,
2025-09-05T00:23:01.285Z,9,GR86-033-46,,-6.2,33.53350067138672,-86.6178970336914,0.146,-0.253,100.0,4.0,,0.0,0.0,156.53
2025-09-05T00:23:01.328Z,9,GR86-033-46,,-6.300000000000001,33.53347396850586,-86.61792755126953,0.16,-0.213,100.0,4.0,,0.0,0.0,
2025-09-05T00:23:01.371Z,9,GR86-033-46,,-6.2,33.53347396850586,-86.61792755126953,0.175,-0.189,100.0,4.0,,0.0,0.0,
2025-09-05T00:23:01.414Z,9,GR86-033-46,,-6.0,33.533443450927734,-86.61796569824219,0.162,-0.194,100.0,4.0,,0.0,0.0,
2025-09-05T00:23:01.457Z,9,GR86-033-46,813.0,-5.800000000000001,33.533443450927734,-86.61796569824219,0.166,-0.2,100.0,4.0,6215.0,0.0,0.0,
2025-09-05T00:23:01.500Z,9,GR86-033-46,,-5.6000000000000005,33.533416748046875,-86.61799621582031,0.16,-0.22,100.0,4.0,,0.0,0.0,157.66
2025-09-05T00:23:01.543Z,9,GR86-033-46,,-5.6000000000000005,33.533416748046875,-86.61799621582031,0.163,-0.211,100.0,4.0,,0.0,0.0,
2025-09-05T00:23:01.586Z,9,GR86-033-46,,-5.7,33.533416748046875,-86.61799621582031,0.164,-0.217,100.0,4.0,,0.0,0.0,
2025-09-05T00:23:01.629Z,9,GR86-033-46,,-5.800000000000001,33.533390045166016,-86.61803436279297,0.166,-0.209,100.0,4.0,,0.0,0.0,
2025-09-05T00:23:01.672Z,9,GR86-033-46,822.0,-5.800000000000001,33.533390045166016,-86.61803436279297,0.153,-0.202,100.0,4.0,6249.0,0.0,0.0,
2025-09-05T00:23:01.715Z,9,GR86-033-46,,-5.800000000000001,33.53336334228516,-86.6180648803711,0.137,-0.217,100.0,4.0,,0.0,0.0,158.56
2025-09-05T00:23:01.758Z,9,GR86-033-46,,-5.800000000000001,33.53336334228516,-86.6180648803711,0.127,-0.234,100.0,4.0,,0.0,0.0,
2025-09-05T00:23:01.801Z,9,GR86-033-46,,-5.6000000000000005,33.5333366394043,-86.61810302734375,0.163,-0.183,100.0,4.0,,0.0,0.0,
2025-09-05T00:23:01.844Z,9,GR86-033-46,,-5.5,33.5333366394043,-86.61810302734375,0.142,-0.173,100.0,4.0,,0.0,0.0,
2025-09-05T00:23:01.887Z,9,GR86-033-46,831.0,-5.2,33.5333366394043,-86.61810302734375,0.124,-0.18,100.0,4.0,6276.0,0.0,0.0,
2025-09-05T00:23:01.930Z,9,GR86-033-46,,-4.800000000000001,33.53330993652344,-86.61813354492188,0.134,-0.195,100.0,4.0,,0.0,0.0,159.63
2025-09-05T00:23:01.973Z,9,GR86-033-46,,-4.5,33.53330993652344,-86.61813354492188,0.147,-0.213,100.0,4.0,,0.0,0.0,
2025-09-05T00:23:02.016Z,9,GR86-033-46,,-4.3,33.53328323364258,-86.61817169189453,0.135,-0.213,100.0,4.0,,0.0,0.0,
2025-09-05T00:23:02.059Z,9,GR86-033-46,,-4.1000000000000005,33.53328323364258,-86.61817169189453,0.146,-0.182,100.0,4.0,,0.0,0.0,
2025-09-05T00:23:02.102Z,9,GR86-033-46,840.0,-3.1,33.53325271606445,-86.61820983886719,0.149,-0.169,100.0,4.0,6309.0,0.0,0.0,
2025-09-05T00:23:02.145Z,9,GR86-033-46,,-2.5,33.53325271606445,-86.61820983886719,0.14,-0.15,100.0,4.0,,0.0,0.0,160.53
2025-09-05T00:23:02.188Z,9,GR86-033-46,,-2.1,33.53325271606445,-86.61820983886719,0.126,-0.147,100.0,4.0,,0.0,0.0,
2025-09-05T00:23:02.231Z,9,GR86-033-46,,-1.5,33.533226013183594,-86.61824035644531,0.142,-0.121,100.0,4.0,,0.0,0.0,
2025-09-05T00:23:02.274Z,9,GR86-033-46,,-0.8,33.533226013183594,-86.61824035644531,0.167,-0.084,100.0,4.0,,0.0,0.0,
2025-09-05T00:23:02.318Z,9,GR86-033-46,849.0,-0.2,33.533199310302734,-86.61827850341797,0.168,-0.066,100.0,4.0,6336.0,0.0,0.0,
2025-09-05T00:23:02.361Z,9,GR86-033-46,,0.0,33.533199310302734,-86.61827850341797,0.125,-0.049,100.0,4.0,,0.0,0.0,161.42000000000002
2025-09-05T00:23:02.405Z,9,GR86-033-46,,0.0,33.533172607421875,-86.61831665039062,0.142,-0.034,100.0,4.0,,0.0,0.0,
2025-09-05T00:23:02.448Z,9,GR86-033-46,,0.2,33.533172607421875,-86.61831665039062,0.16,-0.005,100.0,4.0,,0.0,0.0,
2025-09-05T00:23:02.491Z,9,GR86-033-46,,0.3,33.533172607421875,-86.61831665039062,0.153,0.011,100.0,4.0,,0.0,0.0,
2025-09-05T00:23:02.534Z,9,GR86-033-46,858.0,0.3,33.533145904541016,-86.61835479736328,0.154,0.01,100.0,4.0,6383.0,0.0,0.0,
2025-09-05T00:23:02.577Z,9,GR86-033-46,,0.3,33.533145904541016,-86.61835479736328,0.156,0.016,100.0,4.0,,0.0,0.0,162.3
2025-09-05T00:23:02.622Z,9,GR86-033-46,,0.3,33.53311920166016,-86.6183853149414,0.141,0.03,100.0,4.0,,0.0,0.0,
2025-09-05T00:23:02.665Z,9,GR86-033-46,,0.3,33.53311920166016,-86.6183853149414,0.147,0.039,100.0,4.0,,0.0,0.0,
2025-09-05T00:23:02.708Z,9,GR86-033-46,,0.4,33.5330924987793,-86.61842346191406,0.158,0.039,100.0,4.0,,0.0,0.0,
2025-09-05T00:23:02.751Z,9,GR86-033-46,867.0,0.7000000000000001,33.5330924987793,-86.61842346191406,0.156,0.029,100.0,4.0,6428.0,0.0,0.0,
2025-09-05T00:23:02.795Z,9,GR86-033-46,,0.9,33.5330924987793,-86.61842346191406,0.156,0.029,100.0,4.0,,0.0,0.0,163.19
2025-09-05T00:23:02.838Z,9,GR86-033-46,,1.1,33.53306579589844,-86.61846160888672,0.134,0.028,100.0,4.0,,0.0,0.0,
2025-09-05T00:23:02.882Z,9,GR86-033-46,,2.0,33.53306579589844,-86.61846160888672,0.162,0.061,100.0,4.0,,0.0,0.0,
2025-09-05T00:23:02.925Z,9,GR86-033-46,,2.8000000000000003,33.53303909301758,-86.61849975585938,0.154,0.066,100.0,4.0,,0.0,0.0,
2025-09-05T00:23:02.968Z,9,GR86-033-46,876.0,3.3000000000000003,33.53303909301758,-86.61849975585938,0.154,0.071,100.0,4.0,6444.0,0.0,0.0,
2025-09-05T00:23:03.011Z,9,GR86-033-46,,3.6,33.53301239013672,-86.61853790283203,0.156,0.074,100.0,4.0,,0.0,0.0,164.06
2025-09-05T00:23:03.054Z,9,GR86-033-46,,3.6,33.53301239013672,-86.61853790283203,0.147,0.071,100.0,4.0,,0.0,0.0,
2025-09-05T00:23:03.097Z,9,GR86-033-46,,3.6,33.53301239013672,-86.61853790283203,0.14,0.096,100.0,4.0,,0.0,0.0,
2025-09-05T00:23:03.140Z,9,GR86-033-46,,3.5,33.532981872558594,-86.61856842041016,0.153,0.104,100.0,4.0,,0.0,0.0,
2025-09-05T00:23:03.185Z,9,GR86-033-46,885.0,3.4000000000000004,33.532981872558594,-86.61856842041016,0.156,0.113,100.0,4.0,6488.0,0.0,0.0,
2025-09-05T00:23:03.228Z,9,GR86-033-46,,3.4000000000000004,33.532955169677734,-86.61860656738281,0.16,0.156,100.0,4.0,,0.0,0.0,165.79
2025-09-05T00:23:03.271Z,9,GR86-033-46,,3.4000000000000004,33.532955169677734,-86.61860656738281,0.144,0.149,100.0,4.0,,0.0,0.0,
2025-09-05T00:23:03.314Z,9,GR86-033-46,,3.4000000000000004,33.532928466796875,-86.61864471435547,0.168,0.126,100.0,4.0,,0.0,0.0,
2025-09-05T00:23:03.357Z,9,GR86-033-46,,3.5,33.532928466796875,-86.61864471435547,0.152,0.109,100.0,4.0,,0.0,0.0,
2025-09-05T00:23:03.400Z,9,GR86-033-46,895.0,3.3000000000000003,33.532901763916016,-86.61868286132812,0.131,0.141,100.0,4.0,6518.0,0.0,0.0,
2025-09-05T00:23:03.443Z,9,GR86-033-46,,3.0,33.532901763916016,-86.61868286132812,0.158,0.148,100.0,4.0,,0.0,0.0,166.65
2025-09-05T00:23:03.486Z,9,GR86-033-46,,3.0,33.532901763916016,-86.61868286132812,0.173,0.136,100.0,4.0,,0.0,0.0,
2025-09-05T00:23:03.529Z,9,GR86-033-46,,3.0,33.53287124633789,-86.61872100830078,0.15,0.123,100.0,4.0,,0.0,0.0,
2025-09-05T00:23:03.572Z,9,GR86-033-46,,3.0,33.53287124633789,-86.61872100830078,0.155,0.127,100.0,4.0,,0.0,0.0,
2025-09-05T00:23:03.615Z,9,GR86-033-46,904.0,3.0,33.53284454345703,-86.61875915527344,0.164,0.14,100.0,4.0,6537.0,0.0,0.0,
2025-09-05T00:23:03.658Z,9,GR86-033-46,,3.0,33.53284454345703,-86.61875915527344,0.153,0.148,100.0,4.0,,0.0,0.0,167.49
2025-09-05T00:23:03.701Z,9,GR86-033-46,,3.0,33.53281784057617,-86.6187973022461,0.145,0.132,100.0,4.0,,0.0,0.0,
2025-09-05T00:23:03.744Z,9,GR86-033-46,,3.1,33.53281784057617,-86.6187973022461,0.153,0.121,100.0,4.0,,0.0,0.0,
2025-09-05T00:23:03.787Z,9,GR86-033-46,,3.1,33.53281784057617,-86.6187973022461,0.158,0.105,100.0,4.0,,0.0,0.0,
2025-09-05T00:23:03.830Z,9,GR86-033-46,923.0,3.1,33.53278732299805,-86.61882781982422,0.155,0.115,100.0,4.0,6616.0,0.0,0.0,
2025-09-05T00:23:03.873Z,9,GR86-033-46,,2.8000000000000003,33.53278732299805,-86.61882781982422,0.146,0.117,100.0,4.0,,0.0,0.0,168.49
2025-09-05T00:23:03.916Z,9,GR86-033-46,,2.5,33.53278732299805,-86.61882781982422,0.154,0.107,100.0,4.0,,0.0,0.0,
2025-09-05T00:23:03.959Z,9,GR86-033-46,,2.3000000000000003,33.53276062011719,-86.61886596679688,0.162,0.103,100.0,4.0,,0.0,0.0,
2025-09-05T00:23:04.002Z,9,GR86-033-46,,2.1,33.53273010253906,-86.61890411376953,0.154,0.097,100.0,4.0,,0.0,0.0,
2025-09-05T00:23:04.045Z,9,GR86-033-46,932.0,2.1,33.53273010253906,-86.61890411376953,0.135,0.089,100.0,4.0,6663.0,0.0,0.0,
2025-09-05T00:23:04.088Z,9,GR86-033-46,,2.0,33.53273010253906,-86.61890411376953,0.148,0.092,100.0,4.0,,0.0,0.0,169.39
2025-09-05T00:23:04.131Z,9,GR86-033-46,,2.0,33.5327033996582,-86.61894226074219,0.152,0.089,100.0,4.0,,0.0,0.0,
2025-09-05T00:23:04.174Z,9,GR86-033-46,,2.2,33.5327033996582,-86.61894226074219,0.155,0.094,100.0,4.0,,0.0,0.0,
2025-09-05T00:23:04.217Z,9,GR86-033-46,,2.8000000000000003,33.53267288208008,-86.61898040771484,0.146,0.1,100.0,4.0,,0.0,0.0,
2025-09-05T00:23:04.260Z,9,GR86-033-46,942.0,4.1000000000000005,33.53267288208008,-86.61898040771484,0.131,0.1,100.0,4.0,6700.0,0.0,0.0,
2025-09-05T00:23:04.303Z,9,GR86-033-46,,5.0,33.53264236450195,-86.6190185546875,0.135,0.103,100.0,4.0,,0.0,0.0,170.23
2025-09-05T00:23:04.346Z,9,GR86-033-46,,5.4,33.53264236450195,-86.6190185546875,0.122,0.127,100.0,4.0,,0.0,0.0,
2025-09-05T00:23:04.389Z,9,GR86-033-46,,5.4,33.53264236450195,-86.6190185546875,0.131,0.141,100.0,4.0,,0.0,0.0,
2025-09-05T00:23:04.432Z,9,GR86-033-46,,4.3,33.532615661621094,-86.61905670166016,0.141,0.172,100.0,4.0,,0.0,0.0,
2025-09-05T00:23:04.475Z,9,GR86-033-46,951.0,3.3000000000000003,33.532615661621094,-86.61905670166016,0.143,0.161,100.0,4.0,6727.0,0.0,0.0,
2025-09-05T00:23:04.519Z,9,GR86-033-46,,3.1,33.53258514404297,-86.61909484863281,0.143,0.154,100.0,4.0,,0.0,0.0,171.23
2025-09-05T00:23:04.562Z,9,GR86-033-46,,3.1,33.53258514404297,-86.61909484863281,0.14,0.166,100.0,4.0,,0.0,0.0,
2025-09-05T00:23:04.605Z,9,GR86-033-46,,3.1,33.532554626464844,-86.61913299560547,0.125,0.199,100.0,4.0,,0.0,0.0,
2025-09-05T00:23:04.648Z,9,GR86-033-46,,3.1,33.532554626464844,-86.61913299560547,0.133,0.178,100.0,4.0,,0.0,0.0,
2025-09-05T00:23:04.691Z,9,GR86-033-46,961.0,3.1,33.532554626464844,-86.61913299560547,0.13,0.168,54.95,4.0,6776.0,0.0,0.0,
2025-09-05T00:23:04.734Z,9,GR86-033-46,,3.1,33.532527923583984,-86.6191635131836,0.157,0.118,0.91,4.0,,0.0,0.0,172.11
2025-09-05T00:23:04.777Z,9,GR86-033-46,,2.5,33.532527923583984,-86.6191635131836,0.115,0.104,0.0,4.0,,0.0,0.0,
2025-09-05T00:23:04.822Z,9,GR86-033-46,,1.0,33.53249740600586,-86.61920166015625,-0.095,0.119,0.04,4.0,,0.0,0.0,
2025-09-05T00:23:04.865Z,9,GR86-033-46,,0.7000000000000001,33.53249740600586,-86.61920166015625,-0.078,0.129,0.0,4.0,,0.0,0.0,
2025-09-05T00:23:04.908Z,9,GR86-033-46,970.0,0.9,33.53249740600586,-86.61920166015625,-0.368,0.069,0.0,4.0,6811.0,12.21,12.775,
2025-09-05T00:23:04.951Z,9,GR86-033-46,,1.1,33.532466888427734,-86.6192398071289,-0.355,0.096,0.02,4.0,,19.73,19.87,172.92000000000002
2025-09-05T00:23:04.994Z,9,GR86-033-46,,0.8,33.532466888427734,-86.6192398071289,-0.47,0.086,0.0,4.0,,22.645,22.935,
2025-09-05T00:23:05.037Z,9,GR86-033-46,,0.5,33.53243637084961,-86.61927795410156,-0.497,0.05,0.0,4.0,,19.52,20.295,
2025-09-05T00:23:05.080Z,9,GR86-033-46,,0.8,33.53243637084961,-86.61927795410156,-0.386,0.033,0.0,4.0,,15.655,16.145,
2025-09-05T00:23:05.124Z,9,GR86-033-46,980.0,1.5,33.532405853271484,-86.61931610107422,-0.491,0.009,0.0,4.0,6584.0,18.68,18.8,
2025-09-05T00:23:05.167Z,9,GR86-033-46,,1.6,33.532405853271484,-86.61931610107422,-0.53,0.027,0.0,4.0,,27.115,27.345,174.01
2025-09-05T00:23:05.210Z,9,GR86-033-46,,1.6,33.532379150390625,-86.61935424804688,-0.707,0.013,0.0,4.0,,39.675,39.645,
2025-09-05T00:23:05.253Z,9,GR86-033-46,,1.2000000000000002,33.532379150390625,-86.61935424804688,-0.979,0.042,0.0,4.0,,44.055,44.375,
2025-09-05T00:23:05.296Z,9,GR86-033-46,,0.5,33.532379150390625,-86.61935424804688,-0.843,0.078,0.0,4.0,,37.89,39.065,
2025-09-05T00:23:05.339Z,9,GR86-033-46,989.0,-0.2,33.5323486328125,-86.61939239501953,-0.8130000000000001,0.049,0.0,4.0,6640.0,35.02,35.83,
2025-09-05T00:23:05.382Z,9,GR86-033-46,,-0.4,33.5323486328125,-86.61939239501953,-0.914,0.02,0.0,4.0,,50.19,50.1,173.36
2025-09-05T00:23:05.425Z,9,GR86-033-46,,0.5,33.532318115234375,-86.61942291259766,-1.099,0.036,0.05,4.0,,66.795,66.49,
2025-09-05T00:23:05.468Z,9,GR86-033-46,,2.2,33.532318115234375,-86.61942291259766,-1.305,0.047,0.02,4.0,,79.84,80.465,
2025-09-05T00:23:05.511Z,9,GR86-033-46,,4.6000000000000005,33.53229141235352,-86.61946105957031,-1.184,0.047,0.0,4.0,,86.125,87.53,
2025-09-05T00:23:05.554Z,9,GR86-033-46,999.0,6.7,33.53229141235352,-86.61946105957031,-1.308,0.023,0.02,4.0,6466.0,83.64,84.8,
2025-09-05T00:23:05.597Z,9,GR86-033-46,,6.1000000000000005,33.53229141235352,-86.61946105957031,-1.201,-0.007,0.0,4.0,,63.285,64.93,169.35
2025-09-05T00:23:05.640Z,9,GR86-033-46,,0.8,33.532264709472656,-86.61949157714844,-0.792,0.073,0.02,4.0,,41.49,42.21,
2025-09-05T00:23:05.683Z,9,GR86-033-46,,-1.0,33.532264709472656,-86.61949157714844,-0.967,0.004,0.0,4.0,,40.5,41.28,
2025-09-05T00:23:05.726Z,9,GR86-033-46,,-0.9,33.5322380065918,-86.6195297241211,-0.934,0.047,0.0,4.0,,45.275,46.345,
2025-09-05T00:23:05.769Z,9,GR86-033-46,1007.0,0.8,33.5322380065918,-86.6195297241211,-0.986,-0.003,0.0,4.0,6129.0,51.81,52.86,
2025-09-05T00:23:05.812Z,9,GR86-033-46,,2.8000000000000003,33.53221130371094,-86.61956024169922,-1.016,0.021,0.0,4.0,,56.22,57.120000000000005,163.45000000000002
2025-09-05T00:23:05.855Z,9,GR86-033-46,,4.4,33.53221130371094,-86.61956024169922,-1.056,0.043,0.0,4.0,,54.95,55.105,
2025-09-05T00:23:05.899Z,9,GR86-033-46,,6.7,33.53221130371094,-86.61956024169922,-0.949,0.052,0.0,4.0,,43.43,44.085,
2025-09-05T00:23:05.942Z,9,GR86-033-46,,8.9,33.53218460083008,-86.61959075927734,-0.681,0.116,0.0,4.0,,34.18,34.87,
2025-09-05T00:23:05.985Z,9,GR86-033-46,1015.0,9.4,33.53218460083008,-86.61959075927734,-0.837,0.104,0.0,4.0,5625.0,38.56,39.035,
2025-09-05T00:23:06.028Z,9,GR86-033-46,,8.200000000000001,33.53215789794922,-86.61962127685547,-0.987,0.14,0.0,4.0,,45.69,46.205,148.07
2025-09-05T00:23:06.071Z,9,GR86-033-46,,5.1000000000000005,33.53215789794922,-86.61962127685547,-1.072,0.158,0.03,4.0,,51.9,52.405,
2025-09-05T00:23:06.114Z,9,GR86-033-46,,3.1,33.532135009765625,-86.6196517944336,-1.102,0.169,0.01,3.0,,57.025,57.685,
2025-09-05T00:23:06.158Z,9,GR86-033-46,,3.6,33.532135009765625,-86.6196517944336,-1.171,0.064,0.03,3.0,,62.505,63.71,
2025-09-05T00:23:06.202Z,9,GR86-033-46,1023.0,6.7,33.53211212158203,-86.61968231201172,-1.165,0.213,0.01,3.0,5625.0,68.805,69.555,
2025-09-05T00:23:06.245Z,9,GR86-033-46,,8.3,33.53211212158203,-86.61968231201172,-1.287,0.154,0.01,3.0,,68.305,69.13,142.74
2025-09-05T00:23:06.288Z,9,GR86-033-46,,9.7,33.53211212158203,-86.61968231201172,-1.168,0.298,0.0,3.0,,68.655,69.675,
2025-09-05T00:23:06.332Z,9,GR86-033-46,,9.6,33.53208923339844,-86.61971282958984,-1.196,0.256,0.0,3.0,,68.595,69.13,
2025-09-05T00:23:06.375Z,9,GR86-033-46,,6.7,33.53208923339844,-86.61971282958984,-1.16,0.288,0.0,3.0,,67.815,68.47,
2025-09-05T00:23:06.418Z,9,GR86-033-46,1031.0,2.9000000000000004,33.532066345214844,-86.61974334716797,-1.133,0.284,0.0,3.0,5399.0,67.42,67.905,
2025-09-05T00:23:06.461Z,9,GR86-033-46,,4.4,33.532066345214844,-86.61974334716797,-1.119,0.225,0.0,3.0,,66.425,67.69500000000001,135.19
2025-09-05T00:23:06.504Z,9,GR86-033-46,,8.6,33.53204345703125,-86.61976623535156,-1.162,0.222,0.02,3.0,,59.485,60.46,
2025-09-05T00:23:06.548Z,9,GR86-033-46,,10.3,33.53204345703125,-86.61976623535156,-1.183,0.253,0.0,3.0,,56.4,57.21,
2025-09-05T00:23:06.591Z,9,GR86-033-46,,13.7,33.53204345703125,-86.61976623535156,-1.081,0.279,0.0,2.0,,54.86,55.575,
2025-09-05T00:23:06.634Z,9,GR86-033-46,1045.0,15.8,33.532020568847656,-86.61979675292969,-1.175,0.267,0.03,2.0,5525.0,54.86,56.125,
2025-09-05T00:23:06.679Z,9,GR86-033-46,,15.0,33.532020568847656,-86.61979675292969,-1.123,0.374,0.0,2.0,,54.74,55.775,126.11
2025-09-05T00:23:06.722Z,9,GR86-033-46,,11.9,33.53200149536133,-86.61981964111328,-0.986,0.314,0.01,2.0,,43.26,43.585,
2025-09-05T00:23:06.765Z,9,GR86-033-46,,9.6,33.53200149536133,-86.61981964111328,-1.009,0.406,0.0,2.0,,36.99,37.77,
2025-09-05T00:23:06.808Z,9,GR86-033-46,,8.5,33.531978607177734,-86.61984252929688,-0.765,0.428,0.0,2.0,,33.28,33.77,
2025-09-05T00:23:06.851Z,9,GR86-033-46,1051.0,8.9,33.531978607177734,-86.61984252929688,-0.866,0.42,0.0,2.0,5281.0,31.71,32.2,
2025-09-05T00:23:06.894Z,9,GR86-033-46,,9.3,33.531978607177734,-86.61984252929688,-0.889,0.537,0.0,2.0,,33.1,33.845,118.68
2025-09-05T00:23:06.937Z,9,GR86-033-46,,10.8,33.531959533691406,-86.61986541748047,-0.85,0.491,0.01,2.0,,33.8,34.18,
2025-09-05T00:23:06.980Z,9,GR86-033-46,,17.1,33.531959533691406,-86.61986541748047,-0.8210000000000001,0.585,0.0,2.0,,33.71,34.215,
2025-09-05T00:23:07.024Z,9,GR86-033-46,,22.8,33.53194046020508,-86.61988830566406,-0.805,0.608,0.08,2.0,,32.14,32.87,
2025-09-05T00:23:07.067Z,9,GR86-033-46,1057.0,28.9,33.53194046020508,-86.61988830566406,-0.802,0.592,0.0,2.0,5994.0,31.36,32.045,
2025-09-05T00:23:07.110Z,9,GR86-033-46,,32.5,33.53192138671875,-86.61991119384766,-0.77,0.661,0.0,2.0,,32.685,33.345,113.99
2025-09-05T00:23:07.153Z,9,GR86-033-46,,32.7,33.53192138671875,-86.61991119384766,-0.84,0.676,0.02,2.0,,33.525,34.12,
2025-09-05T00:23:07.196Z,9,GR86-033-46,,32.2,33.53192138671875,-86.61991119384766,-0.842,0.659,0.0,2.0,,34.52,35.465,
2025-09-05T00:23:07.239Z,9,GR86-033-46,,31.6,33.53190231323242,-86.61993408203125,-0.8200000000000001,0.711,0.02,1.0,,34.52,35.115,
2025-09-05T00:23:07.282Z,9,GR86-033-46,1063.0,30.3,33.53190231323242,-86.61993408203125,-1.138,0.528,0.0,1.0,5910.0,36.09,36.805,
2025-09-05T00:23:07.325Z,9,GR86-033-46,,29.3,33.531883239746094,-86.61994934082031,-0.967,0.724,0.01,1.0,,37.45,38.38,108.77
2025-09-05T00:23:07.368Z,9,GR86-033-46,,29.0,33.531883239746094,-86.61994934082031,-0.809,0.788,0.0,1.0,,36.96,37.615,
2025-09-05T00:23:07.411Z,9,GR86-033-46,,28.200000000000003,33.531864166259766,-86.6199722290039,-0.793,0.875,0.0,1.0,,36.58,36.805,
2025-09-05T00:23:07.454Z,9,GR86-033-46,,24.200000000000003,33.531864166259766,-86.6199722290039,-0.868,0.8260000000000001,0.0,1.0,,35.955,36.61,
2025-09-05T00:23:07.497Z,9,GR86-033-46,1068.0,17.5,33.531864166259766,-86.6199722290039,-0.623,0.873,0.0,1.0,5606.0,35.31,35.985,
2025-09-05T00:23:07.540Z,9,GR86-033-46,,8.200000000000001,33.53184509277344,-86.61998748779297,-0.61,1.101,0.03,1.0,,26.81,27.835,103.8
2025-09-05T00:23:07.583Z,9,GR86-033-46,,7.9,33.53184509277344,-86.61998748779297,-0.648,0.963,0.02,1.0,,20.755,21.27,
2025-09-05T00:23:07.627Z,9,GR86-033-46,,9.2,33.53182601928711,-86.62000274658203,-0.538,0.953,0.01,1.0,,19.075,19.58,
2025-09-05T00:23:07.670Z,9,GR86-033-46,,9.5,33.53182601928711,-86.62000274658203,-0.533,1.012,0.02,1.0,,19.18,20.08,
2025-09-05T00:23:07.713Z,9,GR86-033-46,1074.0,12.8,33.53180694580078,-86.6200180053711,-0.637,1.015,0.02,1.0,6236.0,18.175,18.435,
2025-09-05T00:23:07.756Z,9,GR86-033-46,,21.6,33.53180694580078,-86.6200180053711,-0.577,1.064,0.04,1.0,,17.215,17.84,97.83
2025-09-05T00:23:07.799Z,9,GR86-033-46,,33.300000000000004,33.53180694580078,-86.6200180053711,-0.431,1.017,0.01,1.0,,17.06,17.395,
2025-09-05T00:23:07.842Z,9,GR86-033-46,,49.3,33.53178787231445,-86.62003326416016,-0.473,1.142,0.01,1.0,,16.62,17.12,
2025-09-05T00:23:07.885Z,9,GR86-033-46,,54.1,33.53178787231445,-86.62003326416016,-0.509,1.112,0.02,1.0,,15.185,15.75,
2025-09-05T00:23:07.971Z,9,GR86-033-46,1079.0,55.3,33.53177261352539,-86.62004852294922,-0.402,1.219,0.05,1.0,6246.0,12.5,13.08,92.27
2025-09-05T00:23:08.014Z,9,GR86-033-46,,55.5,33.53175354003906,-86.62006378173828,-0.389,1.145,0.01,1.0,,11.43,12.025,
2025-09-05T00:23:08.057Z,9,GR86-033-46,,56.7,33.53175354003906,-86.62006378173828,-0.39,1.149,0.01,1.0,,9.995,10.405,
2025-09-05T00:23:08.100Z,9,GR86-033-46,,56.900000000000006,33.531734466552734,-86.62007141113281,-0.453,1.098,0.02,1.0,,10.5,11.095,
2025-09-05T00:23:08.143Z,9,GR86-033-46,1083.0,56.0,33.531734466552734,-86.62007141113281,-0.399,1.15,0.04,1.0,6140.0,11.245,11.645,
2025-09-05T00:23:08.186Z,9,GR86-033-46,,55.8,33.531734466552734,-86.62007141113281,-0.358,1.186,0.01,1.0,,12.145,12.59,88.60000000000001
2025-09-05T00:23:08.229Z,9,GR86-033-46,,55.7,33.531715393066406,-86.62007904052734,-0.336,1.111,0.01,1.0,,13.08,13.37,
2025-09-05T00:23:08.272Z,9,GR86-033-46,,55.1,33.531715393066406,-86.62007904052734,-0.388,1.073,0.04,1.0,,15.03,15.43,
2025-09-05T00:23:08.315Z,9,GR86-033-46,,52.2,33.53169631958008,-86.6200942993164,-0.429,1.058,0.03,1.0,,16.94,17.12,
2025-09-05T00:23:08.359Z,9,GR86-033-46,1088.0,47.6,33.53169631958008,-86.6200942993164,-0.445,1.021,0.0,1.0,5854.0,18.985,19.275,
2025-09-05T00:23:08.402Z,9,GR86-033-46,,41.6,33.53167724609375,-86.62010192871094,-0.486,1.103,0.02,1.0,,22.585,22.845,85.18
2025-09-05T00:23:08.445Z,9,GR86-033-46,,42.6,33.53167724609375,-86.62010192871094,-0.428,1.061,0.03,1.0,,22.645,23.335,
2025-09-05T00:23:08.488Z,9,GR86-033-46,,50.2,33.53167724609375,-86.62010192871094,-0.466,1.029,0.02,1.0,,22.495,22.995,
2025-09-05T00:23:08.531Z,9,GR86-033-46,,60.5,33.53166198730469,-86.62010955810547,-0.445,1.156,0.02,1.0,,19.93,20.725,
2025-09-05T00:23:08.574Z,9,GR86-033-46,1092.0,68.3,33.53166198730469,-86.62010955810547,-0.439,1.133,0.02,1.0,5748.0,11.965,12.42,
2025-09-05T00:23:08.617Z,9,GR86-033-46,,71.0,33.53164291381836,-86.62010955810547,-0.312,1.253,0.02,1.0,,6.335,6.745,82.62
2025-09-05T00:23:08.660Z,9,GR86-033-46,,67.5,33.53164291381836,-86.62010955810547,-0.263,1.223,0.02,1.0,,4.655,5.16,
2025-09-05T00:23:08.703Z,9,GR86-033-46,,65.5,33.53162384033203,-86.6201171875,-0.281,1.27,0.02,1.0,,3.495,3.785,
2025-09-05T00:23:08.746Z,9,GR86-033-46,,66.9,33.53162384033203,-86.6201171875,-0.247,1.292,0.03,1.0,,0.0,0.0,
2025-09-05T00:23:08.789Z,9,GR86-033-46,1097.0,72.10000000000001,33.53162384033203,-86.6201171875,-0.18,1.313,0.02,1.0,5477.0,0.0,0.0,
2025-09-05T00:23:08.832Z,9,GR86-033-46,,79.10000000000001,33.5316047668457,-86.6201171875,-0.193,1.309,0.03,1.0,,0.0,0.0,76.46000000000001
2025-09-05T00:23:08.875Z,9,GR86-033-46,,85.7,33.5316047668457,-86.6201171875,-0.166,1.294,0.02,1.0,,0.0,0.0,
2025-09-05T00:23:08.919Z,9,GR86-033-46,,89.9,33.5316047668457,-86.6201171875,-0.176,1.355,0.03,1.0,,0.0,0.0,
2025-09-05T00:23:08.962Z,9,GR86-033-46,,92.4,33.53158950805664,-86.62012481689453,-0.162,1.318,0.02,1.0,,0.0,0.0,
2025-09-05T00:23:09.005Z,9,GR86-033-46,1101.0,93.2,33.53157043457031,-86.62012481689453,-0.168,1.256,0.01,1.0,5210.0,0.0,0.0,
2025-09-05T00:23:09.048Z,9,GR86-033-46,,93.8,33.53157043457031,-86.62012481689453,-0.186,1.329,0.0,1.0,,0.0,0.0,74.75
2025-09-05T00:23:09.091Z,9,GR86-033-46,,94.0,33.53157043457031,-86.62012481689453,-0.201,1.334,0.01,1.0,,0.0,0.0,
2025-09-05T00:23:09.134Z,9,GR86-033-46,,94.8,33.531551361083984,-86.62012481689453,-0.164,1.294,2.09,1.0,,0.0,0.0,
2025-09-05T00:23:09.177Z,9,GR86-033-46,,96.6,33.531551361083984,-86.62012481689453,-0.149,1.266,6.75,1.0,,0.0,0.0,
2025-09-05T00:23:09.222Z,9,GR86-033-46,1109.0,99.8,33.53153610229492,-86.62012481689453,-0.201,1.297,27.74,1.0,5061.0,0.0,0.0,
2025-09-05T00:23:09.265Z,9,GR86-033-46,,101.0,33.53153610229492,-86.62012481689453,-0.209,1.354,34.660000000000004,1.0,,0.0,0.0,73.18
2025-09-05T00:23:09.308Z,9,GR86-033-46,,101.5,33.531517028808594,-86.6201171875,-0.149,1.324,35.980000000000004,1.0,,0.0,0.0,
2025-09-05T00:23:09.351Z,9,GR86-033-46,,102.0,33.531517028808594,-86.6201171875,-0.105,1.305,40.16,1.0,,0.0,0.0,
2025-09-05T00:23:09.395Z,9,GR86-033-46,,102.3,33.531517028808594,-86.6201171875,-0.117,1.335,43.66,1.0,,0.0,0.0,
2025-09-05T00:23:09.438Z,9,GR86-033-46,1113.0,102.9,33.53150177001953,-86.6201171875,-0.029,1.348,43.7,1.0,4942.0,0.0,0.0,
2025-09-05T00:23:09.482Z,9,GR86-033-46,,104.3,33.53150177001953,-86.6201171875,0.177,1.261,44.34,1.0,,0.0,0.0,71.62
2025-09-05T00:23:09.525Z,9,GR86-033-46,,105.0,33.5314826965332,-86.62010955810547,0.237,1.278,49.1,1.0,,0.0,0.0,
2025-09-05T00:23:09.568Z,9,GR86-033-46,,105.3,33.5314826965332,-86.62010955810547,0.264,1.23,58.27,1.0,,0.0,0.0,
2025-09-05T00:23:09.611Z,9,GR86-033-46,,105.7,33.53146743774414,-86.62010192871094,0.26,1.252,62.99,1.0,,0.0,0.0,
2025-09-05T00:23:09.654Z,9,GR86-033-46,1117.0,106.0,33.53146743774414,-86.62010192871094,0.23,1.309,65.57000000000001,1.0,5377.0,0.0,0.0,
2025-09-05T00:23:09.697Z,9,GR86-033-46,,106.2,33.53146743774414,-86.62010192871094,0.219,1.327,68.68,1.0,,0.0,0.0,70.23
2025-09-05T00:23:09.740Z,9,GR86-033-46,,106.6,33.53145217895508,-86.6200942993164,0.238,1.33,72.9,1.0,,0.0,0.0,
2025-09-05T00:23:09.785Z,9,GR86-033-46,,106.6,33.53145217895508,-86.6200942993164,0.268,1.29,75.66,1.0,,0.0,0.0,
2025-09-05T00:23:09.828Z,9,GR86-033-46,,106.6,33.531436920166016,-86.62008666992188,0.319,1.223,77.04,1.0,,0.0,0.0,
2025-09-05T00:23:09.871Z,9,GR86-033-46,1121.0,106.6,33.531436920166016,-86.62008666992188,0.342,1.238,80.37,1.0,5410.0,0.0,0.0,
2025-09-05T00:23:09.914Z,9,GR86-033-46,,106.6,33.531436920166016,-86.62008666992188,0.318,1.274,88.96000000000001,1.0,,0.0,0.0,69.53
2025-09-05T00:23:09.957Z,9,GR86-033-46,,106.8,33.53142166137695,-86.62007904052734,0.307,1.242,94.4,1.0,,0.0,0.0,
2025-09-05T00:23:10.043Z,9,GR86-033-46,,106.8,33.53140640258789,-86.62006378173828,0.295,1.26,100.0,1.0,,0.0,0.0,
2025-09-05T00:23:10.086Z,9,GR86-033-46,1125.0,106.8,33.53140640258789,-86.62006378173828,0.335,1.214,100.0,1.0,5535.0,0.0,0.0,
2025-09-05T00:23:10.129Z,9,GR86-033-46,,106.6,33.53139114379883,-86.62005615234375,0.329,1.216,100.0,1.0,,0.0,0.0,70.54
2025-09-05T00:23:10.172Z,9,GR86-033-46,,106.5,33.53139114379883,-86.62005615234375,0.322,1.217,100.0,1.0,,0.0,0.0,
2025-09-05T00:23:10.215Z,9,GR86-033-46,,106.5,33.53137969970703,-86.62004089355469,0.3,1.18,100.0,1.0,,0.0,0.0,
2025-09-05T00:23:10.258Z,9,GR86-033-46,,106.5,33.53137969970703,-86.62004089355469,0.296,1.236,100.0,1.0,,0.0,0.0,
2025-09-05T00:23:10.301Z,9,GR86-033-46,1129.0,105.3,33.53136444091797,-86.62002563476562,0.289,1.255,100.0,1.0,5640.0,0.0,0.0,
2025-09-05T00:23:10.344Z,9,GR86-033-46,,102.4,33.53136444091797,-86.62002563476562,0.302,1.255,100.0,1.0,,0.0,0.0,72.10000000000001
2025-09-05T00:23:10.387Z,9,GR86-033-46,,94.8,33.53136444091797,-86.62002563476562,0.3,1.269,100.0,1.0,,0.0,0.0,
2025-09-05T00:23:10.430Z,9,GR86-033-46,,82.4,33.53135299682617,-86.62001037597656,0.317,1.258,100.0,1.0,,0.0,0.0,
2025-09-05T00:23:10.473Z,9,GR86-033-46,,67.60000000000001,33.53135299682617,-86.62001037597656,0.328,1.267,100.0,1.0,,0.0,0.0,
2025-09-05T00:23:10.516Z,9,GR86-033-46,1133.0,56.0,33.531341552734375,-86.6199951171875,0.334,1.275,100.0,1.0,5768.0,0.0,0.0,
2025-09-05T00:23:10.559Z,9,GR86-033-46,,48.6,33.531341552734375,-86.6199951171875,0.342,1.258,100.0,1.0,,0.0,0.0,74.26
2025-09-05T00:23:10.602Z,9,GR86-033-46,,42.0,33.53133010864258,-86.6199722290039,0.356,1.26,100.0,1.0,,0.0,0.0,
2025-09-05T00:23:10.645Z,9,GR86-033-46,,37.8,33.53133010864258,-86.6199722290039,0.357,1.248,100.0,1.0,,0.0,0.0,
2025-09-05T00:23:10.688Z,9,GR86-033-46,,32.800000000000004,33.53133010864258,-86.6199722290039,0.377,1.212,100.0,1.0,,0.0,0.0,
2025-09-05T00:23:10.731Z,9,GR86-033-46,1137.0,29.200000000000003,33.53131866455078,-86.61995697021484,0.369,1.193,100.0,1.0,5983.0,0.0,0.0,
2025-09-05T00:23:10.774Z,9,GR86-033-46,,28.6,33.53131866455078,-86.61995697021484,0.378,1.176,100.0,1.0,,0.0,0.0,76.36
2025-09-05T00:23:10.817Z,9,GR86-033-46,,28.6,33.531307220458984,-86.61993408203125,0.354,1.229,100.0,1.0,,0.0,0.0,
2025-09-05T00:23:10.860Z,9,GR86-033-46,,28.8,33.531307220458984,-86.61993408203125,0.371,1.176,100.0,1.0,,0.0,0.0,
2025-09-05T00:23:10.904Z,9,GR86-033-46,,30.3,33.531307220458984,-86.61993408203125,0.389,1.197,100.0,1.0,,0.0,0.0,
2025-09-05T00:23:10.948Z,9,GR86-033-46,1142.0,33.2,33.53129959106445,-86.61991119384766,0.407,1.179,100.0,1.0,6155.0,0.0,0.0,
2025-09-05T00:23:10.991Z,9,GR86-033-46,,36.2,33.53129959106445,-86.61991119384766,0.362,1.213,100.0,1.0,,0.0,0.0,78.69
2025-09-05T00:23:11.034Z,9,GR86-033-46,,40.8,33.53129196166992,-86.6198959350586,0.363,1.219,100.0,1.0,,0.0,0.0,
2025-09-05T00:23:11.077Z,9,GR86-033-46,,48.2,33.53129196166992,-86.6198959350586,0.353,1.224,100.0,1.0,,0.0,0.0,
2025-09-05T00:23:11.122Z,9,GR86-033-46,,60.2,33.53128433227539,-86.619873046875,0.374,1.207,100.0,1.0,,0.0,0.0,
2025-09-05T00:23:11.165Z,9,GR86-033-46,1146.0,62.7,33.53128433227539,-86.619873046875,0.368,1.22,100.0,1.0,6302.0,0.0,0.0,
2025-09-05T00:23:11.208Z,9,GR86-033-46,,60.2,33.53127670288086,-86.6198501586914,0.338,1.237,100.0,1.0,,0.0,0.0,80.42
2025-09-05T00:23:11.251Z,9,GR86-033-46,,53.2,33.53127670288086,-86.6198501586914,0.317,1.27,100.0,1.0,,0.0,0.0,
2025-09-05T00:23:11.294Z,9,GR86-033-46,,45.0,33.53127670288086,-86.6198501586914,0.338,1.227,100.0,1.0,,0.0,0.0,
2025-09-05T00:23:11.337Z,9,GR86-033-46,,37.5,33.531272888183594,-86.61981964111328,0.362,1.183,100.0,1.0,,0.0,0.0,
2025-09-05T00:23:11.380Z,9,GR86-033-46,1151.0,32.1,33.531272888183594,-86.61981964111328,0.386,1.127,100.0,1.0,6390.0,0.0,0.0,
2025-09-05T00:23:11.425Z,9,GR86-033-46,,32.1,33.53126907348633,-86.61979675292969,0.377,1.128,100.0,1.0,,0.0,0.0,83.78
2025-09-05T00:23:11.468Z,9,GR86-033-46,,33.800000000000004,33.53126907348633,-86.61979675292969,0.365,1.069,100.0,1.0,,0.0,0.0,
2025-09-05T00:23:11.511Z,9,GR86-033-46,,37.0,33.53126525878906,-86.6197738647461,0.389,1.098,100.0,1.0,,0.0,0.0,
2025-09-05T00:23:11.554Z,9,GR86-033-46,,42.1,33.53126525878906,-86.6197738647461,0.401,0.995,100.0,1.0,,0.0,0.0,
2025-09-05T00:23:11.597Z,9,GR86-033-46,1156.0,48.3,33.53126525878906,-86.6197738647461,0.394,1.021,100.0,1.0,6478.0,0.0,0.0,
2025-09-05T00:23:11.640Z,9,GR86-033-46,,54.1,33.5312614440918,-86.6197509765625,0.341,1.033,100.0,1.0,,0.0,0.0,85.89
2025-09-05T00:23:11.683Z,9,GR86-033-46,,54.5,33.5312614440918,-86.6197509765625,0.332,1.004,100.0,1.0,,0.0,0.0,
2025-09-05T00:23:11.726Z,9,GR86-033-46,,52.6,33.5312614440918,-86.61972045898438,0.35,1.011,100.0,1.0,,0.0,0.0,
2025-09-05T00:23:11.769Z,9,GR86-033-46,,47.900000000000006,33.5312614440918,-86.61972045898438,0.369,0.983,100.0,1.0,,0.0,0.0,
2025-09-05T00:23:11.813Z,9,GR86-033-46,1161.0,42.3,33.5312614440918,-86.61969757080078,0.347,0.957,100.0,1.0,6612.0,0.0,0.0,
2025-09-05T00:23:11.856Z,9,GR86-033-46,,37.8,33.5312614440918,-86.61969757080078,0.336,0.934,100.0,1.0,,0.0,0.0,87.60000000000001
2025-09-05T00:23:11.899Z,9,GR86-033-46,,36.3,33.5312614440918,-86.61969757080078,0.33,0.871,100.0,1.0,,0.0,0.0,
2025-09-05T00:23:11.942Z,9,GR86-033-46,,37.2,33.5312614440918,-86.61966705322266,0.371,0.875,100.0,1.0,,0.0,0.0,
2025-09-05T00:23:11.985Z,9,GR86-033-46,,38.7,33.5312614440918,-86.61966705322266,0.385,0.801,100.0,1.0,,0.0,0.0,
2025-09-05T00:23:12.028Z,9,GR86-033-46,1171.0,40.400000000000006,33.5312614440918,-86.61964416503906,0.363,0.85,100.0,1.0,6813.0,0.0,0.0,
2025-09-05T00:23:12.071Z,9,GR86-033-46,,42.3,33.5312614440918,-86.61964416503906,0.361,0.843,100.0,1.0,,0.0,0.0,89.61
2025-09-05T00:23:12.114Z,9,GR86-033-46,,43.900000000000006,33.5312614440918,-86.61962127685547,0.322,0.838,100.0,1.0,,0.0,0.0,
2025-09-05T00:23:12.157Z,9,GR86-033-46,,44.900000000000006,33.5312614440918,-86.61962127685547,0.349,0.872,100.0,1.0,,0.0,0.0,
2025-09-05T00:23:12.200Z,9,GR86-033-46,,45.0,33.53126525878906,-86.61959075927734,0.357,0.853,100.0,1.0,,0.0,0.0,
2025-09-05T00:23:12.245Z,9,GR86-033-46,1176.0,44.8,33.53126525878906,-86.61959075927734,0.339,0.85,100.0,1.0,6975.0,0.0,0.0,
2025-09-05T00:23:12.288Z,9,GR86-033-46,,43.2,33.53126525878906,-86.61959075927734,0.329,0.887,100.0,1.0,,0.0,0.0,91.34
2025-09-05T00:23:12.332Z,9,GR86-033-46,,40.0,33.53126907348633,-86.61956024169922,0.304,0.894,100.0,1.0,,0.0,0.0,
2025-09-05T00:23:12.375Z,9,GR86-033-46,,34.7,33.53126907348633,-86.61956024169922,0.292,0.907,100.0,1.0,,0.0,0.0,
2025-09-05T00:23:12.419Z,9,GR86-033-46,,29.4,33.531272888183594,-86.61953735351562,0.014,0.914,100.0,2.0,,0.0,0.0,
2025-09-05T00:23:12.462Z,9,GR86-033-46,1181.0,26.4,33.531272888183594,-86.61953735351562,0.397,0.8140000000000001,100.0,2.0,7121.0,0.0,0.0,
2025-09-05T00:23:12.505Z,9,GR86-033-46,,27.5,33.53127670288086,-86.6195068359375,0.542,0.6980000000000001,100.0,2.0,,0.0,0.0,92.69
2025-09-05T00:23:12.548Z,9,GR86-033-46,,30.700000000000003,33.53127670288086,-86.6195068359375,0.514,0.867,100.0,2.0,,0.0,0.0,
2025-09-05T00:23:12.591Z,9,GR86-033-46,,35.0,33.53127670288086,-86.6195068359375,0.535,0.91,100.0,2.0,,0.0,0.0,
2025-09-05T00:23:12.634Z,9,GR86-033-46,,36.3,33.53128433227539,-86.6194839477539,0.439,0.883,100.0,2.0,,0.0,0.0,
2025-09-05T00:23:12.677Z,9,GR86-033-46,1186.0,35.5,33.53128433227539,-86.6194839477539,0.301,1.003,100.0,2.0,6746.0,0.0,0.0,
2025-09-05T00:23:12.722Z,9,GR86-033-46,,32.300000000000004,33.531288146972656,-86.61945343017578,0.194,0.934,100.0,2.0,,0.0,0.0,95.59
2025-09-05T00:23:12.765Z,9,GR86-033-46,,29.200000000000003,33.531288146972656,-86.61945343017578,0.235,0.896,100.0,2.0,,0.0,0.0,
2025-09-05T00:23:12.808Z,9,GR86-033-46,,26.200000000000003,33.53129577636719,-86.61942291259766,0.343,0.81,100.0,2.0,,0.0,0.0,
2025-09-05T00:23:12.851Z,9,GR86-033-46,,25.200000000000003,33.53129577636719,-86.61942291259766,0.338,0.759,100.0,2.0,,0.0,0.0,
2025-09-05T00:23:12.894Z,9,GR86-033-46,1192.0,25.3,33.53129577636719,-86.61942291259766,0.335,0.71,100.0,2.0,5761.0,0.0,0.0,
2025-09-05T00:23:12.937Z,9,GR86-033-46,,25.4,33.53130340576172,-86.61940002441406,0.264,0.665,100.0,2.0,,0.0,0.0,96.31
2025-09-05T00:23:12.980Z,9,GR86-033-46,,25.5,33.53130340576172,-86.61940002441406,0.263,0.652,100.0,2.0,,0.0,0.0,
2025-09-05T00:23:13.023Z,9,GR86-033-46,,26.1,33.53131103515625,-86.61936950683594,0.281,0.651,100.0,2.0,,0.0,0.0,
2025-09-05T00:23:13.066Z,9,GR86-033-46,,26.4,33.53131103515625,-86.61936950683594,0.296,0.616,100.0,2.0,,0.0,0.0,
2025-09-05T00:23:13.109Z,9,GR86-033-46,1197.0,26.8,33.53132247924805,-86.61933898925781,0.302,0.614,100.0,2.0,5843.0,0.0,0.0,
2025-09-05T00:23:13.152Z,9,GR86-033-46,,27.3,33.53132247924805,-86.61933898925781,0.28,0.608,100.0,2.0,,0.0,0.0,98.6
2025-09-05T00:23:13.195Z,9,GR86-033-46,,28.0,33.53132247924805,-86.61933898925781,0.271,0.596,100.0,2.0,,0.0,0.0,
2025-09-05T00:23:13.238Z,9,GR86-033-46,,28.9,33.53133010864258,-86.61931610107422,0.283,0.623,100.0,2.0,,0.0,0.0,
2025-09-05T00:23:13.281Z,9,GR86-033-46,,29.6,33.53133010864258,-86.61931610107422,0.277,0.617,100.0,2.0,,0.0,0.0,
2025-09-05T00:23:13.325Z,9,GR86-033-46,1203.0,30.1,33.531341552734375,-86.6192855834961,0.283,0.629,100.0,2.0,5874.0,0.0,0.0,
2025-09-05T00:23:13.368Z,9,GR86-033-46,,30.5,33.531341552734375,-86.6192855834961,0.298,0.642,100.0,2.0,,0.0,0.0,100.38
2025-09-05T00:23:13.411Z,9,GR86-033-46,,30.5,33.53135299682617,-86.6192626953125,0.274,0.653,100.0,2.0,,0.0,0.0,
2025-09-05T00:23:13.454Z,9,GR86-033-46,,30.6,33.53135299682617,-86.6192626953125,0.284,0.6880000000000001,100.0,2.0,,0.0,0.0,
2025-09-05T00:23:13.497Z,9,GR86-033-46,,30.6,33.53135299682617,-86.6192626953125,0.269,0.6990000000000001,100.0,2.0,,0.0,0.0,
2025-09-05T00:23:13.540Z,9,GR86-033-46,1209.0,28.8,33.53136444091797,-86.61923217773438,0.264,0.7020000000000001,100.0,2.0,5951.0,0.0,0.0,
2025-09-05T00:23:13.583Z,9,GR86-033-46,,26.9,33.53136444091797,-86.61923217773438,0.281,0.704,100.0,2.0,,0.0,0.0,102.08
2025-09-05T00:23:13.627Z,9,GR86-033-46,,24.4,33.531375885009766,-86.61920166015625,0.287,0.656,100.0,2.0,,0.0,0.0,
2025-09-05T00:23:13.670Z,9,GR86-033-46,,22.200000000000003,33.531375885009766,-86.61920166015625,0.265,0.676,100.0,2.0,,0.0,0.0,
2025-09-05T00:23:13.713Z,9,GR86-033-46,,20.1,33.53138732910156,-86.61917877197266,0.279,0.628,100.0,2.0,,0.0,0.0,
2025-09-05T00:23:13.756Z,9,GR86-033-46,1215.0,18.9,33.53138732910156,-86.61917877197266,0.277,0.606,100.0,2.0,6049.0,0.0,0.0,
2025-09-05T00:23:13.799Z,9,GR86-033-46,,18.5,33.53138732910156,-86.61917877197266,0.288,0.599,100.0,2.0,,0.0,0.0,103.72
2025-09-05T00:23:13.842Z,9,GR86-033-46,,18.4,33.531402587890625,-86.61914825439453,0.295,0.559,100.0,2.0,,0.0,0.0,
2025-09-05T00:23:13.885Z,9,GR86-033-46,,18.1,33.531402587890625,-86.61914825439453,0.281,0.525,100.0,2.0,,0.0,0.0,
2025-09-05T00:23:13.928Z,9,GR86-033-46,,17.0,33.53141403198242,-86.61912536621094,0.272,0.514,100.0,2.0,,0.0,0.0,
2025-09-05T00:23:13.971Z,9,GR86-033-46,1220.0,15.6,33.53141403198242,-86.61912536621094,0.279,0.478,100.0,2.0,6155.0,0.0,0.0,
2025-09-05T00:23:14.014Z,9,GR86-033-46,,14.1,33.53141403198242,-86.61912536621094,0.261,0.479,100.0,2.0,,0.0,0.0,105.35
2025-09-05T00:23:14.057Z,9,GR86-033-46,,12.9,33.531429290771484,-86.61909484863281,0.286,0.442,100.0,2.0,,0.0,0.0,
2025-09-05T00:23:14.100Z,9,GR86-033-46,,12.6,33.53144454956055,-86.61907196044922,0.303,0.4,100.0,2.0,,0.0,0.0,
2025-09-05T00:23:14.143Z,9,GR86-033-46,,12.6,33.53144454956055,-86.61907196044922,0.268,0.392,100.0,2.0,,0.0,0.0,
2025-09-05T00:23:14.186Z,9,GR86-033-46,1226.0,12.6,33.53144454956055,-86.61907196044922,0.255,0.371,100.0,2.0,6246.0,0.0,0.0,
2025-09-05T00:23:14.229Z,9,GR86-033-46,,12.6,33.53145980834961,-86.6190414428711,0.266,0.337,100.0,2.0,,0.0,0.0,108.57
2025-09-05T00:23:14.272Z,9,GR86-033-46,,12.3,33.53145980834961,-86.6190414428711,0.257,0.347,100.0,2.0,,0.0,0.0,
2025-09-05T00:23:14.315Z,9,GR86-033-46,,11.2,33.53147506713867,-86.6190185546875,0.28,0.32,100.0,2.0,,0.0,0.0,
2025-09-05T00:23:14.358Z,9,GR86-033-46,,9.3,33.53147506713867,-86.6190185546875,0.278,0.314,100.0,2.0,,0.0,0.0,
2025-09-05T00:23:14.402Z,9,GR86-033-46,1233.0,6.5,33.531490325927734,-86.61898803710938,0.263,0.293,100.0,2.0,6333.0,0.0,0.0,
2025-09-05T00:23:14.445Z,9,GR86-033-46,,5.6000000000000005,33.531490325927734,-86.61898803710938,0.254,0.261,100.0,2.0,,0.0,0.0,110.27
2025-09-05T00:23:14.488Z,9,GR86-033-46,,5.0,33.531490325927734,-86.61898803710938,0.288,0.245,100.0,2.0,,0.0,0.0,
2025-09-05T00:23:14.531Z,9,GR86-033-46,,4.7,33.53150939941406,-86.61896514892578,0.264,0.254,100.0,2.0,,0.0,0.0,
2025-09-05T00:23:14.574Z,9,GR86-033-46,,4.7,33.53150939941406,-86.61896514892578,0.266,0.197,100.0,2.0,,0.0,0.0,
2025-09-05T00:23:14.617Z,9,GR86-033-46,1239.0,5.1000000000000005,33.531524658203125,-86.61893463134766,0.288,0.184,100.0,2.0,6402.0,0.0,0.0,
2025-09-05T00:23:14.660Z,9,GR86-033-46,,6.9,33.531524658203125,-86.61893463134766,0.268,0.168,100.0,2.0,,0.0,0.0,111.93
2025-09-05T00:23:14.703Z,9,GR86-033-46,,8.1,33.53153991699219,-86.61891174316406,0.251,0.155,100.0,2.0,,0.0,0.0,
2025-09-05T00:23:14.746Z,9,GR86-033-46,,8.8,33.53153991699219,-86.61891174316406,0.27,0.144,100.0,2.0,,0.0,0.0,
2025-09-05T00:23:14.789Z,9,GR86-033-46,,9.4,33.53153991699219,-86.61891174316406,0.278,0.185,100.0,2.0,,0.0,0.0,
2025-09-05T00:23:14.832Z,9,GR86-033-46,1251.0,9.7,33.53155899047852,-86.61888122558594,0.25,0.182,100.0,2.0,6607.0,0.0,0.0,
2025-09-05T00:23:14.875Z,9,GR86-033-46,,10.5,33.53155899047852,-86.61888122558594,0.293,0.216,100.0,2.0,,0.0,0.0,113.6
2025-09-05T00:23:14.918Z,9,GR86-033-46,,11.5,33.53155899047852,-86.61888122558594,0.267,0.253,100.0,2.0,,0.0,0.0,
2025-09-05T00:23:14.961Z,9,GR86-033-46,,11.8,33.531578063964844,-86.61885070800781,0.248,0.291,100.0,2.0,,0.0,0.0,
2025-09-05T00:23:15.004Z,9,GR86-033-46,,11.4,33.531593322753906,-86.61882781982422,0.25,0.281,100.0,2.0,,0.0,0.0,
2025-09-05T00:23:15.047Z,9,GR86-033-46,1258.0,10.9,33.531593322753906,-86.61882781982422,0.281,0.295,100.0,2.0,6703.0,0.0,0.0,
2025-09-05T00:23:15.090Z,9,GR86-033-46,,10.8,33.531593322753906,-86.61882781982422,0.278,0.306,100.0,2.0,,0.0,0.0,115.21
2025-09-05T00:23:15.133Z,9,GR86-033-46,,10.8,33.531612396240234,-86.6187973022461,0.276,0.295,100.0,2.0,,0.0,0.0,
2025-09-05T00:23:15.176Z,9,GR86-033-46,,10.8,33.531612396240234,-86.6187973022461,0.281,0.326,100.0,2.0,,0.0,0.0,
2025-09-05T00:23:15.219Z,9,GR86-033-46,,10.9,33.53163146972656,-86.6187744140625,0.251,0.329,100.0,2.0,,0.0,0.0,
2025-09-05T00:23:15.262Z,9,GR86-033-46,1265.0,11.0,33.53163146972656,-86.6187744140625,0.259,0.342,100.0,2.0,6814.0,0.0,0.0,
2025-09-05T00:23:15.305Z,9,GR86-033-46,,11.3,33.531646728515625,-86.61874389648438,0.268,0.343,100.0,2.0,,0.0,0.0,117.03
2025-09-05T00:23:15.348Z,9,GR86-033-46,,11.2,33.531646728515625,-86.61874389648438,0.29,0.356,100.0,2.0,,0.0,0.0,
2025-09-05T00:23:15.391Z,9,GR86-033-46,,10.9,33.531646728515625,-86.61874389648438,0.252,0.341,100.0,2.0,,0.0,0.0,
2025-09-05T00:23:15.434Z,9,GR86-033-46,,10.0,33.53166580200195,-86.61872100830078,0.263,0.32,100.0,2.0,,0.0,0.0,
2025-09-05T00:23:15.477Z,9,GR86-033-46,1271.0,9.6,33.53166580200195,-86.61872100830078,0.288,0.344,100.0,2.0,6891.0,0.0,0.0,
2025-09-05T00:23:15.522Z,9,GR86-033-46,,9.6,33.53168487548828,-86.61869049072266,0.285,0.344,100.0,2.0,,0.0,0.0,118.77
2025-09-05T00:23:15.565Z,9,GR86-033-46,,9.7,33.53168487548828,-86.61869049072266,0.263,0.328,100.0,2.0,,0.0,0.0,
2025-09-05T00:23:15.608Z,9,GR86-033-46,,9.9,33.531707763671875,-86.61865997314453,0.256,0.322,100.0,2.0,,0.0,0.0,
2025-09-05T00:23:15.652Z,9,GR86-033-46,,9.9,33.531707763671875,-86.61865997314453,0.27,0.352,100.0,2.0,,0.0,0.0,
2025-09-05T00:23:15.695Z,9,GR86-033-46,1278.0,9.8,33.531707763671875,-86.61865997314453,0.246,0.347,100.0,2.0,7012.0,0.0,0.0,
2025-09-05T00:23:15.738Z,9,GR86-033-46,,9.8,33.5317268371582,-86.61863708496094,0.261,0.328,100.0,2.0,,0.0,0.0,120.35
2025-09-05T00:23:15.782Z,9,GR86-033-46,,9.8,33.5317268371582,-86.61863708496094,0.252,0.32,100.0,2.0,,0.0,0.0,
2025-09-05T00:23:15.825Z,9,GR86-033-46,,9.8,33.53174591064453,-86.61860656738281,0.26,0.319,100.0,2.0,,0.0,0.0,
2025-09-05T00:23:15.868Z,9,GR86-033-46,,9.9,33.53174591064453,-86.61860656738281,0.266,0.352,100.0,2.0,,0.0,0.0,
2025-09-05T00:23:15.911Z,9,GR86-033-46,1285.0,10.0,33.53174591064453,-86.61860656738281,0.158,0.32,100.0,2.0,7094.0,0.0,0.0,
2025-09-05T00:23:15.954Z,9,GR86-033-46,,10.0,33.531768798828125,-86.61858367919922,-0.097,0.373,100.0,3.0,,0.0,0.0,121.95
2025-09-05T00:23:15.997Z,9,GR86-033-46,,10.0,33.531768798828125,-86.61858367919922,0.525,0.36,100.0,3.0,,0.0,0.0,
2025-09-05T00:23:16.040Z,9,GR86-033-46,,10.6,33.53178787231445,-86.6185531616211,0.398,0.301,100.0,3.0,,0.0,0.0,
2025-09-05T00:23:16.085Z,9,GR86-033-46,,10.6,33.53178787231445,-86.6185531616211,0.368,0.38,100.0,3.0,,0.0,0.0,
2025-09-05T00:23:16.128Z,9,GR86-033-46,1292.0,10.5,33.53181076049805,-86.6185302734375,0.21,0.314,100.0,3.0,7188.0,0.0,0.0,
2025-09-05T00:23:16.171Z,9,GR86-033-46,,10.4,33.53181076049805,-86.6185302734375,0.161,0.38,100.0,3.0,,0.0,0.0,123.72
2025-09-05T00:23:16.214Z,9,GR86-033-46,,10.3,33.531829833984375,-86.61849975585938,0.152,0.384,100.0,3.0,,0.0,0.0,
2025-09-05T00:23:16.257Z,9,GR86-033-46,,10.3,33.531829833984375,-86.61849975585938,0.215,0.33,100.0,3.0,,0.0,0.0,
2025-09-05T00:23:16.300Z,9,GR86-033-46,,10.3,33.53185272216797,-86.61847686767578,0.217,0.341,100.0,3.0,,0.0,0.0,
2025-09-05T00:23:16.343Z,9,GR86-033-46,1299.0,10.3,33.53185272216797,-86.61847686767578,0.209,0.349,100.0,3.0,6426.0,0.0,0.0,
2025-09-05T00:23:16.386Z,9,GR86-033-46,,10.3,33.53185272216797,-86.61847686767578,0.213,0.348,100.0,3.0,,0.0,0.0,125.39
2025-09-05T00:23:16.429Z,9,GR86-033-46,,10.3,33.53187561035156,-86.61844635009766,0.206,0.359,100.0,3.0,,0.0,0.0,
2025-09-05T00:23:16.472Z,9,GR86-033-46,,10.2,33.53187561035156,-86.61844635009766,0.203,0.346,100.0,3.0,,0.0,0.0,
2025-09-05T00:23:16.515Z,9,GR86-033-46,,10.2,33.53189849853516,-86.61841583251953,0.224,0.349,100.0,3.0,,0.0,0.0,
2025-09-05T00:23:16.558Z,9,GR86-033-46,1306.0,10.1,33.53189849853516,-86.61841583251953,0.211,0.336,100.0,3.0,6019.0,0.0,0.0,
2025-09-05T00:23:16.602Z,9,GR86-033-46,,10.0,33.53192138671875,-86.61839294433594,0.218,0.339,100.0,3.0,,0.0,0.0,127.14
2025-09-05T00:23:16.645Z,9,GR86-033-46,,10.0,33.53192138671875,-86.61839294433594,0.188,0.346,100.0,3.0,,0.0,0.0,
2025-09-05T00:23:16.688Z,9,GR86-033-46,,10.0,33.53192138671875,-86.61839294433594,0.207,0.352,100.0,3.0,,0.0,0.0,
2025-09-05T00:23:16.731Z,9,GR86-033-46,,9.8,33.531944274902344,-86.61836242675781,0.218,0.367,100.0,3.0,,0.0,0.0,
2025-09-05T00:23:16.774Z,9,GR86-033-46,1313.0,9.7,33.531944274902344,-86.61836242675781,0.215,0.351,100.0,3.0,6060.0,0.0,0.0,
2025-09-05T00:23:16.817Z,9,GR86-033-46,,9.7,33.53196716308594,-86.61833953857422,0.184,0.361,100.0,3.0,,0.0,0.0,128.71
2025-09-05T00:23:16.860Z,9,GR86-033-46,,9.7,33.53196716308594,-86.61833953857422,0.207,0.349,100.0,3.0,,0.0,0.0,
2025-09-05T00:23:16.903Z,9,GR86-033-46,,9.7,33.53196716308594,-86.61833953857422,0.207,0.346,100.0,3.0,,0.0,0.0,
2025-09-05T00:23:16.946Z,9,GR86-033-46,,9.7,33.53199005126953,-86.6183090209961,0.205,0.316,100.0,3.0,,0.0,0.0,
2025-09-05T00:23:16.989Z,9,GR86-033-46,1320.0,9.7,33.53199005126953,-86.6183090209961,0.209,0.327,100.0,3.0,6134.0,0.0,0.0,
2025-09-05T00:23:17.032Z,9,GR86-033-46,,9.7,33.53201675415039,-86.6182861328125,0.189,0.319,100.0,3.0,,0.0,0.0,131.71
2025-09-05T00:23:17.075Z,9,GR86-033-46,,9.7,33.53201675415039,-86.6182861328125,0.2,0.336,100.0,3.0,,0.0,0.0,
2025-09-05T00:23:17.119Z,9,GR86-033-46,,9.7,33.532039642333984,-86.6182632446289,0.22,0.368,100.0,3.0,,0.0,0.0,
2025-09-05T00:23:17.162Z,9,GR86-033-46,,9.6,33.532039642333984,-86.6182632446289,0.208,0.365,100.0,3.0,,0.0,0.0,
2025-09-05T00:23:17.205Z,9,GR86-033-46,1328.0,9.6,33.532066345214844,-86.61823272705078,0.212,0.362,100.0,3.0,6190.0,0.0,0.0,
2025-09-05T00:23:17.248Z,9,GR86-033-46,,9.5,33.532066345214844,-86.61823272705078,0.209,0.357,100.0,3.0,,0.0,0.0,133.2
2025-09-05T00:23:17.291Z,9,GR86-033-46,,9.3,33.532066345214844,-86.61823272705078,0.197,0.347,100.0,3.0,,0.0,0.0,
2025-09-05T00:23:17.334Z,9,GR86-033-46,,9.1,33.5320930480957,-86.61820983886719,0.196,0.333,100.0,3.0,,0.0,0.0,
2025-09-05T00:23:17.377Z,9,GR86-033-46,,8.9,33.5320930480957,-86.61820983886719,0.207,0.302,100.0,3.0,,0.0,0.0,
2025-09-05T00:23:17.422Z,9,GR86-033-46,1343.0,8.0,33.5321159362793,-86.61817932128906,0.192,0.32,100.0,3.0,6333.0,0.0,0.0,
2025-09-05T00:23:17.465Z,9,GR86-033-46,,7.2,33.5321159362793,-86.61817932128906,0.205,0.306,100.0,3.0,,0.0,0.0,134.83
2025-09-05T00:23:17.508Z,9,GR86-033-46,,6.800000000000001,33.53214263916016,-86.61815643310547,0.222,0.293,100.0,3.0,,0.0,0.0,
2025-09-05T00:23:17.551Z,9,GR86-033-46,,6.800000000000001,33.53214263916016,-86.61815643310547,0.191,0.269,100.0,3.0,,0.0,0.0,
2025-09-05T00:23:17.594Z,9,GR86-033-46,,6.800000000000001,33.53214263916016,-86.61815643310547,0.187,0.28,100.0,3.0,,0.0,0.0,
2025-09-05T00:23:17.637Z,9,GR86-033-46,1351.0,6.800000000000001,33.532169342041016,-86.61813354492188,0.199,0.261,100.0,3.0,6407.0,0.0,0.0,
2025-09-05T00:23:17.680Z,9,GR86-033-46,,6.800000000000001,33.532169342041016,-86.61813354492188,0.217,0.268,100.0,3.0,,0.0,0.0,136.37
2025-09-05T00:23:17.724Z,9,GR86-033-46,,6.800000000000001,33.532196044921875,-86.61810302734375,0.213,0.238,100.0,3.0,,0.0,0.0,
2025-09-05T00:23:17.767Z,9,GR86-033-46,,6.800000000000001,33.532196044921875,-86.61810302734375,0.202,0.25,100.0,3.0,,0.0,0.0,
2025-09-05T00:23:17.810Z,9,GR86-033-46,,6.800000000000001,33.532222747802734,-86.61808013916016,0.19,0.26,100.0,3.0,,0.0,0.0,
2025-09-05T00:23:17.853Z,9,GR86-033-46,1358.0,6.800000000000001,33.532222747802734,-86.61808013916016,0.186,0.267,100.0,3.0,6480.0,0.0,0.0,
2025-09-05T00:23:17.896Z,9,GR86-033-46,,6.800000000000001,33.532222747802734,-86.61808013916016,0.208,0.24,100.0,3.0,,0.0,0.0,137.94
2025-09-05T00:23:17.939Z,9,GR86-033-46,,6.800000000000001,33.532249450683594,-86.61804962158203,0.199,0.23,100.0,3.0,,0.0,0.0,
2025-09-05T00:23:17.982Z,9,GR86-033-46,,6.9,33.532249450683594,-86.61804962158203,0.199,0.234,100.0,3.0,,0.0,0.0,
2025-09-05T00:23:18.025Z,9,GR86-033-46,,6.9,33.53227615356445,-86.61802673339844,0.197,0.246,100.0,3.0,,0.0,0.0,
2025-09-05T00:23:18.068Z,9,GR86-033-46,1366.0,6.9,33.53227615356445,-86.61802673339844,0.23,0.285,100.0,3.0,6543.0,0.0,0.0,
2025-09-05T00:23:18.111Z,9,GR86-033-46,,6.9,33.53230667114258,-86.61800384521484,0.199,0.249,100.0,3.0,,0.0,0.0,139.53
2025-09-05T00:23:18.154Z,9,GR86-033-46,,7.0,33.53230667114258,-86.61800384521484,0.183,0.237,100.0,3.0,,0.0,0.0,
2025-09-05T00:23:18.197Z,9,GR86-033-46,,7.0,33.53230667114258,-86.61800384521484,0.191,0.254,100.0,3.0,,0.0,0.0,
2025-09-05T00:23:18.240Z,9,GR86-033-46,,6.800000000000001,33.53233337402344,-86.61797332763672,0.199,0.245,100.0,3.0,,0.0,0.0,
2025-09-05T00:23:18.283Z,9,GR86-033-46,1374.0,6.7,33.53233337402344,-86.61797332763672,0.228,0.234,100.0,3.0,6626.0,0.0,0.0,
2025-09-05T00:23:18.326Z,9,GR86-033-46,,6.7,33.5323600769043,-86.61795043945312,0.214,0.243,100.0,3.0,,0.0,0.0,141.09
2025-09-05T00:23:18.369Z,9,GR86-033-46,,6.5,33.5323600769043,-86.61795043945312,0.187,0.248,100.0,3.0,,0.0,0.0,
2025-09-05T00:23:18.412Z,9,GR86-033-46,,6.5,33.53239059448242,-86.61792755126953,0.179,0.237,100.0,3.0,,0.0,0.0,
2025-09-05T00:23:18.455Z,9,GR86-033-46,,6.4,33.53239059448242,-86.61792755126953,0.189,0.219,100.0,3.0,,0.0,0.0,
2025-09-05T00:23:18.499Z,9,GR86-033-46,1382.0,6.4,33.53239059448242,-86.61792755126953,0.22,0.224,100.0,3.0,6715.0,0.0,0.0,
2025-09-05T00:23:18.542Z,9,GR86-033-46,,6.4,33.53241729736328,-86.6178970336914,0.19,0.217,100.0,3.0,,0.0,0.0,142.70000000000002
2025-09-05T00:23:18.585Z,9,GR86-033-46,,6.2,33.53241729736328,-86.6178970336914,0.209,0.206,100.0,3.0,,0.0,0.0,
2025-09-05T00:23:18.628Z,9,GR86-033-46,,5.9,33.532447814941406,-86.61787414550781,0.213,0.217,100.0,3.0,,0.0,0.0,
2025-09-05T00:23:18.671Z,9,GR86-033-46,,5.6000000000000005,33.532447814941406,-86.61787414550781,0.219,0.243,100.0,3.0,,0.0,0.0,
2025-09-05T00:23:18.714Z,9,GR86-033-46,1390.0,5.4,33.53247833251953,-86.61785125732422,0.189,0.232,100.0,3.0,6782.0,0.0,0.0,
2025-09-05T00:23:18.758Z,9,GR86-033-46,,5.300000000000001,33.53247833251953,-86.61785125732422,0.181,0.21,100.0,3.0,,0.0,0.0,144.25
2025-09-05T00:23:18.803Z,9,GR86-033-46,,5.300000000000001,33.53250503540039,-86.61782836914062,0.189,0.222,100.0,3.0,,0.0,0.0,
2025-09-05T00:23:18.846Z,9,GR86-033-46,,5.300000000000001,33.53250503540039,-86.61782836914062,0.192,0.193,100.0,3.0,,0.0,0.0,
2025-09-05T00:23:18.889Z,9,GR86-033-46,,5.300000000000001,33.53250503540039,-86.61782836914062,0.201,0.199,100.0,3.0,,0.0,0.0,
2025-09-05T00:23:18.932Z,9,GR86-033-46,1398.0,5.6000000000000005,33.53253555297852,-86.6177978515625,0.221,0.199,100.0,3.0,6850.0,0.0,0.0,
2025-09-05T00:23:18.976Z,9,GR86-033-46,,5.6000000000000005,33.53253555297852,-86.6177978515625,0.21,0.229,100.0,3.0,,0.0,0.0,145.82
2025-09-05T00:23:19.022Z,9,GR86-033-46,,5.6000000000000005,33.53256607055664,-86.6177749633789,0.206,0.212,100.0,3.0,,0.0,0.0,
2025-09-05T00:23:19.065Z,9,GR86-033-46,,5.7,33.53256607055664,-86.6177749633789,0.222,0.22,100.0,3.0,,0.0,0.0,
2025-09-05T00:23:19.108Z,9,GR86-033-46,,5.7,33.532596588134766,-86.61775207519531,0.216,0.227,100.0,3.0,,0.0,0.0,
2025-09-05T00:23:19.151Z,9,GR86-033-46,1407.0,5.7,33.532596588134766,-86.61775207519531,0.186,0.213,100.0,3.0,6920.0,0.0,0.0,
2025-09-05T00:23:19.194Z,9,GR86-033-46,,5.5,33.532596588134766,-86.61775207519531,0.176,0.196,100.0,3.0,,0.0,0.0,147.42000000000002
2025-09-05T00:23:19.237Z,9,GR86-033-46,,5.300000000000001,33.53262710571289,-86.61772155761719,0.193,0.19,100.0,3.0,,0.0,0.0,
2025-09-05T00:23:19.280Z,9,GR86-033-46,,5.0,33.53262710571289,-86.61772155761719,0.188,0.189,100.0,3.0,,0.0,0.0,
2025-09-05T00:23:19.323Z,9,GR86-033-46,,4.4,33.532657623291016,-86.6176986694336,0.176,0.198,100.0,3.0,,0.0,0.0,
2025-09-05T00:23:19.366Z,9,GR86-033-46,1415.0,4.0,33.532657623291016,-86.6176986694336,0.202,0.2,100.0,3.0,6987.0,0.0,0.0,
2025-09-05T00:23:19.409Z,9,GR86-033-46,,4.0,33.53268814086914,-86.61767578125,0.222,0.186,100.0,3.0,,0.0,0.0,148.99
2025-09-05T00:23:19.452Z,9,GR86-033-46,,3.9,33.53268814086914,-86.61767578125,0.221,0.195,100.0,3.0,,0.0,0.0,
2025-09-05T00:23:19.495Z,9,GR86-033-46,,3.6,33.53268814086914,-86.61767578125,0.201,0.193,100.0,3.0,,0.0,0.0,
2025-09-05T00:23:19.538Z,9,GR86-033-46,,3.5,33.53272247314453,-86.6176528930664,0.185,0.169,100.0,3.0,,0.0,0.0,
2025-09-05T00:23:19.581Z,9,GR86-033-46,1423.0,3.3000000000000003,33.53272247314453,-86.6176528930664,0.207,0.144,100.0,3.0,7059.0,0.0,0.0,
2025-09-05T00:23:19.625Z,9,GR86-033-46,,3.2,33.532752990722656,-86.61762237548828,0.193,0.156,100.0,3.0,,0.0,0.0,152.0
2025-09-05T00:23:19.668Z,9,GR86-033-46,,3.1,33.532752990722656,-86.61762237548828,0.176,0.121,100.0,3.0,,0.0,0.0,
2025-09-05T00:23:19.711Z,9,GR86-033-46,,3.0,33.53278350830078,-86.61759948730469,0.179,0.122,100.0,3.0,,0.0,0.0,
2025-09-05T00:23:19.754Z,9,GR86-033-46,,2.7,33.53278350830078,-86.61759948730469,0.189,0.119,100.0,3.0,,0.0,0.0,
2025-09-05T00:23:19.797Z,9,GR86-033-46,1432.0,2.5,33.53278350830078,-86.61759948730469,0.172,0.123,100.0,3.0,7135.0,0.0,0.0,
2025-09-05T00:23:19.840Z,9,GR86-033-46,,1.7000000000000002,33.53281784057617,-86.6175765991211,-0.065,0.122,100.0,4.0,,0.0,0.0,153.46
2025-09-05T00:23:19.883Z,9,GR86-033-46,,1.7000000000000002,33.53281784057617,-86.6175765991211,0.469,0.074,100.0,4.0,,0.0,0.0,
2025-09-05T00:23:19.927Z,9,GR86-033-46,,1.7000000000000002,33.5328483581543,-86.61754608154297,0.313,0.042,100.0,4.0,,0.0,0.0,
2025-09-05T00:23:19.970Z,9,GR86-033-46,,1.6,33.5328483581543,-86.61754608154297,0.262,0.133,100.0,4.0,,0.0,0.0,
2025-09-05T00:23:20.013Z,9,GR86-033-46,1440.0,1.5,33.53288269042969,-86.61752319335938,0.117,0.079,100.0,4.0,7202.0,0.0,0.0,
2025-09-05T00:23:20.056Z,9,GR86-033-46,,1.5,33.53288269042969,-86.61752319335938,0.082,0.043,100.0,4.0,,0.0,0.0,154.95000000000002
2025-09-05T00:23:20.099Z,9,GR86-033-46,,1.5,33.53288269042969,-86.61752319335938,0.173,0.083,100.0,4.0,,0.0,0.0,
2025-09-05T00:23:20.142Z,9,GR86-033-46,,1.5,33.53291320800781,-86.61750030517578,0.197,0.074,100.0,4.0,,0.0,0.0,
2025-09-05T00:23:20.185Z,9,GR86-033-46,,1.5,33.53291320800781,-86.61750030517578,0.144,0.093,100.0,4.0,,0.0,0.0,
2025-09-05T00:23:20.228Z,9,GR86-033-46,1458.0,1.3,33.5329475402832,-86.61747741699219,0.143,0.074,100.0,4.0,6073.0,0.0,0.0,
2025-09-05T00:23:20.271Z,9,GR86-033-46,,1.4,33.5329475402832,-86.61747741699219,0.17,0.068,100.0,4.0,,0.0,0.0,156.02
2025-09-05T00:23:20.314Z,9,GR86-033-46,,1.3,33.53297805786133,-86.61744689941406,0.173,0.067,100.0,4.0,,0.0,0.0,
2025-09-05T00:23:20.357Z,9,GR86-033-46,,1.4,33.53297805786133,-86.61744689941406,0.158,0.083,100.0,4.0,,0.0,0.0,
2025-09-05T00:23:20.400Z,9,GR86-033-46,,1.1,33.53301239013672,-86.61742401123047,0.145,0.079,100.0,4.0,,0.0,0.0,
2025-09-05T00:23:20.443Z,9,GR86-033-46,1467.0,1.0,33.53301239013672,-86.61742401123047,0.161,0.077,100.0,4.0,6191.0,0.0,0.0,
2025-09-05T00:23:20.486Z,9,GR86-033-46,,1.2000000000000002,33.53301239013672,-86.61742401123047,0.168,0.09,100.0,4.0,,0.0,0.0,157.45000000000002
2025-09-05T00:23:20.529Z,9,GR86-033-46,,1.6,33.53304672241211,-86.61740112304688,0.147,0.103,100.0,4.0,,0.0,0.0,
2025-09-05T00:23:20.572Z,9,GR86-033-46,,1.0,33.53304672241211,-86.61740112304688,0.168,0.098,100.0,4.0,,0.0,0.0,
2025-09-05T00:23:20.615Z,9,GR86-033-46,,0.0,33.533077239990234,-86.61737060546875,0.18,0.083,100.0,4.0,,0.0,0.0,
2025-09-05T00:23:20.658Z,9,GR86-033-46,1475.0,-0.2,33.533077239990234,-86.61737060546875,0.161,0.074,100.0,4.0,6244.0,0.0,0.0,
2025-09-05T00:23:20.701Z,9,GR86-033-46,,-0.4,33.533111572265625,-86.61734771728516,0.162,0.069,100.0,4.0,,0.0,0.0,158.53
2025-09-05T00:23:20.744Z,9,GR86-033-46,,-0.4,33.533111572265625,-86.61734771728516,0.17,0.069,100.0,4.0,,0.0,0.0,
2025-09-05T00:23:20.787Z,9,GR86-033-46,,-0.4,33.533111572265625,-86.61734771728516,0.16,0.074,100.0,4.0,,0.0,0.0,
2025-09-05T00:23:20.830Z,9,GR86-033-46,,-0.4,33.533145904541016,-86.61732482910156,0.183,0.033,100.0,4.0,,0.0,0.0,
2025-09-05T00:23:20.873Z,9,GR86-033-46,1484.0,-0.4,33.533145904541016,-86.61732482910156,0.165,0.042,100.0,4.0,6284.0,0.0,0.0,
2025-09-05T00:23:20.916Z,9,GR86-033-46,,-0.8,33.533145904541016,-86.61732482910156,0.152,0.018,100.0,4.0,,0.0,0.0,159.68
2025-09-05T00:23:20.959Z,9,GR86-033-46,,-1.2000000000000002,33.533180236816406,-86.61729431152344,0.155,0.012,100.0,4.0,,0.0,0.0,
2025-09-05T00:23:21.002Z,9,GR86-033-46,,-2.1,33.53321075439453,-86.61727142333984,0.167,0.024,100.0,4.0,,0.0,0.0,
2025-09-05T00:23:21.045Z,9,GR86-033-46,,-2.2,33.53321075439453,-86.61727142333984,0.157,0.018,100.0,4.0,,0.0,0.0,
2025-09-05T00:23:21.088Z,9,GR86-033-46,1493.0,-2.3000000000000003,33.53321075439453,-86.61727142333984,0.162,-0.003,100.0,4.0,6315.0,0.0,0.0,
2025-09-05T00:23:21.131Z,9,GR86-033-46,,-2.3000000000000003,33.53324508666992,-86.61724853515625,0.159,-0.014,100.0,4.0,,0.0,0.0,160.85
2025-09-05T00:23:21.174Z,9,GR86-033-46,,-2.5,33.53324508666992,-86.61724853515625,0.159,-0.015,100.0,4.0,,0.0,0.0,
2025-09-05T00:23:21.217Z,9,GR86-033-46,,-2.7,33.53327941894531,-86.61721801757812,0.147,-0.029,100.0,4.0,,0.0,0.0,
2025-09-05T00:23:21.260Z,9,GR86-033-46,,-3.2,33.53327941894531,-86.61721801757812,0.169,-0.037,100.0,4.0,,0.0,0.0,
2025-09-05T00:23:21.303Z,9,GR86-033-46,1502.0,-3.6,33.5333137512207,-86.61719512939453,0.145,-0.047,100.0,4.0,6359.0,0.0,0.0,
2025-09-05T00:23:21.346Z,9,GR86-033-46,,-3.8,33.5333137512207,-86.61719512939453,0.158,-0.055,100.0,4.0,,0.0,0.0,161.85
2025-09-05T00:23:21.389Z,9,GR86-033-46,,-3.8,33.5333137512207,-86.61719512939453,0.148,-0.049,100.0,4.0,,0.0,0.0,
2025-09-05T00:23:21.432Z,9,GR86-033-46,,-3.6,33.533348083496094,-86.6171646118164,0.154,-0.064,100.0,4.0,,0.0,0.0,
2025-09-05T00:23:21.475Z,9,GR86-033-46,,-3.2,33.533348083496094,-86.6171646118164,0.149,-0.039,100.0,4.0,,0.0,0.0,
2025-09-05T00:23:21.519Z,9,GR86-033-46,1512.0,-2.8000000000000003,33.533382415771484,-86.61714172363281,0.146,-0.067,100.0,4.0,6398.0,0.0,0.0,
2025-09-05T00:23:21.562Z,9,GR86-033-46,,-2.5,33.533382415771484,-86.61714172363281,0.157,-0.073,100.0,4.0,,0.0,0.0,162.87
2025-09-05T00:23:21.605Z,9,GR86-033-46,,-2.1,33.533416748046875,-86.61711883544922,0.146,-0.075,100.0,4.0,,0.0,0.0,
2025-09-05T00:23:21.648Z,9,GR86-033-46,,-1.5,33.533416748046875,-86.61711883544922,0.16,-0.057,100.0,4.0,,0.0,0.0,
2025-09-05T00:23:21.691Z,9,GR86-033-46,,-1.1,33.533416748046875,-86.61711883544922,0.159,-0.044,100.0,4.0,,0.0,0.0,
2025-09-05T00:23:21.734Z,9,GR86-033-46,1521.0,-1.0,33.533451080322266,-86.6170883178711,0.132,-0.016,100.0,4.0,6449.0,0.0,0.0,
2025-09-05T00:23:21.777Z,9,GR86-033-46,,-1.0,33.533451080322266,-86.6170883178711,0.132,0.0,100.0,4.0,,0.0,0.0,163.9
2025-09-05T00:23:21.822Z,9,GR86-033-46,,-1.2000000000000002,33.533485412597656,-86.6170654296875,0.148,0.021,100.0,4.0,,0.0,0.0,
2025-09-05T00:23:21.865Z,9,GR86-033-46,,-1.5,33.533485412597656,-86.6170654296875,0.142,0.014,100.0,4.0,,0.0,0.0,
2025-09-05T00:23:21.908Z,9,GR86-033-46,,-1.9,33.533485412597656,-86.6170654296875,0.135,0.011,100.0,4.0,,0.0,0.0,
2025-09-05T00:23:21.951Z,9,GR86-033-46,1530.0,-2.6,33.53351974487305,-86.61703491210938,0.142,0.017,100.0,4.0,6489.0,0.0,0.0,
2025-09-05T00:23:21.995Z,9,GR86-033-46,,-3.4000000000000004,33.53351974487305,-86.61703491210938,0.151,-0.002,100.0,4.0,,0.0,0.0,164.88
2025-09-05T00:23:22.038Z,9,GR86-033-46,,-3.8,33.53355407714844,-86.61701202392578,0.16,-0.01,100.0,4.0,,0.0,0.0,
2025-09-05T00:23:22.082Z,9,GR86-033-46,,-4.3,33.53355407714844,-86.61701202392578,0.133,-0.048,100.0,4.0,,0.0,0.0,
2025-09-05T00:23:22.125Z,9,GR86-033-46,,-4.5,33.53358840942383,-86.61698150634766,0.134,-0.056,100.0,4.0,,0.0,0.0,
2025-09-05T00:23:22.168Z,9,GR86-033-46,1539.0,-4.5,33.53358840942383,-86.61698150634766,0.145,-0.063,100.0,4.0,6521.0,0.0,0.0,
2025-09-05T00:23:22.211Z,9,GR86-033-46,,-4.5,33.53362274169922,-86.61695098876953,0.156,-0.084,100.0,4.0,,0.0,0.0,165.89
2025-09-05T00:23:22.254Z,9,GR86-033-46,,-4.3,33.53362274169922,-86.61695098876953,0.142,-0.075,100.0,4.0,,0.0,0.0,
2025-09-05T00:23:22.297Z,9,GR86-033-46,,-4.0,33.53362274169922,-86.61695098876953,0.136,-0.104,100.0,4.0,,0.0,0.0,
2025-09-05T00:23:22.340Z,9,GR86-033-46,,-3.3000000000000003,33.53365707397461,-86.61692810058594,0.153,-0.107,100.0,4.0,,0.0,0.0,
2025-09-05T00:23:22.385Z,9,GR86-033-46,1548.0,-2.8000000000000003,33.53365707397461,-86.61692810058594,0.168,-0.111,100.0,4.0,6574.0,0.0,0.0,
2025-09-05T00:23:22.428Z,9,GR86-033-46,,-2.6,33.53369140625,-86.61689758300781,0.151,-0.078,100.0,4.0,,0.0,0.0,167.78
2025-09-05T00:23:22.471Z,9,GR86-033-46,,-2.6,33.53369140625,-86.61689758300781,0.143,-0.088,100.0,4.0,,0.0,0.0,
2025-09-05T00:23:22.514Z,9,GR86-033-46,,-2.6,33.533729553222656,-86.61687469482422,0.145,-0.057,100.0,4.0,,0.0,0.0,
2025-09-05T00:23:22.557Z,9,GR86-033-46,,-2.6,33.533729553222656,-86.61687469482422,0.132,-0.057,100.0,4.0,,0.0,0.0,
2025-09-05T00:23:22.600Z,9,GR86-033-46,1558.0,-3.0,33.53376388549805,-86.6168441772461,0.164,-0.035,100.0,4.0,6608.0,0.0,0.0,
2025-09-05T00:23:22.643Z,9,GR86-033-46,,-3.3000000000000003,33.53376388549805,-86.6168441772461,0.158,-0.05,100.0,4.0,,0.0,0.0,168.77
2025-09-05T00:23:22.686Z,9,GR86-033-46,,-3.5,33.53376388549805,-86.6168441772461,0.16,-0.062,100.0,4.0,,0.0,0.0,
2025-09-05T00:23:22.729Z,9,GR86-033-46,,-3.6,33.53379821777344,-86.61681365966797,0.132,-0.045,100.0,4.0,,0.0,0.0,
2025-09-05T00:23:22.772Z,9,GR86-033-46,,-3.7,33.53379821777344,-86.61681365966797,0.128,-0.065,100.0,4.0,,0.0,0.0,
2025-09-05T00:23:22.815Z,9,GR86-033-46,1567.0,-3.7,33.53383255004883,-86.61679077148438,0.127,-0.056,100.0,4.0,6638.0,0.0,0.0,
2025-09-05T00:23:22.858Z,9,GR86-033-46,,-3.6,33.53383255004883,-86.61679077148438,0.127,-0.078,100.0,4.0,,0.0,0.0,169.72
2025-09-05T00:23:22.901Z,9,GR86-033-46,,-3.3000000000000003,33.53383255004883,-86.61679077148438,0.17,-0.086,100.0,4.0,,0.0,0.0,
2025-09-05T00:23:22.944Z,9,GR86-033-46,,-3.4000000000000004,33.53386688232422,-86.61676025390625,0.175,-0.066,100.0,4.0,,0.0,0.0,
2025-09-05T00:23:22.987Z,9,GR86-033-46,,-3.6,33.53386688232422,-86.61676025390625,0.162,-0.065,100.0,4.0,,0.0,0.0,
2025-09-05T00:23:23.030Z,9,GR86-033-46,1586.0,-3.6,33.53390121459961,-86.61672973632812,0.16,-0.077,100.0,4.0,6710.0,0.0,0.0,
2025-09-05T00:23:23.073Z,9,GR86-033-46,,-3.4000000000000004,33.53390121459961,-86.61672973632812,0.159,-0.074,100.0,4.0,,0.0,0.0,170.73
2025-09-05T00:23:23.116Z,9,GR86-033-46,,-2.9000000000000004,33.533939361572266,-86.61669921875,0.149,-0.088,100.0,4.0,,0.0,0.0,
2025-09-05T00:23:23.159Z,9,GR86-033-46,,-2.7,33.533939361572266,-86.61669921875,0.144,-0.062,100.0,4.0,,0.0,0.0,
2025-09-05T00:23:23.202Z,9,GR86-033-46,,-2.7,33.533973693847656,-86.6166763305664,0.148,-0.047,100.0,4.0,,0.0,0.0,
2025-09-05T00:23:23.245Z,9,GR86-033-46,1596.0,-2.7,33.533973693847656,-86.6166763305664,0.168,-0.058,100.0,4.0,6759.0,0.0,0.0,
2025-09-05T00:23:23.288Z,9,GR86-033-46,,-2.7,33.533973693847656,-86.6166763305664,0.171,-0.045,39.21,4.0,,0.0,0.0,171.8
2025-09-05T00:23:23.331Z,9,GR86-033-46,,-2.7,33.53400802612305,-86.61664581298828,0.16,-0.052,0.0,4.0,,0.0,0.0,
2025-09-05T00:23:23.374Z,9,GR86-033-46,,-2.7,33.53400802612305,-86.61664581298828,0.164,-0.052,0.0,4.0,,0.0,0.0,
2025-09-05T00:23:23.417Z,9,GR86-033-46,,-2.5,33.53404235839844,-86.61661529541016,0.035,-0.039,0.05,4.0,,0.0,0.0,
2025-09-05T00:23:23.460Z,9,GR86-033-46,1605.0,-1.8,33.53404235839844,-86.61661529541016,-0.14,-0.048,0.0,4.0,6781.0,0.0,0.0,
2025-09-05T00:23:23.504Z,9,GR86-033-46,,-1.7000000000000002,33.534080505371094,-86.61658477783203,-0.363,-0.063,0.0,4.0,,0.0,0.0,172.74
2025-09-05T00:23:23.547Z,9,GR86-033-46,,-1.7000000000000002,33.534080505371094,-86.61658477783203,-0.146,-0.028,0.0,4.0,,5.25,5.585,
2025-09-05T00:23:23.590Z,9,GR86-033-46,,-2.0,33.534080505371094,-86.61658477783203,-0.121,-0.035,0.0,4.0,,9.905,10.21,
2025-09-05T00:23:23.633Z,9,GR86-033-46,,-2.4000000000000004,33.534114837646484,-86.6165542602539,-0.299,-0.071,0.0,4.0,,15.685,15.9,
2025-09-05T00:23:23.676Z,9,GR86-033-46,1615.0,-3.5,33.534114837646484,-86.6165542602539,-0.495,-0.048,0.0,4.0,6542.0,23.06,23.335,
2025-09-05T00:23:23.719Z,9,GR86-033-46,,-7.1000000000000005,33.534149169921875,-86.61652374267578,-0.611,-0.059,0.0,4.0,,38.35,38.53,173.61
2025-09-05T00:23:23.762Z,9,GR86-033-46,,-17.1,33.534149169921875,-86.61652374267578,-1.142,-0.148,0.0,4.0,,68.33500000000001,68.15,
2025-09-05T00:23:23.805Z,9,GR86-033-46,,-22.0,33.534183502197266,-86.61649322509766,-1.302,-0.221,0.0,4.0,,83.12,83.215,
2025-09-05T00:23:23.848Z,9,GR86-033-46,,-23.200000000000003,33.534183502197266,-86.61649322509766,-1.359,-0.253,0.0,4.0,,94.08,94.675,
2025-09-05T00:23:23.891Z,9,GR86-033-46,1625.0,-21.6,33.534183502197266,-86.61649322509766,-1.318,-0.286,0.0,4.0,6644.0,101.585,103.4,
2025-09-05T00:23:23.934Z,9,GR86-033-46,,-20.3,33.534217834472656,-86.61647033691406,-1.418,-0.25,0.0,4.0,,103.495,104.96,173.49
2025-09-05T00:23:23.977Z,9,GR86-033-46,,-20.9,33.534217834472656,-86.61647033691406,-1.339,-0.264,0.0,4.0,,97.22,99.375,
2025-09-05T00:23:24.022Z,9,GR86-033-46,,-26.4,33.53425216674805,-86.61643981933594,-1.186,-0.279,0.0,4.0,,68.87,69.875,
2025-09-05T00:23:24.065Z,9,GR86-033-46,,-30.0,33.53425216674805,-86.61643981933594,-1.104,-0.507,0.0,4.0,,46.205,47.55,
2025-09-05T00:23:24.108Z,9,GR86-033-46,1633.0,-29.4,33.53428268432617,-86.61640930175781,-0.854,-0.713,0.0,4.0,6354.0,31.055,32.410000000000004,
2025-09-05T00:23:24.151Z,9,GR86-033-46,,-23.4,33.53428268432617,-86.61640930175781,-0.656,-0.8,0.0,4.0,,25.27,26.11,168.74
2025-09-05T00:23:24.194Z,9,GR86-033-46,,-17.1,33.53428268432617,-86.61640930175781,-0.608,-0.81,0.0,4.0,,23.12,23.865,
2025-09-05T00:23:24.237Z,9,GR86-033-46,,-16.7,33.5343132019043,-86.61638641357422,-0.662,-0.8230000000000001,0.0,4.0,,23.655,24.34,
2025-09-05T00:23:24.280Z,9,GR86-033-46,,-28.0,33.5343132019043,-86.61638641357422,-0.607,-1.017,0.0,4.0,,29.27,29.68,
2025-09-05T00:23:24.324Z,9,GR86-033-46,1642.0,-35.4,33.53434371948242,-86.6163558959961,-0.601,-1.041,0.0,4.0,5645.0,32.2,32.78,
2025-09-05T00:23:24.367Z,9,GR86-033-46,,-37.8,33.53434371948242,-86.6163558959961,-0.686,-1.0,0.0,4.0,,33.77,34.335,154.78
2025-09-05T00:23:24.410Z,9,GR86-033-46,,-35.9,33.53437423706055,-86.6163330078125,-0.6950000000000001,-1.003,0.0,4.0,,34.49,35.435,
2025-09-05T00:23:24.453Z,9,GR86-033-46,,-29.700000000000003,33.53437423706055,-86.6163330078125,-0.662,-1.038,0.0,4.0,,31.575,32.305,
2025-09-05T00:23:24.496Z,9,GR86-033-46,,-20.5,33.53437423706055,-86.6163330078125,-0.618,-1.053,0.0,4.0,,23.99,24.585,
2025-09-05T00:23:24.539Z,9,GR86-033-46,1650.0,-12.4,33.534400939941406,-86.61630249023438,-0.478,-0.985,0.0,4.0,5750.0,14.085,14.545,
2025-09-05T00:23:24.582Z,9,GR86-033-46,,-10.7,33.534400939941406,-86.61630249023438,-0.31,-0.925,0.0,4.0,,8.975,9.46,152.16
2025-09-05T00:23:24.625Z,9,GR86-033-46,,-13.8,33.534427642822266,-86.61627197265625,-0.413,-0.973,0.0,4.0,,9.46,10.025,
2025-09-05T00:23:24.668Z,9,GR86-033-46,,-14.9,33.534427642822266,-86.61627197265625,-0.384,-0.987,0.0,4.0,,9.69,10.085,
2025-09-05T00:23:24.711Z,9,GR86-033-46,,-15.8,33.534454345703125,-86.61624908447266,-0.325,-1.02,0.0,4.0,,9.215,9.81,
2025-09-05T00:23:24.754Z,9,GR86-033-46,1658.0,-21.4,33.534454345703125,-86.61624908447266,-0.302,-0.963,0.0,4.0,5502.0,7.645,8.120000000000001,
2025-09-05T00:23:24.797Z,9,GR86-033-46,,-30.700000000000003,33.534454345703125,-86.61624908447266,-0.325,-1.046,0.0,4.0,,7.525,7.95,149.38
2025-09-05T00:23:24.840Z,9,GR86-033-46,,-41.0,33.534481048583984,-86.61621856689453,-0.357,-1.011,0.0,4.0,,8.455,9.005,
2025-09-05T00:23:24.884Z,9,GR86-033-46,,-41.900000000000006,33.534481048583984,-86.61621856689453,-0.372,-1.022,0.0,4.0,,8.575000000000001,9.005,
2025-09-05T00:23:24.927Z,9,GR86-033-46,,-41.900000000000006,33.53450393676758,-86.6161880493164,-0.331,-0.991,0.0,4.0,,8.605,9.005,
2025-09-05T00:23:24.970Z,9,GR86-033-46,1666.0,-42.7,33.53450393676758,-86.6161880493164,-0.331,-0.998,0.0,4.0,5450.0,8.975,9.4,
2025-09-05T00:23:25.013Z,9,GR86-033-46,,-42.900000000000006,33.53453063964844,-86.61615753173828,-0.393,-1.102,0.0,4.0,,7.765000000000001,8.24,144.8
2025-09-05T00:23:25.056Z,9,GR86-033-46,,-41.0,33.53453063964844,-86.61615753173828,-0.308,-1.073,0.0,4.0,,2.075,2.395,
2025-09-05T00:23:25.100Z,9,GR86-033-46,,-33.2,33.53455352783203,-86.61612701416016,-0.208,-1.107,0.0,4.0,,0.0,0.0,
2025-09-05T00:23:25.145Z,9,GR86-033-46,,-25.200000000000003,33.53455352783203,-86.61612701416016,-0.144,-1.051,1.16,4.0,,0.0,0.0,
2025-09-05T00:23:25.188Z,9,GR86-033-46,1674.0,-19.700000000000003,33.53455352783203,-86.61612701416016,-0.145,-1.047,11.23,4.0,5409.0,0.0,0.0,
2025-09-05T00:23:25.232Z,9,GR86-033-46,,-20.700000000000003,33.53457260131836,-86.61609649658203,-0.168,-1.032,12.25,4.0,,0.0,0.0,139.67000000000002
2025-09-05T00:23:25.275Z,9,GR86-033-46,,-27.3,33.53457260131836,-86.61609649658203,-0.146,-1.039,12.39,4.0,,0.0,0.0,
2025-09-05T00:23:25.318Z,9,GR86-033-46,,-34.1,33.53459548950195,-86.6160659790039,-0.079,-1.1,13.24,4.0,,0.0,0.0,
2025-09-05T00:23:25.361Z,9,GR86-033-46,,-32.800000000000004,33.53459548950195,-86.6160659790039,-0.092,-1.185,14.95,4.0,,0.0,0.0,
2025-09-05T00:23:25.404Z,9,GR86-033-46,1682.0,-21.8,33.53461456298828,-86.61603546142578,-0.114,-1.187,17.19,4.0,5265.0,0.0,0.0,
2025-09-05T00:23:25.447Z,9,GR86-033-46,,-6.2,33.53461456298828,-86.61603546142578,-0.06,-1.22,18.17,4.0,,0.0,0.0,138.07
2025-09-05T00:23:25.490Z,9,GR86-033-46,,4.1000000000000005,33.53461456298828,-86.61603546142578,0.039,-1.189,18.75,4.0,,0.0,0.0,
2025-09-05T00:23:25.534Z,9,GR86-033-46,,4.2,33.534637451171875,-86.61600494384766,0.035,-1.148,22.02,4.0,,0.0,0.0,
2025-09-05T00:23:25.578Z,9,GR86-033-46,,-4.1000000000000005,33.534637451171875,-86.61600494384766,0.02,-1.158,27.59,4.0,,0.0,0.0,
2025-09-05T00:23:25.622Z,9,GR86-033-46,1697.0,-24.4,33.53465270996094,-86.615966796875,0.039,-1.21,33.910000000000004,4.0,5361.0,0.0,0.0,
2025-09-05T00:23:25.665Z,9,GR86-033-46,,-35.800000000000004,33.53465270996094,-86.615966796875,-0.051,-1.432,33.97,4.0,,0.0,0.0,136.42000000000002
2025-09-05T00:23:25.708Z,9,GR86-033-46,,-44.6,33.534671783447266,-86.61593627929688,-0.042,-1.175,37.03,4.0,,0.0,0.0,
2025-09-05T00:23:25.751Z,9,GR86-033-46,,-48.5,33.534671783447266,-86.61593627929688,0.076,-1.21,50.58,4.0,,0.0,0.0,
2025-09-05T00:23:25.794Z,9,GR86-033-46,,-46.7,33.534671783447266,-86.61593627929688,0.066,-1.089,77.29,4.0,,0.0,0.0,
2025-09-05T00:23:25.837Z,9,GR86-033-46,1704.0,-40.2,33.53468704223633,-86.61589813232422,-0.069,-0.864,100.0,4.0,5300.0,0.0,0.0,
2025-09-05T00:23:25.880Z,9,GR86-033-46,,-25.5,33.53468704223633,-86.61589813232422,0.016,-0.811,100.0,4.0,,0.0,0.0,134.9
2025-09-05T00:23:25.923Z,9,GR86-033-46,,-19.0,33.53470230102539,-86.6158676147461,0.2,-0.758,100.0,4.0,,0.0,0.0,
2025-09-05T00:23:25.966Z,9,GR86-033-46,,-18.9,33.53470230102539,-86.6158676147461,0.239,-0.971,100.0,4.0,,0.0,0.0,
2025-09-05T00:23:26.009Z,9,GR86-033-46,,-25.0,33.53471755981445,-86.61582946777344,0.294,-0.925,100.0,4.0,,0.0,0.0,
2025-09-05T00:23:26.052Z,9,GR86-033-46,1712.0,-31.9,33.53471755981445,-86.61582946777344,0.2,-1.143,100.0,4.0,5325.0,0.0,0.0,
2025-09-05T00:23:26.095Z,9,GR86-033-46,,-36.9,33.53471755981445,-86.61582946777344,0.092,-1.125,100.0,4.0,,0.0,0.0,134.1
2025-09-05T00:23:26.138Z,9,GR86-033-46,,-40.1,33.53473281860352,-86.61579132080078,0.106,-1.071,100.0,4.0,,0.0,0.0,
2025-09-05T00:23:26.181Z,9,GR86-033-46,,-39.400000000000006,33.53473281860352,-86.61579132080078,0.125,-1.106,0.0,4.0,,0.0,0.0,
2025-09-05T00:23:26.225Z,9,GR86-033-46,,-35.9,33.53474426269531,-86.61575317382812,0.121,-0.985,0.06,4.0,,0.0,0.0,
2025-09-05T00:23:26.268Z,9,GR86-033-46,1719.0,-31.3,33.53474426269531,-86.61575317382812,0.119,-0.91,0.05,4.0,5494.0,0.0,0.0,
2025-09-05T00:23:26.311Z,9,GR86-033-46,,-27.0,33.534759521484375,-86.61572265625,-0.137,-0.756,0.0,4.0,,0.0,0.0,134.25
2025-09-05T00:23:26.354Z,9,GR86-033-46,,-23.8,33.534759521484375,-86.61572265625,-0.081,-0.6930000000000001,0.0,4.0,,10.315,10.865,
2025-09-05T00:23:26.397Z,9,GR86-033-46,,-21.6,33.534759521484375,-86.61572265625,-0.38,-0.804,0.0,4.0,,14.68,15.185,
2025-09-05T00:23:26.440Z,9,GR86-033-46,,-17.2,33.53477096557617,-86.61568450927734,-0.587,-1.007,0.0,4.0,,19.67,20.235,
2025-09-05T00:23:26.483Z,9,GR86-033-46,1727.0,-8.6,33.53477096557617,-86.61568450927734,-0.621,-0.934,0.0,4.0,5386.0,21.595,22.095,
2025-09-05T00:23:26.526Z,9,GR86-033-46,,2.2,33.5347785949707,-86.61564636230469,-0.519,-0.657,0.0,4.0,,23.805,24.17,135.16
2025-09-05T00:23:26.569Z,9,GR86-033-46,,6.300000000000001,33.5347785949707,-86.61564636230469,-0.537,-0.549,0.03,4.0,,28.0,28.0,
2025-09-05T00:23:26.612Z,9,GR86-033-46,,4.0,33.5347900390625,-86.61560821533203,-0.707,-0.529,0.0,4.0,,36.775,36.67,
2025-09-05T00:23:26.655Z,9,GR86-033-46,,0.1,33.5347900390625,-86.61560821533203,-0.662,-0.411,0.02,4.0,,45.37,45.46,
2025-09-05T00:23:26.698Z,9,GR86-033-46,1734.0,-0.6000000000000001,33.5347900390625,-86.61560821533203,-0.895,-0.262,0.02,3.0,5178.0,53.0,52.8,
2025-09-05T00:23:26.741Z,9,GR86-033-46,,-2.8000000000000003,33.53479766845703,-86.61557006835938,-1.035,-0.066,0.0,3.0,,63.865,65.235,135.74
2025-09-05T00:23:26.784Z,9,GR86-033-46,,-7.6,33.53479766845703,-86.61557006835938,-1.132,-0.243,0.02,3.0,,67.39,68.5,
2025-09-05T00:23:26.828Z,9,GR86-033-46,,-11.6,33.53480529785156,-86.61553192138672,-1.118,-0.242,0.01,3.0,,62.46,62.72,
2025-09-05T00:23:26.871Z,9,GR86-033-46,,-15.0,33.53480529785156,-86.61553192138672,-1.081,-0.171,0.0,3.0,,61.115,62.595,
2025-09-05T00:23:26.914Z,9,GR86-033-46,1741.0,-15.6,33.53480529785156,-86.61553192138672,-1.073,-0.355,0.0,3.0,4982.0,57.895,59.055,
2025-09-05T00:23:26.957Z,9,GR86-033-46,,-11.9,33.53481674194336,-86.61549377441406,-0.869,-0.325,0.02,3.0,,51.625,51.84,132.99
2025-09-05T00:23:27.000Z,9,GR86-033-46,,-1.4,33.53482437133789,-86.61546325683594,-1.021,-0.238,0.0,3.0,,47.81,48.955,
2025-09-05T00:23:27.043Z,9,GR86-033-46,,7.300000000000001,33.53482437133789,-86.61546325683594,-0.97,-0.233,0.03,2.0,,46.025,47.09,
2025-09-05T00:23:27.086Z,9,GR86-033-46,,10.5,33.53482437133789,-86.61546325683594,-1.146,-0.096,0.0,2.0,,45.935,46.68,
2025-09-05T00:23:27.129Z,9,GR86-033-46,1748.0,8.4,33.53482818603516,-86.61542510986328,-1.183,-0.007,0.04,2.0,5272.0,46.175,47.43,
2025-09-05T00:23:27.172Z,9,GR86-033-46,,4.5,33.53482818603516,-86.61542510986328,-1.123,-0.207,0.06,2.0,,42.65,43.615,124.12
2025-09-05T00:23:27.215Z,9,GR86-033-46,,3.6,33.53483581542969,-86.61539459228516,-1.107,-0.282,0.01,2.0,,36.58,36.93,
2025-09-05T00:23:27.258Z,9,GR86-033-46,,6.4,33.53483581542969,-86.61539459228516,-0.863,-0.012,0.03,2.0,,34.06,34.93,
2025-09-05T00:23:27.301Z,9,GR86-033-46,,6.4,33.53484344482422,-86.61536407470703,-0.835,-0.495,0.01,2.0,,31.3,31.65,
2025-09-05T00:23:27.344Z,9,GR86-033-46,1754.0,0.1,33.53484344482422,-86.61536407470703,-0.949,-0.175,0.03,2.0,5252.0,31.68,32.105000000000004,
2025-09-05T00:23:27.387Z,9,GR86-033-46,,-7.800000000000001,33.53484344482422,-86.61536407470703,-0.721,0.051,0.04,2.0,,30.245,31.025,118.07
2025-09-05T00:23:27.430Z,9,GR86-033-46,,-13.9,33.534847259521484,-86.6153335571289,-0.66,0.003,0.02,2.0,,31.27,31.74,
2025-09-05T00:23:27.473Z,9,GR86-033-46,,-16.400000000000002,33.534847259521484,-86.6153335571289,-0.6960000000000001,0.134,0.02,2.0,,30.045,30.765,
2025-09-05T00:23:27.516Z,9,GR86-033-46,,-15.4,33.534854888916016,-86.61530303955078,-0.8220000000000001,-0.044,0.0,2.0,,28.645,29.435,
2025-09-05T00:23:27.559Z,9,GR86-033-46,1760.0,-9.9,33.534854888916016,-86.61530303955078,-0.608,-0.048,0.0,2.0,5804.0,26.66,27.435,
2025-09-05T00:23:27.602Z,9,GR86-033-46,,-4.800000000000001,33.53485870361328,-86.61527252197266,-0.7020000000000001,0.058,0.04,2.0,,25.395,26.11,112.88
2025-09-05T00:23:27.645Z,9,GR86-033-46,,-5.800000000000001,33.53485870361328,-86.61527252197266,-0.583,-0.035,0.0,2.0,,24.585,24.89,
2025-09-05T00:23:27.688Z,9,GR86-033-46,,-8.700000000000001,33.53485870361328,-86.61527252197266,-0.636,-0.018,0.0,2.0,,23.655,24.02,
2025-09-05T00:23:27.731Z,9,GR86-033-46,,-9.8,33.53486251831055,-86.61524200439453,-0.487,-0.119,0.02,1.0,,22.675,23.53,
2025-09-05T00:23:27.774Z,9,GR86-033-46,1766.0,-12.4,33.53486251831055,-86.61524200439453,-0.612,-0.209,0.0,1.0,5903.0,20.905,21.305,
2025-09-05T00:23:27.817Z,9,GR86-033-46,,-17.900000000000002,33.53486633300781,-86.6152114868164,-0.725,-0.183,0.0,1.0,,20.755,21.27,106.13
2025-09-05T00:23:27.860Z,9,GR86-033-46,,-21.8,33.53486633300781,-86.6152114868164,-0.655,-0.42,0.0,1.0,,19.12,19.825,
2025-09-05T00:23:27.903Z,9,GR86-033-46,,-21.6,33.53486633300781,-86.6152114868164,-0.547,-0.255,0.02,1.0,,16.86,17.215,
2025-09-05T00:23:27.946Z,9,GR86-033-46,,-24.5,33.534873962402344,-86.61518096923828,-0.729,-0.237,0.0,1.0,,16.77,17.150000000000002,
2025-09-05T00:23:27.989Z,9,GR86-033-46,1771.0,-29.4,33.534873962402344,-86.61518096923828,-0.677,-0.447,0.0,1.0,5496.0,17.715,18.36,
2025-09-05T00:23:28.032Z,9,GR86-033-46,,-34.2,33.53487777709961,-86.61515808105469,-0.5750000000000001,-0.515,0.0,1.0,,18.055,18.435,97.26
2025-09-05T00:23:28.075Z,9,GR86-033-46,,-35.5,33.53487777709961,-86.61515808105469,-0.56,-0.585,0.0,1.0,,17.215,17.655,
2025-09-05T00:23:28.118Z,9,GR86-033-46,,-30.700000000000003,33.534881591796875,-86.61512756347656,-0.533,-0.638,0.0,1.0,,16.055,16.68,
2025-09-05T00:23:28.161Z,9,GR86-033-46,,-21.9,33.534881591796875,-86.61512756347656,-0.411,-0.475,0.0,1.0,,15.215,15.565,
2025-09-05T00:23:28.204Z,9,GR86-033-46,1776.0,-26.1,33.53488540649414,-86.61510467529297,-0.43,-0.451,0.0,1.0,6159.0,15.335,15.99,
2025-09-05T00:23:28.247Z,9,GR86-033-46,,-40.900000000000006,33.53488540649414,-86.61510467529297,-0.449,-0.505,0.0,1.0,,16.315,16.65,94.16
2025-09-05T00:23:28.290Z,9,GR86-033-46,,-59.2,33.53488540649414,-86.61510467529297,-0.489,-0.579,0.0,1.0,,18.295,18.585,
2025-09-05T00:23:28.333Z,9,GR86-033-46,,-73.0,33.534889221191406,-86.61507415771484,-0.526,-0.708,0.0,1.0,,19.64,20.145,
2025-09-05T00:23:28.376Z,9,GR86-033-46,,-78.60000000000001,33.534889221191406,-86.61507415771484,-0.526,-0.761,0.03,1.0,,21.03,21.595,
2025-09-05T00:23:28.419Z,9,GR86-033-46,1781.0,-78.4,33.534889221191406,-86.61505126953125,-0.545,-0.845,0.0,1.0,6760.0,22.555,22.905,
2025-09-05T00:23:28.462Z,9,GR86-033-46,,-73.3,33.534889221191406,-86.61505126953125,-0.534,-0.966,0.0,1.0,,24.83,25.425,91.75
2025-09-05T00:23:28.505Z,9,GR86-033-46,,-69.5,33.53489303588867,-86.61502838134766,-0.528,-0.903,0.0,1.0,,24.34,24.675,
2025-09-05T00:23:28.549Z,9,GR86-033-46,,-65.4,33.53489303588867,-86.61502838134766,-0.516,-0.905,0.0,1.0,,26.63,26.965,
2025-09-05T00:23:28.592Z,9,GR86-033-46,,-60.0,33.53489303588867,-86.61502838134766,-0.578,-0.8250000000000001,0.0,1.0,,28.995,29.115,
2025-09-05T00:23:28.636Z,9,GR86-033-46,1791.0,-54.400000000000006,33.53489303588867,-86.61499786376953,-0.669,-0.849,0.0,1.0,6225.0,30.675,30.9,
2025-09-05T00:23:28.679Z,9,GR86-033-46,,-49.1,33.53489303588867,-86.61499786376953,-0.5750000000000001,-0.94,0.0,1.0,,30.93,31.68,88.71000000000001
2025-09-05T00:23:28.722Z,9,GR86-033-46,,-44.3,33.53489303588867,-86.61497497558594,-0.519,-0.926,0.0,1.0,,29.59,30.49,
2025-09-05T00:23:28.765Z,9,GR86-033-46,,-39.6,33.53489303588867,-86.61497497558594,-0.541,-0.921,0.0,1.0,,29.985,30.55,
2025-09-05T00:23:28.808Z,9,GR86-033-46,,-31.4,33.53489303588867,-86.61495208740234,-0.531,-0.952,0.0,1.0,,24.95,25.485,
2025-09-05T00:23:28.851Z,9,GR86-033-46,1796.0,-26.4,33.53489303588867,-86.61495208740234,-0.464,-0.937,0.0,1.0,5827.0,10.715,11.035,
2025-09-05T00:23:28.895Z,9,GR86-033-46,,-30.700000000000003,33.53489303588867,-86.61495208740234,-0.307,-0.936,0.0,1.0,,2.165,2.4250000000000003,86.57000000000001
2025-09-05T00:23:28.938Z,9,GR86-033-46,,-42.8,33.53489303588867,-86.61492919921875,-0.256,-0.974,0.0,1.0,,0.0,0.0,
2025-09-05T00:23:28.982Z,9,GR86-033-46,,-60.3,33.53489303588867,-86.61492919921875,-0.291,-1.265,1.77,1.0,,0.0,0.0,
2025-09-05T00:23:29.025Z,9,GR86-033-46,,-66.5,33.53489303588867,-86.61490631103516,-0.251,-1.174,0.18,1.0,,0.0,0.0,
2025-09-05T00:23:29.068Z,9,GR86-033-46,1800.0,-68.3,33.53489303588867,-86.61490631103516,-0.184,-1.196,0.25,1.0,5426.0,0.0,0.0,
2025-09-05T00:23:29.111Z,9,GR86-033-46,,-69.5,33.534889221191406,-86.61488342285156,-0.159,-1.224,0.04,1.0,,0.0,0.0,82.43
2025-09-05T00:23:29.154Z,9,GR86-033-46,,-71.2,33.534889221191406,-86.61488342285156,-0.222,-1.083,1.88,1.0,,0.0,0.0,
2025-09-05T00:23:29.197Z,9,GR86-033-46,,-72.7,33.534889221191406,-86.61488342285156,-0.314,-1.255,13.04,1.0,,0.0,0.0,
2025-09-05T00:23:29.240Z,9,GR86-033-46,,-74.3,33.53488540649414,-86.61486053466797,-0.312,-1.464,26.31,1.0,,0.0,0.0,
2025-09-05T00:23:29.285Z,9,GR86-033-46,1805.0,-76.2,33.53488540649414,-86.61486053466797,-0.25,-1.498,35.09,1.0,5551.0,0.0,0.0,
2025-09-05T00:23:29.328Z,9,GR86-033-46,,-77.2,33.534881591796875,-86.61483764648438,-0.196,-1.616,38.97,1.0,,0.0,0.0,80.67
2025-09-05T00:23:29.371Z,9,GR86-033-46,,-78.0,33.534881591796875,-86.61483764648438,-0.169,-1.474,43.66,1.0,,0.0,0.0,
2025-09-05T00:23:29.414Z,9,GR86-033-46,,-79.10000000000001,33.53487777709961,-86.61481475830078,-0.143,-1.466,56.02,1.0,,0.0,0.0,
2025-09-05T00:23:29.457Z,9,GR86-033-46,,-80.10000000000001,33.53487777709961,-86.61481475830078,-0.068,-1.46,69.78,1.0,,0.0,0.0,
2025-09-05T00:23:29.500Z,9,GR86-033-46,1809.0,-80.0,33.53487014770508,-86.61479187011719,0.193,-1.416,78.94,1.0,5477.0,0.0,0.0,
2025-09-05T00:23:29.543Z,9,GR86-033-46,,-79.10000000000001,33.53487014770508,-86.61479187011719,0.23,-1.442,78.99,1.0,,0.0,0.0,79.45
2025-09-05T00:23:29.586Z,9,GR86-033-46,,-78.30000000000001,33.53487014770508,-86.61479187011719,0.246,-1.421,79.02,1.0,,0.0,0.0,
2025-09-05T00:23:29.629Z,9,GR86-033-46,,-78.30000000000001,33.53486251831055,-86.61477661132812,0.141,-1.39,80.61,1.0,,0.0,0.0,
2025-09-05T00:23:29.672Z,9,GR86-033-46,,-78.30000000000001,33.53486251831055,-86.61477661132812,0.186,-1.216,86.95,1.0,,0.0,0.0,
2025-09-05T00:23:29.715Z,9,GR86-033-46,1813.0,-78.60000000000001,33.534854888916016,-86.61475372314453,0.15,-1.207,92.05,1.0,5889.0,0.0,0.0,
2025-09-05T00:23:29.758Z,9,GR86-033-46,,-78.60000000000001,33.534854888916016,-86.61475372314453,0.28,-1.081,92.82,1.0,,0.0,0.0,78.7
2025-09-05T00:23:29.801Z,9,GR86-033-46,,-78.10000000000001,33.53484344482422,-86.61473083496094,0.252,-1.103,94.38,1.0,,0.0,0.0,
2025-09-05T00:23:29.845Z,9,GR86-033-46,,-77.0,33.53484344482422,-86.61473083496094,0.346,-1.068,96.01,1.0,,0.0,0.0,
2025-09-05T00:23:29.888Z,9,GR86-033-46,,-75.4,33.53484344482422,-86.61473083496094,0.271,-1.042,97.77,1.0,,0.0,0.0,
2025-09-05T00:23:29.931Z,9,GR86-033-46,1818.0,-74.0,33.53483200073242,-86.61471557617188,0.153,-1.09,99.55,1.0,6203.0,0.0,0.0,
2025-09-05T00:23:29.976Z,9,GR86-033-46,,-72.0,33.53483200073242,-86.61471557617188,0.321,-1.399,100.0,1.0,,0.0,0.0,78.02
2025-09-05T00:23:30.019Z,9,GR86-033-46,,-70.2,33.53481674194336,-86.61470031738281,0.482,-1.688,100.0,1.0,,0.0,0.0,
2025-09-05T00:23:30.062Z,9,GR86-033-46,,-61.6,33.53481674194336,-86.61470031738281,0.429,-1.516,100.0,1.0,,0.0,0.0,
2025-09-05T00:23:30.105Z,9,GR86-033-46,,-53.400000000000006,33.53480529785156,-86.61467742919922,0.267,-1.455,100.0,1.0,,0.0,0.0,
2025-09-05T00:23:30.148Z,9,GR86-033-46,1822.0,-50.2,33.53480529785156,-86.61467742919922,0.215,-1.285,100.0,1.0,6533.0,0.0,0.0,
2025-09-05T00:23:30.191Z,9,GR86-033-46,,-52.400000000000006,33.53480529785156,-86.61467742919922,0.21,-1.053,100.0,1.0,,0.0,0.0,79.01
2025-09-05T00:23:30.234Z,9,GR86-033-46,,-56.7,33.5347900390625,-86.61466217041016,0.241,-1.121,100.0,1.0,,0.0,0.0,
2025-09-05T00:23:30.277Z,9,GR86-033-46,,-60.1,33.5347900390625,-86.61466217041016,0.269,-1.233,100.0,1.0,,0.0,0.0,
2025-09-05T00:23:30.322Z,9,GR86-033-46,,-60.400000000000006,33.53477478027344,-86.6146469116211,0.289,-1.188,100.0,1.0,,0.0,0.0,
2025-09-05T00:23:30.365Z,9,GR86-033-46,1827.0,-57.8,33.53477478027344,-86.6146469116211,0.324,-1.188,100.0,1.0,6619.0,0.0,0.0,
2025-09-05T00:23:30.408Z,9,GR86-033-46,,-55.0,33.534759521484375,-86.61463165283203,0.358,-1.245,100.0,1.0,,0.0,0.0,80.47
2025-09-05T00:23:30.451Z,9,GR86-033-46,,-53.900000000000006,33.534759521484375,-86.61463165283203,0.356,-1.249,100.0,1.0,,0.0,0.0,
2025-09-05T00:23:30.494Z,9,GR86-033-46,,-54.7,33.534759521484375,-86.61463165283203,0.324,-1.308,100.0,1.0,,0.0,0.0,
2025-09-05T00:23:30.537Z,9,GR86-033-46,,-57.1,33.53474044799805,-86.61461639404297,0.301,-1.311,100.0,1.0,,0.0,0.0,
2025-09-05T00:23:30.580Z,9,GR86-033-46,1832.0,-62.2,33.53474044799805,-86.61461639404297,0.275,-1.265,100.0,1.0,6572.0,0.0,0.0,
2025-09-05T00:23:30.624Z,9,GR86-033-46,,-66.60000000000001,33.53472137451172,-86.61460876464844,0.286,-1.25,100.0,1.0,,0.0,0.0,85.41
2025-09-05T00:23:30.667Z,9,GR86-033-46,,-70.60000000000001,33.53472137451172,-86.61460876464844,0.282,-1.203,100.0,1.0,,0.0,0.0,
2025-09-05T00:23:30.710Z,9,GR86-033-46,,-73.3,33.53470230102539,-86.61459350585938,0.295,-1.159,100.0,1.0,,0.0,0.0,
2025-09-05T00:23:30.753Z,9,GR86-033-46,,-74.3,33.53470230102539,-86.61459350585938,0.274,-1.119,100.0,1.0,,0.0,0.0,
2025-09-05T00:23:30.796Z,9,GR86-033-46,1836.0,-75.0,33.53470230102539,-86.61459350585938,0.276,-1.117,100.0,1.0,6715.0,0.0,0.0,
2025-09-05T00:23:30.839Z,9,GR86-033-46,,-75.7,33.53468322753906,-86.61458587646484,0.236,-1.088,100.0,1.0,,0.0,0.0,87.9
2025-09-05T00:23:30.882Z,9,GR86-033-46,,-76.60000000000001,33.53468322753906,-86.61458587646484,0.267,-1.098,100.0,1.0,,0.0,0.0,
2025-09-05T00:23:30.925Z,9,GR86-033-46,,-77.0,33.53466033935547,-86.61457824707031,0.255,-1.068,100.0,1.0,,0.0,0.0,
2025-09-05T00:23:30.968Z,9,GR86-033-46,,-77.0,33.53466033935547,-86.61457824707031,0.264,-1.095,100.0,1.0,,0.0,0.0,
2025-09-05T00:23:31.011Z,9,GR86-033-46,1841.0,-76.60000000000001,33.53464126586914,-86.61457061767578,0.233,-1.099,100.0,1.0,6722.0,0.0,0.0,
2025-09-05T00:23:31.054Z,9,GR86-033-46,,-76.0,33.53464126586914,-86.61457061767578,0.228,-1.133,100.0,1.0,,0.0,0.0,90.2
2025-09-05T00:23:31.097Z,9,GR86-033-46,,-75.10000000000001,33.53464126586914,-86.61457061767578,0.273,-1.109,100.0,1.0,,0.0,0.0,
2025-09-05T00:23:31.140Z,9,GR86-033-46,,-73.0,33.53461837768555,-86.61456298828125,0.259,-1.152,100.0,1.0,,0.0,0.0,
2025-09-05T00:23:31.184Z,9,GR86-033-46,,-70.9,33.53461837768555,-86.61456298828125,0.251,-1.189,100.0,1.0,,0.0,0.0,
2025-09-05T00:23:31.227Z,9,GR86-033-46,1852.0,-68.4,33.53459548950195,-86.61455535888672,0.256,-1.162,100.0,1.0,7054.0,0.0,0.0,
2025-09-05T00:23:31.270Z,9,GR86-033-46,,-65.9,33.53459548950195,-86.61455535888672,0.25,-1.183,100.0,1.0,,0.0,0.0,92.88
2025-09-05T00:23:31.313Z,9,GR86-033-46,,-64.60000000000001,33.53457260131836,-86.61454772949219,0.265,-1.134,100.0,1.0,,0.0,0.0,
2025-09-05T00:23:31.356Z,9,GR86-033-46,,-64.5,33.53457260131836,-86.61454772949219,0.192,-1.221,100.0,1.0,,0.0,0.0,
2025-09-05T00:23:31.399Z,9,GR86-033-46,,-64.5,33.53457260131836,-86.61454772949219,0.062,-1.184,100.0,1.0,,0.0,0.0,
2025-09-05T00:23:31.442Z,9,GR86-033-46,1857.0,-64.3,33.534549713134766,-86.61454772949219,0.121,-1.109,100.0,2.0,7249.0,0.0,0.0,
2025-09-05T00:23:31.485Z,9,GR86-033-46,,-63.7,33.534549713134766,-86.61454772949219,0.493,-1.126,100.0,2.0,,0.0,0.0,95.3
2025-09-05T00:23:31.528Z,9,GR86-033-46,,-63.900000000000006,33.53452682495117,-86.61454010009766,0.509,-1.144,100.0,2.0,,0.0,0.0,
2025-09-05T00:23:31.571Z,9,GR86-033-46,,-63.7,33.53452682495117,-86.61454010009766,0.435,-1.149,100.0,2.0,,0.0,0.0,
2025-09-05T00:23:31.615Z,9,GR86-033-46,,-62.400000000000006,33.53450012207031,-86.61454010009766,0.365,-1.268,100.0,2.0,,0.0,0.0,
2025-09-05T00:23:31.658Z,9,GR86-033-46,1863.0,-61.6,33.53450012207031,-86.61454010009766,0.198,-1.204,100.0,2.0,6847.0,0.0,0.0,
2025-09-05T00:23:31.702Z,9,GR86-033-46,,-61.5,33.53447723388672,-86.61454010009766,0.12,-1.271,100.0,2.0,,0.0,0.0,97.39
2025-09-05T00:23:31.745Z,9,GR86-033-46,,-61.3,33.53447723388672,-86.61454010009766,0.193,-1.259,100.0,2.0,,0.0,0.0,
2025-09-05T00:23:31.788Z,9,GR86-033-46,,-61.0,33.53447723388672,-86.61454010009766,0.203,-1.236,100.0,2.0,,0.0,0.0,
2025-09-05T00:23:31.832Z,9,GR86-033-46,,-60.900000000000006,33.534454345703125,-86.61454010009766,0.263,-1.211,100.0,2.0,,0.0,0.0,
2025-09-05T00:23:31.876Z,9,GR86-033-46,1868.0,-60.900000000000006,33.534454345703125,-86.61454010009766,0.239,-1.179,100.0,2.0,5771.0,0.0,0.0,
2025-09-05T00:23:31.919Z,9,GR86-033-46,,-60.900000000000006,33.534454345703125,-86.61454010009766,0.228,-1.156,100.0,2.0,,0.0,0.0,99.21
2025-09-05T00:23:31.962Z,9,GR86-033-46,,-60.0,33.534427642822266,-86.61454772949219,0.218,-1.127,100.0,2.0,,0.0,0.0,
2025-09-05T00:23:32.005Z,9,GR86-033-46,,-59.0,33.53440475463867,-86.61454772949219,0.201,-1.109,100.0,2.0,,0.0,0.0,
2025-09-05T00:23:32.048Z,9,GR86-033-46,,-58.5,33.53440475463867,-86.61454772949219,0.205,-1.107,100.0,2.0,,0.0,0.0,
2025-09-05T00:23:32.091Z,9,GR86-033-46,1874.0,-58.2,33.53440475463867,-86.61454772949219,0.241,-1.102,100.0,2.0,5960.0,0.0,0.0,
2025-09-05T00:23:32.134Z,9,GR86-033-46,,-57.6,33.53437805175781,-86.61455535888672,0.224,-1.072,100.0,2.0,,0.0,0.0,101.5
2025-09-05T00:23:32.178Z,9,GR86-033-46,,-56.6,33.53437805175781,-86.61455535888672,0.241,-1.088,100.0,2.0,,0.0,0.0,
2025-09-05T00:23:32.222Z,9,GR86-033-46,,-55.400000000000006,33.53435516357422,-86.61456298828125,0.226,-1.063,100.0,2.0,,0.0,0.0,
2025-09-05T00:23:32.265Z,9,GR86-033-46,,-55.2,33.53435516357422,-86.61456298828125,0.196,-1.059,100.0,2.0,,0.0,0.0,
2025-09-05T00:23:32.308Z,9,GR86-033-46,1880.0,-54.400000000000006,33.53432846069336,-86.61457061767578,0.222,-1.083,100.0,2.0,6001.0,0.0,0.0,
2025-09-05T00:23:32.351Z,9,GR86-033-46,,-53.3,33.53432846069336,-86.61457061767578,0.224,-1.09,100.0,2.0,,0.0,0.0,103.09
2025-09-05T00:23:32.394Z,9,GR86-033-46,,-52.400000000000006,33.53432846069336,-86.61457061767578,0.234,-1.096,100.0,2.0,,0.0,0.0,
2025-09-05T00:23:32.437Z,9,GR86-033-46,,-51.900000000000006,33.534305572509766,-86.61457824707031,0.245,-1.075,100.0,2.0,,0.0,0.0,
2025-09-05T00:23:32.480Z,9,GR86-033-46,,-51.2,33.534305572509766,-86.61457824707031,0.235,-1.045,100.0,2.0,,0.0,0.0,
2025-09-05T00:23:32.523Z,9,GR86-033-46,1886.0,-50.2,33.534278869628906,-86.61459350585938,0.2,-1.044,100.0,2.0,6093.0,0.0,0.0,
2025-09-05T00:23:32.566Z,9,GR86-033-46,,-48.900000000000006,33.534278869628906,-86.61459350585938,0.222,-1.047,100.0,2.0,,0.0,0.0,104.79
2025-09-05T00:23:32.610Z,9,GR86-033-46,,-48.3,33.53425598144531,-86.61460876464844,0.225,-0.963,100.0,2.0,,0.0,0.0,
2025-09-05T00:23:32.653Z,9,GR86-033-46,,-48.1,33.53425598144531,-86.61460876464844,0.24,-0.996,100.0,2.0,,0.0,0.0,
2025-09-05T00:23:32.696Z,9,GR86-033-46,,-48.0,33.53425598144531,-86.61460876464844,0.249,-0.914,100.0,2.0,,0.0,0.0,
2025-09-05T00:23:32.739Z,9,GR86-033-46,1892.0,-47.3,33.53423309326172,-86.61461639404297,0.201,-0.951,100.0,2.0,6207.0,0.0,0.0,
2025-09-05T00:23:32.782Z,9,GR86-033-46,,-46.1,33.53423309326172,-86.61461639404297,0.205,-0.893,100.0,2.0,,0.0,0.0,106.64
2025-09-05T00:23:32.825Z,9,GR86-033-46,,-45.2,33.534210205078125,-86.61463165283203,0.237,-0.923,100.0,2.0,,0.0,0.0,
2025-09-05T00:23:32.868Z,9,GR86-033-46,,-44.400000000000006,33.534210205078125,-86.61463165283203,0.208,-0.894,100.0,2.0,,0.0,0.0,
2025-09-05T00:23:32.911Z,9,GR86-033-46,,-44.3,33.534210205078125,-86.61463165283203,0.234,-0.895,100.0,2.0,,0.0,0.0,
2025-09-05T00:23:32.954Z,9,GR86-033-46,1898.0,-44.400000000000006,33.534183502197266,-86.6146469116211,0.242,-0.917,100.0,2.0,6305.0,0.0,0.0,
2025-09-05T00:23:32.997Z,9,GR86-033-46,,-44.900000000000006,33.534183502197266,-86.6146469116211,0.198,-0.939,100.0,2.0,,0.0,0.0,107.83
2025-09-05T00:23:33.040Z,9,GR86-033-46,,-45.2,33.53416061401367,-86.61466979980469,0.21,-0.956,100.0,2.0,,0.0,0.0,
2025-09-05T00:23:33.083Z,9,GR86-033-46,,-45.5,33.53416061401367,-86.61466979980469,0.266,-0.881,100.0,2.0,,0.0,0.0,
2025-09-05T00:23:33.127Z,9,GR86-033-46,,-45.8,33.53413772583008,-86.61468505859375,0.212,-0.925,100.0,2.0,,0.0,0.0,
2025-09-05T00:23:33.170Z,9,GR86-033-46,1904.0,-45.900000000000006,33.53413772583008,-86.61468505859375,0.221,-0.936,100.0,2.0,6402.0,0.0,0.0,
2025-09-05T00:23:33.213Z,9,GR86-033-46,,-45.8,33.534114837646484,-86.61470031738281,0.22,-0.935,100.0,2.0,,0.0,0.0,109.02
2025-09-05T00:23:33.256Z,9,GR86-033-46,,-44.7,33.534114837646484,-86.61470031738281,0.202,-0.943,100.0,2.0,,0.0,0.0,
2025-09-05T00:23:33.299Z,9,GR86-033-46,,-43.0,33.534114837646484,-86.61470031738281,0.247,-0.897,100.0,2.0,,0.0,0.0,
2025-09-05T00:23:33.342Z,9,GR86-033-46,,-39.2,33.53409194946289,-86.6147232055664,0.226,-0.929,100.0,2.0,,0.0,0.0,
2025-09-05T00:23:33.385Z,9,GR86-033-46,1910.0,-35.800000000000004,33.53409194946289,-86.6147232055664,0.231,-0.869,100.0,2.0,6492.0,0.0,0.0,
2025-09-05T00:23:33.428Z,9,GR86-033-46,,-32.800000000000004,33.5340690612793,-86.61474609375,0.24,-0.843,100.0,2.0,,0.0,0.0,112.54
2025-09-05T00:23:33.471Z,9,GR86-033-46,,-30.0,33.5340690612793,-86.61474609375,0.28,-0.913,100.0,2.0,,0.0,0.0,
2025-09-05T00:23:33.514Z,9,GR86-033-46,,-26.6,33.5340461730957,-86.6147689819336,0.249,-0.8290000000000001,100.0,2.0,,0.0,0.0,
2025-09-05T00:23:33.557Z,9,GR86-033-46,,-24.700000000000003,33.5340461730957,-86.6147689819336,0.25,-0.8140000000000001,100.0,2.0,,0.0,0.0,
2025-09-05T00:23:33.600Z,9,GR86-033-46,1916.0,-24.8,33.534027099609375,-86.61479187011719,0.248,-0.681,100.0,2.0,6599.0,0.0,0.0,
2025-09-05T00:23:33.643Z,9,GR86-033-46,,-25.0,33.534027099609375,-86.61479187011719,0.238,-0.558,100.0,2.0,,0.0,0.0,114.24
2025-09-05T00:23:33.686Z,9,GR86-033-46,,-25.0,33.534027099609375,-86.61479187011719,0.175,-0.53,100.0,2.0,,0.0,0.0,
2025-09-05T00:23:33.729Z,9,GR86-033-46,,-24.0,33.53400421142578,-86.61481475830078,0.225,-0.596,100.0,2.0,,0.0,0.0,
2025-09-05T00:23:33.772Z,9,GR86-033-46,,-22.5,33.53400421142578,-86.61481475830078,0.303,-0.639,100.0,2.0,,0.0,0.0,
2025-09-05T00:23:33.815Z,9,GR86-033-46,1923.0,-22.1,33.53398132324219,-86.61483764648438,0.285,-0.657,100.0,2.0,6724.0,0.0,0.0,
2025-09-05T00:23:33.858Z,9,GR86-033-46,,-22.1,33.53398132324219,-86.61483764648438,0.266,-0.737,100.0,2.0,,0.0,0.0,115.83
2025-09-05T00:23:33.901Z,9,GR86-033-46,,-21.6,33.53396224975586,-86.61486053466797,0.225,-0.6990000000000001,100.0,2.0,,0.0,0.0,
2025-09-05T00:23:33.945Z,9,GR86-033-46,,-20.1,33.53396224975586,-86.61486053466797,0.254,-0.679,100.0,2.0,,0.0,0.0,
2025-09-05T00:23:33.988Z,9,GR86-033-46,,-18.1,33.53396224975586,-86.61486053466797,0.256,-0.635,100.0,2.0,,0.0,0.0,
2025-09-05T00:23:34.031Z,9,GR86-033-46,1936.0,-16.0,33.53394317626953,-86.6148910522461,0.26,-0.557,100.0,2.0,6905.0,0.0,0.0,
2025-09-05T00:23:34.074Z,9,GR86-033-46,,-14.7,33.53394317626953,-86.6148910522461,0.271,-0.463,100.0,2.0,,0.0,0.0,118.01
2025-09-05T00:23:34.118Z,9,GR86-033-46,,-13.7,33.5339241027832,-86.61491394042969,0.257,-0.398,100.0,2.0,,0.0,0.0,
2025-09-05T00:23:34.161Z,9,GR86-033-46,,-12.7,33.5339241027832,-86.61491394042969,0.255,-0.315,100.0,2.0,,0.0,0.0,
2025-09-05T00:23:34.204Z,9,GR86-033-46,,-11.6,33.533905029296875,-86.61494445800781,0.244,-0.262,100.0,2.0,,0.0,0.0,
2025-09-05T00:23:34.247Z,9,GR86-033-46,1943.0,-10.2,33.533905029296875,-86.61494445800781,0.265,-0.243,100.0,2.0,6993.0,0.0,0.0,
2025-09-05T00:23:34.291Z,9,GR86-033-46,,-8.9,33.533905029296875,-86.61494445800781,0.278,-0.277,100.0,2.0,,0.0,0.0,120.33
2025-09-05T00:23:34.334Z,9,GR86-033-46,,-8.200000000000001,33.53388595581055,-86.6149673461914,0.263,-0.235,100.0,2.0,,0.0,0.0,
2025-09-05T00:23:34.377Z,9,GR86-033-46,,-7.5,33.53388595581055,-86.6149673461914,0.261,-0.231,100.0,2.0,,0.0,0.0,
2025-09-05T00:23:34.422Z,9,GR86-033-46,,-4.7,33.53386688232422,-86.61499786376953,0.241,-0.207,100.0,2.0,,0.0,0.0,
2025-09-05T00:23:34.465Z,9,GR86-033-46,1950.0,-3.2,33.53386688232422,-86.61499786376953,0.266,-0.175,100.0,2.0,7089.0,0.0,0.0,
2025-09-05T00:23:34.508Z,9,GR86-033-46,,-1.6,33.53384780883789,-86.61502838134766,0.17,-0.147,100.0,2.0,,0.0,0.0,122.07
2025-09-05T00:23:34.552Z,9,GR86-033-46,,-0.7000000000000001,33.53384780883789,-86.61502838134766,-0.084,-0.07,100.0,3.0,,0.0,0.0,
2025-09-05T00:23:34.595Z,9,GR86-033-46,,-0.2,33.53384780883789,-86.61502838134766,0.596,-0.034,100.0,3.0,,0.0,0.0,
2025-09-05T00:23:34.638Z,9,GR86-033-46,,-0.1,33.53382873535156,-86.61505889892578,0.366,-0.148,100.0,3.0,,0.0,0.0,
2025-09-05T00:23:34.682Z,9,GR86-033-46,1957.0,0.1,33.53382873535156,-86.61505889892578,0.38,0.033,100.0,3.0,7183.0,0.0,0.0,
2025-09-05T00:23:34.725Z,9,GR86-033-46,,0.9,33.533809661865234,-86.6150894165039,0.156,-0.053,100.0,3.0,,0.0,0.0,123.94
2025-09-05T00:23:34.768Z,9,GR86-033-46,,1.5,33.533809661865234,-86.6150894165039,0.129,0.01,100.0,3.0,,0.0,0.0,
2025-09-05T00:23:34.811Z,9,GR86-033-46,,2.0,33.533790588378906,-86.6151123046875,0.207,0.048,100.0,3.0,,0.0,0.0,
2025-09-05T00:23:34.854Z,9,GR86-033-46,,2.4000000000000004,33.533790588378906,-86.6151123046875,0.275,0.021,100.0,3.0,,0.0,0.0,
2025-09-05T00:23:34.897Z,9,GR86-033-46,1964.0,2.5,33.533790588378906,-86.6151123046875,0.25,0.064,100.0,3.0,6341.0,0.0,0.0,
2025-09-05T00:23:34.940Z,9,GR86-033-46,,2.7,33.53377151489258,-86.61514282226562,0.168,0.08,100.0,3.0,,0.0,0.0,125.63
2025-09-05T00:23:34.985Z,9,GR86-033-46,,2.7,33.53377151489258,-86.61514282226562,0.198,0.067,100.0,3.0,,0.0,0.0,
2025-09-05T00:23:35.028Z,9,GR86-033-46,,1.6,33.533748626708984,-86.61517333984375,0.256,0.083,100.0,3.0,,0.0,0.0,
2025-09-05T00:23:35.071Z,9,GR86-033-46,,1.5,33.533748626708984,-86.61517333984375,0.227,0.056,100.0,3.0,,0.0,0.0,
2025-09-05T00:23:35.114Z,9,GR86-033-46,1971.0,2.2,33.533729553222656,-86.61520385742188,0.21,0.075,100.0,3.0,6050.0,0.0,0.0,
2025-09-05T00:23:35.157Z,9,GR86-033-46,,2.2,33.533729553222656,-86.61520385742188,0.237,0.077,100.0,3.0,,0.0,0.0,127.56
2025-09-05T00:23:35.200Z,9,GR86-033-46,,2.2,33.53371047973633,-86.615234375,0.238,0.083,100.0,3.0,,0.0,0.0,
2025-09-05T00:23:35.243Z,9,GR86-033-46,,2.4000000000000004,33.53371047973633,-86.615234375,0.237,0.109,100.0,3.0,,0.0,0.0,
2025-09-05T00:23:35.286Z,9,GR86-033-46,,3.1,33.53371047973633,-86.615234375,0.193,0.099,100.0,3.0,,0.0,0.0,
2025-09-05T00:23:35.329Z,9,GR86-033-46,1978.0,3.1,33.53369140625,-86.61526489257812,0.218,0.078,100.0,3.0,6084.0,0.0,0.0,
2025-09-05T00:23:35.372Z,9,GR86-033-46,,3.1,33.53369140625,-86.61526489257812,0.228,0.064,100.0,3.0,,0.0,0.0,129.15
2025-09-05T00:23:35.415Z,9,GR86-033-46,,3.1,33.53367233276367,-86.61529541015625,0.239,0.07,100.0,3.0,,0.0,0.0,
2025-09-05T00:23:35.458Z,9,GR86-033-46,,3.1,33.53367233276367,-86.61529541015625,0.185,0.119,100.0,3.0,,0.0,0.0,
2025-09-05T00:23:35.501Z,9,GR86-033-46,,3.5,33.53364944458008,-86.61532592773438,0.202,0.131,100.0,3.0,,0.0,0.0,
2025-09-05T00:23:35.545Z,9,GR86-033-46,1985.0,3.8,33.53364944458008,-86.61532592773438,0.209,0.128,100.0,3.0,6125.0,0.0,0.0,
2025-09-05T00:23:35.588Z,9,GR86-033-46,,3.9,33.53364944458008,-86.61532592773438,0.233,0.121,100.0,3.0,,0.0,0.0,130.63
2025-09-05T00:23:35.631Z,9,GR86-033-46,,4.0,33.53363037109375,-86.61536407470703,0.244,0.119,100.0,3.0,,0.0,0.0,
2025-09-05T00:23:35.674Z,9,GR86-033-46,,4.3,33.53363037109375,-86.61536407470703,0.209,0.128,100.0,3.0,,0.0,0.0,
2025-09-05T00:23:35.717Z,9,GR86-033-46,,4.7,33.53361129760742,-86.61539459228516,0.203,0.115,100.0,3.0,,0.0,0.0,
2025-09-05T00:23:35.760Z,9,GR86-033-46,1993.0,5.2,33.53361129760742,-86.61539459228516,0.193,0.147,100.0,3.0,6194.0,0.0,0.0,
2025-09-05T00:23:35.804Z,9,GR86-033-46,,5.2,33.53358840942383,-86.61542510986328,0.21,0.142,100.0,3.0,,0.0,0.0,132.12
2025-09-05T00:23:35.848Z,9,GR86-033-46,,5.2,33.53358840942383,-86.61542510986328,0.241,0.169,100.0,3.0,,0.0,0.0,
2025-09-05T00:23:35.891Z,9,GR86-033-46,,5.2,33.53358840942383,-86.61542510986328,0.243,0.19,100.0,3.0,,0.0,0.0,
2025-09-05T00:23:35.934Z,9,GR86-033-46,,5.2,33.5335693359375,-86.6154556274414,0.189,0.189,100.0,3.0,,0.0,0.0,
2025-09-05T00:23:35.977Z,9,GR86-033-46,2000.0,5.2,33.5335693359375,-86.6154556274414,0.199,0.169,100.0,3.0,6265.0,0.0,0.0,
2025-09-05T00:23:36.022Z,9,GR86-033-46,,5.2,33.533546447753906,-86.61548614501953,0.191,0.16,100.0,3.0,,0.0,0.0,134.91
2025-09-05T00:23:36.065Z,9,GR86-033-46,,5.1000000000000005,33.533546447753906,-86.61548614501953,0.232,0.153,100.0,3.0,,0.0,0.0,
2025-09-05T00:23:36.108Z,9,GR86-033-46,,4.9,33.53352737426758,-86.61551666259766,0.239,0.156,100.0,3.0,,0.0,0.0,
2025-09-05T00:23:36.194Z,9,GR86-033-46,2008.0,4.7,33.53352737426758,-86.61551666259766,0.21,0.153,100.0,3.0,6346.0,0.0,0.0,
2025-09-05T00:23:36.237Z,9,GR86-033-46,,4.5,33.533504486083984,-86.61554718017578,0.212,0.166,100.0,3.0,,0.0,0.0,136.43
2025-09-05T00:23:36.280Z,9,GR86-033-46,,4.800000000000001,33.533504486083984,-86.61554718017578,0.19,0.166,100.0,3.0,,0.0,0.0,
2025-09-05T00:23:36.324Z,9,GR86-033-46,,4.800000000000001,33.533485412597656,-86.61558532714844,0.231,0.138,100.0,3.0,,0.0,0.0,
2025-09-05T00:23:36.367Z,9,GR86-033-46,,4.6000000000000005,33.533485412597656,-86.61558532714844,0.231,0.15,100.0,3.0,,0.0,0.0,
2025-09-05T00:23:36.410Z,9,GR86-033-46,2016.0,4.0,33.53346252441406,-86.61561584472656,0.202,0.164,100.0,3.0,6401.0,0.0,0.0,
2025-09-05T00:23:36.453Z,9,GR86-033-46,,3.7,33.53346252441406,-86.61561584472656,0.182,0.14,100.0,3.0,,0.0,0.0,137.83
2025-09-05T00:23:36.496Z,9,GR86-033-46,,3.5,33.53346252441406,-86.61561584472656,0.208,0.143,100.0,3.0,,0.0,0.0,
2025-09-05T00:23:36.539Z,9,GR86-033-46,,3.5,33.53343963623047,-86.61564636230469,0.243,0.128,100.0,3.0,,0.0,0.0,
2025-09-05T00:23:36.582Z,9,GR86-033-46,,3.5,33.53343963623047,-86.61564636230469,0.229,0.148,100.0,3.0,,0.0,0.0,
2025-09-05T00:23:36.625Z,9,GR86-033-46,2031.0,3.5,33.533416748046875,-86.61567687988281,0.242,0.146,100.0,3.0,6528.0,0.0,0.0,
2025-09-05T00:23:36.668Z,9,GR86-033-46,,3.5,33.533416748046875,-86.61567687988281,0.212,0.132,100.0,3.0,,0.0,0.0,139.22
2025-09-05T00:23:36.711Z,9,GR86-033-46,,3.6,33.53339767456055,-86.61571502685547,0.171,0.124,100.0,3.0,,0.0,0.0,
2025-09-05T00:23:36.754Z,9,GR86-033-46,,3.8,33.53339767456055,-86.61571502685547,0.185,0.132,100.0,3.0,,0.0,0.0,
2025-09-05T00:23:36.797Z,9,GR86-033-46,,4.2,33.53339767456055,-86.61571502685547,0.224,0.137,100.0,3.0,,0.0,0.0,
2025-09-05T00:23:36.840Z,9,GR86-033-46,2039.0,4.6000000000000005,33.53337478637695,-86.6157455444336,0.214,0.12,100.0,3.0,6600.0,0.0,0.0,
2025-09-05T00:23:36.884Z,9,GR86-033-46,,4.4,33.53337478637695,-86.6157455444336,0.236,0.11,100.0,3.0,,0.0,0.0,140.6
2025-09-05T00:23:36.927Z,9,GR86-033-46,,3.8,33.53335189819336,-86.61577606201172,0.211,0.144,100.0,3.0,,0.0,0.0,
2025-09-05T00:23:36.970Z,9,GR86-033-46,,3.7,33.53335189819336,-86.61577606201172,0.197,0.13,100.0,3.0,,0.0,0.0,
2025-09-05T00:23:37.013Z,9,GR86-033-46,,3.8,33.533329010009766,-86.61580657958984,0.182,0.121,100.0,3.0,,0.0,0.0,
2025-09-05T00:23:37.056Z,9,GR86-033-46,2047.0,4.0,33.533329010009766,-86.61580657958984,0.224,0.131,100.0,3.0,6667.0,0.0,0.0,
2025-09-05T00:23:37.100Z,9,GR86-033-46,,4.0,33.53330612182617,-86.6158447265625,0.183,0.111,100.0,3.0,,0.0,0.0,141.97
2025-09-05T00:23:37.145Z,9,GR86-033-46,,4.2,33.53330612182617,-86.6158447265625,0.205,0.128,100.0,3.0,,0.0,0.0,
2025-09-05T00:23:37.188Z,9,GR86-033-46,,4.3,33.53330612182617,-86.6158447265625,0.227,0.138,100.0,3.0,,0.0,0.0,
2025-09-05T00:23:37.232Z,9,GR86-033-46,,4.6000000000000005,33.53328323364258,-86.61587524414062,0.217,0.155,100.0,3.0,,0.0,0.0,
2025-09-05T00:23:37.275Z,9,GR86-033-46,2055.0,4.6000000000000005,33.53328323364258,-86.61587524414062,0.193,0.16,100.0,3.0,6726.0,0.0,0.0,
2025-09-05T00:23:37.319Z,9,GR86-033-46,,4.5,33.53325653076172,-86.61590576171875,0.191,0.14,100.0,3.0,,0.0,0.0,143.35
2025-09-05T00:23:37.362Z,9,GR86-033-46,,4.7,33.53325653076172,-86.61590576171875,0.183,0.157,100.0,3.0,,0.0,0.0,
2025-09-05T00:23:37.405Z,9,GR86-033-46,,5.0,33.533233642578125,-86.61593627929688,0.162,0.148,100.0,3.0,,0.0,0.0,
2025-09-05T00:23:37.448Z,9,GR86-033-46,,5.300000000000001,33.533233642578125,-86.61593627929688,0.203,0.147,100.0,3.0,,0.0,0.0,
2025-09-05T00:23:37.491Z,9,GR86-033-46,2063.0,5.6000000000000005,33.533233642578125,-86.61593627929688,0.232,0.166,100.0,3.0,6791.0,0.0,0.0,
2025-09-05T00:23:37.534Z,9,GR86-033-46,,5.800000000000001,33.53321075439453,-86.61597442626953,0.219,0.195,100.0,3.0,,0.0,0.0,144.68
2025-09-05T00:23:37.578Z,9,GR86-033-46,,6.2,33.53321075439453,-86.61597442626953,0.203,0.203,100.0,3.0,,0.0,0.0,
2025-09-05T00:23:37.622Z,9,GR86-033-46,,6.800000000000001,33.53318786621094,-86.61600494384766,0.224,0.225,100.0,3.0,,0.0,0.0,
2025-09-05T00:23:37.665Z,9,GR86-033-46,,7.4,33.53318786621094,-86.61600494384766,0.211,0.217,100.0,3.0,,0.0,0.0,
2025-09-05T00:23:37.708Z,9,GR86-033-46,2071.0,8.0,33.53316116333008,-86.61603546142578,0.193,0.217,100.0,3.0,6862.0,0.0,0.0,
2025-09-05T00:23:37.751Z,9,GR86-033-46,,8.6,33.53316116333008,-86.61603546142578,0.19,0.229,100.0,3.0,,0.0,0.0,146.05
2025-09-05T00:23:37.794Z,9,GR86-033-46,,9.3,33.53316116333008,-86.61603546142578,0.208,0.249,100.0,3.0,,0.0,0.0,
2025-09-05T00:23:37.837Z,9,GR86-033-46,,10.5,33.533138275146484,-86.61607360839844,0.218,0.267,100.0,3.0,,0.0,0.0,
2025-09-05T00:23:37.880Z,9,GR86-033-46,,12.6,33.533138275146484,-86.61607360839844,0.198,0.303,100.0,3.0,,0.0,0.0,
2025-09-05T00:23:37.923Z,9,GR86-033-46,2079.0,13.8,33.53311538696289,-86.61610412597656,0.22,0.355,100.0,3.0,6903.0,0.0,0.0,
2025-09-05T00:23:37.966Z,9,GR86-033-46,,14.7,33.53311538696289,-86.61610412597656,0.227,0.394,100.0,3.0,,0.0,0.0,147.53
2025-09-05T00:23:38.010Z,9,GR86-033-46,,15.6,33.53308868408203,-86.61613464355469,0.212,0.448,100.0,3.0,,0.0,0.0,
2025-09-05T00:23:38.053Z,9,GR86-033-46,,16.5,33.53308868408203,-86.61613464355469,0.213,0.478,100.0,3.0,,0.0,0.0,
2025-09-05T00:23:38.096Z,9,GR86-033-46,,17.3,33.53308868408203,-86.61613464355469,0.176,0.513,100.0,3.0,,0.0,0.0,
2025-09-05T00:23:38.139Z,9,GR86-033-46,2088.0,18.0,33.53306579589844,-86.61617279052734,0.205,0.522,100.0,3.0,6974.0,0.0,0.0,
2025-09-05T00:23:38.182Z,9,GR86-033-46,,18.1,33.53306579589844,-86.61617279052734,0.196,0.549,100.0,3.0,,0.0,0.0,148.75
2025-09-05T00:23:38.225Z,9,GR86-033-46,,18.0,33.53303909301758,-86.61620330810547,0.19,0.558,100.0,3.0,,0.0,0.0,
2025-09-05T00:23:38.268Z,9,GR86-033-46,,17.3,33.53303909301758,-86.61620330810547,0.196,0.56,100.0,3.0,,0.0,0.0,
2025-09-05T00:23:38.311Z,9,GR86-033-46,,16.6,33.53301239013672,-86.6162338256836,0.215,0.583,100.0,3.0,,0.0,0.0,
2025-09-05T00:23:38.354Z,9,GR86-033-46,2096.0,16.2,33.53301239013672,-86.6162338256836,0.22,0.584,100.0,3.0,7034.0,0.0,0.0,
2025-09-05T00:23:38.397Z,9,GR86-033-46,,16.1,33.53301239013672,-86.6162338256836,0.226,0.615,100.0,3.0,,0.0,0.0,150.03
2025-09-05T00:23:38.440Z,9,GR86-033-46,,16.7,33.532989501953125,-86.61627197265625,0.224,0.637,100.0,3.0,,0.0,0.0,
2025-09-05T00:23:38.483Z,9,GR86-033-46,,17.400000000000002,33.532989501953125,-86.61627197265625,0.224,0.639,100.0,3.0,,0.0,0.0,
2025-09-05T00:23:38.526Z,9,GR86-033-46,,18.2,33.532962799072266,-86.61630249023438,0.208,0.618,100.0,3.0,,0.0,0.0,
2025-09-05T00:23:38.569Z,9,GR86-033-46,2105.0,18.4,33.532962799072266,-86.61630249023438,0.211,0.606,100.0,3.0,7086.0,0.0,0.0,
2025-09-05T00:23:38.612Z,9,GR86-033-46,,18.4,33.532936096191406,-86.6163330078125,0.192,0.587,100.0,3.0,,0.0,0.0,151.32
2025-09-05T00:23:38.655Z,9,GR86-033-46,,18.4,33.532936096191406,-86.6163330078125,0.192,0.58,100.0,3.0,,0.0,0.0,
2025-09-05T00:23:38.699Z,9,GR86-033-46,,18.4,33.532936096191406,-86.6163330078125,0.2,0.5700000000000001,100.0,3.0,,0.0,0.0,
2025-09-05T00:23:38.742Z,9,GR86-033-46,,18.5,33.53290557861328,-86.61636352539062,0.195,0.587,100.0,3.0,,0.0,0.0,
2025-09-05T00:23:38.785Z,9,GR86-033-46,2113.0,18.4,33.53290557861328,-86.61636352539062,0.18,0.623,100.0,3.0,7148.0,0.0,0.0,
2025-09-05T00:23:38.828Z,9,GR86-033-46,,18.6,33.53287887573242,-86.61639404296875,0.191,0.655,100.0,3.0,,0.0,0.0,153.65
2025-09-05T00:23:38.871Z,9,GR86-033-46,,18.7,33.53287887573242,-86.61639404296875,-0.101,0.664,100.0,4.0,,0.0,0.0,
2025-09-05T00:23:38.914Z,9,GR86-033-46,,19.0,33.53287887573242,-86.61639404296875,0.181,0.6890000000000001,100.0,4.0,,0.0,0.0,
2025-09-05T00:23:38.957Z,9,GR86-033-46,,20.1,33.53285217285156,-86.6164321899414,0.301,0.6,100.0,4.0,,0.0,0.0,
2025-09-05T00:23:39.000Z,9,GR86-033-46,2122.0,20.6,33.53282165527344,-86.61646270751953,0.283,0.6950000000000001,100.0,4.0,7186.0,0.0,0.0,
2025-09-05T00:23:39.043Z,9,GR86-033-46,,20.6,33.53282165527344,-86.61646270751953,0.149,0.675,100.0,4.0,,0.0,0.0,154.57
2025-09-05T00:23:39.086Z,9,GR86-033-46,,20.5,33.53282165527344,-86.61646270751953,0.099,0.644,100.0,4.0,,0.0,0.0,
2025-09-05T00:23:39.129Z,9,GR86-033-46,,20.5,33.53279495239258,-86.61649322509766,0.156,0.717,100.0,4.0,,0.0,0.0,
2025-09-05T00:23:39.172Z,9,GR86-033-46,,20.9,33.53279495239258,-86.61649322509766,0.207,0.715,100.0,4.0,,0.0,0.0,
2025-09-05T00:23:39.215Z,9,GR86-033-46,2130.0,21.700000000000003,33.53276443481445,-86.61652374267578,0.189,0.726,100.0,4.0,7254.0,0.0,0.0,
2025-09-05T00:23:39.258Z,9,GR86-033-46,,22.3,33.53276443481445,-86.61652374267578,0.153,0.763,100.0,4.0,,0.0,0.0,155.44
2025-09-05T00:23:39.301Z,9,GR86-033-46,,22.3,33.53273391723633,-86.61654663085938,0.162,0.785,100.0,4.0,,0.0,0.0,
2025-09-05T00:23:39.344Z,9,GR86-033-46,,22.3,33.53273391723633,-86.61654663085938,0.17,0.755,100.0,4.0,,0.0,0.0,
2025-09-05T00:23:39.387Z,9,GR86-033-46,,22.5,33.53273391723633,-86.61654663085938,0.157,0.772,100.0,4.0,,0.0,0.0,
2025-09-05T00:23:39.430Z,9,GR86-033-46,2148.0,23.3,33.5327033996582,-86.6165771484375,0.159,0.734,100.0,4.0,6164.0,0.0,0.0,
2025-09-05T00:23:39.473Z,9,GR86-033-46,,25.3,33.5327033996582,-86.6165771484375,0.169,0.724,100.0,4.0,,0.0,0.0,156.43
2025-09-05T00:23:39.516Z,9,GR86-033-46,,26.6,33.53267288208008,-86.61660766601562,0.171,0.77,100.0,4.0,,0.0,0.0,
2025-09-05T00:23:39.559Z,9,GR86-033-46,,26.8,33.53267288208008,-86.61660766601562,0.181,0.78,100.0,4.0,,0.0,0.0,
2025-09-05T00:23:39.602Z,9,GR86-033-46,,27.9,33.53264236450195,-86.61663818359375,0.158,0.876,100.0,4.0,,0.0,0.0,
2025-09-05T00:23:39.645Z,9,GR86-033-46,2157.0,30.3,33.53264236450195,-86.61663818359375,0.17,0.878,100.0,4.0,6193.0,0.0,0.0,
2025-09-05T00:23:39.688Z,9,GR86-033-46,,32.4,33.53264236450195,-86.61663818359375,0.179,0.922,100.0,4.0,,0.0,0.0,157.3
2025-09-05T00:23:39.731Z,9,GR86-033-46,,32.800000000000004,33.53261184692383,-86.61666107177734,0.195,0.937,100.0,4.0,,0.0,0.0,
2025-09-05T00:23:39.774Z,9,GR86-033-46,,31.8,33.53261184692383,-86.61666107177734,0.172,0.913,100.0,4.0,,0.0,0.0,
2025-09-05T00:23:39.817Z,9,GR86-033-46,,29.9,33.53257751464844,-86.61669158935547,0.151,0.948,100.0,4.0,,0.0,0.0,
2025-09-05T00:23:39.860Z,9,GR86-033-46,2165.0,28.1,33.53257751464844,-86.61669158935547,0.176,0.938,100.0,4.0,6233.0,0.0,0.0,
2025-09-05T00:23:39.903Z,9,GR86-033-46,,27.3,33.53257751464844,-86.61669158935547,0.188,0.938,100.0,4.0,,0.0,0.0,158.04
2025-09-05T00:23:39.946Z,9,GR86-033-46,,26.6,33.53254318237305,-86.61671447753906,0.171,0.977,100.0,4.0,,0.0,0.0,
2025-09-05T00:23:39.989Z,9,GR86-033-46,,25.5,33.53254318237305,-86.61671447753906,0.168,1.01,100.0,4.0,,0.0,0.0,
2025-09-05T00:23:40.032Z,9,GR86-033-46,,24.6,33.53251266479492,-86.61674499511719,0.158,1.008,100.0,4.0,,0.0,0.0,
2025-09-05T00:23:40.075Z,9,GR86-033-46,2174.0,24.0,33.53251266479492,-86.61674499511719,0.132,1.011,100.0,4.0,6267.0,0.0,0.0,
2025-09-05T00:23:40.119Z,9,GR86-033-46,,23.6,33.53247833251953,-86.61676788330078,0.138,0.995,100.0,4.0,,0.0,0.0,158.72
2025-09-05T00:23:40.162Z,9,GR86-033-46,,23.200000000000003,33.53247833251953,-86.61676788330078,0.158,0.973,100.0,4.0,,0.0,0.0,
2025-09-05T00:23:40.205Z,9,GR86-033-46,,23.200000000000003,33.53244400024414,-86.61679077148438,0.165,0.897,100.0,4.0,,0.0,0.0,
2025-09-05T00:23:40.248Z,9,GR86-033-46,,23.200000000000003,33.53244400024414,-86.61679077148438,0.151,0.88,100.0,4.0,,0.0,0.0,
2025-09-05T00:23:40.291Z,9,GR86-033-46,2183.0,22.9,33.53244400024414,-86.61679077148438,0.14,0.87,100.0,4.0,6305.0,0.0,0.0,
2025-09-05T00:23:40.334Z,9,GR86-033-46,,21.700000000000003,33.53240966796875,-86.61681365966797,0.171,0.801,100.0,4.0,,0.0,0.0,159.26
2025-09-05T00:23:40.377Z,9,GR86-033-46,,19.3,33.53240966796875,-86.61681365966797,0.174,0.638,100.0,4.0,,0.0,0.0,
2025-09-05T00:23:40.422Z,9,GR86-033-46,,10.8,33.532371520996094,-86.61683654785156,0.106,0.705,100.0,4.0,,0.0,0.0,
2025-09-05T00:23:40.465Z,9,GR86-033-46,,2.8000000000000003,33.532371520996094,-86.61683654785156,0.184,0.606,100.0,4.0,,0.0,0.0,
2025-09-05T00:23:40.508Z,9,GR86-033-46,2192.0,-4.7,33.5323371887207,-86.61685943603516,0.196,0.532,100.0,4.0,6302.0,0.0,0.0,
2025-09-05T00:23:40.551Z,9,GR86-033-46,,-10.5,33.5323371887207,-86.61685943603516,0.209,0.42,100.0,4.0,,0.0,0.0,160.03
2025-09-05T00:23:40.595Z,9,GR86-033-46,,-14.8,33.5323371887207,-86.61685943603516,0.178,0.262,100.0,4.0,,0.0,0.0,
2025-09-05T00:23:40.638Z,9,GR86-033-46,,-17.6,33.53229904174805,-86.61687469482422,0.169,0.155,100.0,4.0,,0.0,0.0,
2025-09-05T00:23:40.682Z,9,GR86-033-46,,-20.700000000000003,33.53229904174805,-86.61687469482422,0.161,-0.064,100.0,4.0,,0.0,0.0,
2025-09-05T00:23:40.725Z,9,GR86-033-46,2201.0,-22.8,33.532264709472656,-86.61689758300781,0.161,-0.216,100.0,4.0,6327.0,0.0,0.0,
2025-09-05T00:23:40.768Z,9,GR86-033-46,,-25.0,33.532264709472656,-86.61689758300781,0.157,-0.364,100.0,4.0,,0.0,0.0,160.53
2025-09-05T00:23:40.811Z,9,GR86-033-46,,-27.200000000000003,33.5322265625,-86.61691284179688,0.142,-0.463,100.0,4.0,,0.0,0.0,
2025-09-05T00:23:40.854Z,9,GR86-033-46,,-28.8,33.5322265625,-86.61691284179688,0.128,-0.592,100.0,4.0,,0.0,0.0,
2025-09-05T00:23:40.897Z,9,GR86-033-46,,-29.5,33.5322265625,-86.61691284179688,0.123,-0.667,100.0,4.0,,0.0,0.0,
2025-09-05T00:23:40.940Z,9,GR86-033-46,2210.0,-29.6,33.53219223022461,-86.61693572998047,0.137,-0.673,100.0,4.0,6343.0,0.0,0.0,
2025-09-05T00:23:40.985Z,9,GR86-033-46,,-28.8,33.53219223022461,-86.61693572998047,0.097,-0.788,100.0,4.0,,0.0,0.0,160.89
2025-09-05T00:23:41.028Z,9,GR86-033-46,,-27.9,33.53215408325195,-86.61695861816406,0.121,-0.8270000000000001,100.0,4.0,,0.0,0.0,
2025-09-05T00:23:41.071Z,9,GR86-033-46,,-27.3,33.53215408325195,-86.61695861816406,0.116,-0.872,100.0,4.0,,0.0,0.0,
2025-09-05T00:23:41.114Z,9,GR86-033-46,,-27.200000000000003,33.53211975097656,-86.61698150634766,0.114,-0.93,100.0,4.0,,0.0,0.0,
2025-09-05T00:23:41.200Z,9,GR86-033-46,2219.0,-27.5,33.53211975097656,-86.61698150634766,0.079,-1.01,100.0,4.0,6359.0,0.0,0.0,161.68
2025-09-05T00:23:41.243Z,9,GR86-033-46,,-29.3,33.532081604003906,-86.61699676513672,0.119,-0.953,100.0,4.0,,0.0,0.0,
2025-09-05T00:23:41.286Z,9,GR86-033-46,,-29.4,33.532081604003906,-86.61699676513672,0.099,-0.879,100.0,4.0,,0.0,0.0,
2025-09-05T00:23:41.329Z,9,GR86-033-46,,-30.3,33.53204727172852,-86.61701965332031,0.083,-0.924,100.0,4.0,,0.0,0.0,
2025-09-05T00:23:41.372Z,9,GR86-033-46,2228.0,-31.1,33.53204727172852,-86.61701965332031,0.092,-1.131,100.0,4.0,6444.0,0.0,0.0,
2025-09-05T00:23:41.415Z,9,GR86-033-46,,-31.5,33.532012939453125,-86.61705017089844,0.105,-1.112,100.0,4.0,,0.0,0.0,161.78
2025-09-05T00:23:41.458Z,9,GR86-033-46,,-31.5,33.532012939453125,-86.61705017089844,0.091,-1.131,100.0,4.0,,0.0,0.0,
2025-09-05T00:23:41.501Z,9,GR86-033-46,,-31.5,33.531978607177734,-86.61707305908203,0.082,-1.206,100.0,4.0,,0.0,0.0,
2025-09-05T00:23:41.545Z,9,GR86-033-46,,-32.0,33.531978607177734,-86.61707305908203,0.104,-1.241,100.0,4.0,,0.0,0.0,
2025-09-05T00:23:41.631Z,9,GR86-033-46,2237.0,-32.5,33.531978607177734,-86.61707305908203,0.125,-1.263,100.0,4.0,6460.0,0.0,0.0,162.05
2025-09-05T00:23:41.674Z,9,GR86-033-46,,-32.1,33.531944274902344,-86.61709594726562,0.085,-1.191,100.0,4.0,,0.0,0.0,
2025-09-05T00:23:41.717Z,9,GR86-033-46,,-31.200000000000003,33.53190994262695,-86.61712646484375,0.105,-1.091,100.0,4.0,,0.0,0.0,
2025-09-05T00:23:41.760Z,9,GR86-033-46,,-27.700000000000003,33.53190994262695,-86.61712646484375,0.106,-1.198,100.0,4.0,,0.0,0.0,
2025-09-05T00:23:41.804Z,9,GR86-033-46,2246.0,-24.3,33.53187561035156,-86.61715698242188,0.08,-1.286,100.0,4.0,6499.0,0.0,0.0,
2025-09-05T00:23:41.847Z,9,GR86-033-46,,-21.5,33.53187561035156,-86.61715698242188,0.145,-1.087,100.0,4.0,,0.0,0.0,162.86
2025-09-05T00:23:41.891Z,9,GR86-033-46,,-21.200000000000003,33.53187561035156,-86.61715698242188,0.087,-1.097,100.0,4.0,,0.0,0.0,
2025-09-05T00:23:41.934Z,9,GR86-033-46,,-23.5,33.53184509277344,-86.61717987060547,0.059,-0.877,100.0,4.0,,0.0,0.0,
2025-09-05T00:23:41.977Z,9,GR86-033-46,,-26.4,33.53184509277344,-86.61717987060547,0.055,-0.906,100.0,4.0,,0.0,0.0,
2025-09-05T00:23:42.022Z,9,GR86-033-46,2264.0,-27.5,33.53181076049805,-86.6172103881836,0.208,-1.161,100.0,4.0,6529.0,0.0,0.0,
2025-09-05T00:23:42.065Z,9,GR86-033-46,,-25.9,33.53181076049805,-86.6172103881836,0.2,-1.274,100.0,4.0,,0.0,0.0,162.68
2025-09-05T00:23:42.108Z,9,GR86-033-46,,-24.1,33.53178024291992,-86.61724090576172,0.119,-1.323,100.0,4.0,,0.0,0.0,
2025-09-05T00:23:42.151Z,9,GR86-033-46,,-23.4,33.53178024291992,-86.61724090576172,0.075,-1.237,100.0,4.0,,0.0,0.0,
2025-09-05T00:23:42.194Z,9,GR86-033-46,,-24.200000000000003,33.53178024291992,-86.61724090576172,0.047,-1.279,100.0,4.0,,0.0,0.0,
2025-09-05T00:23:42.237Z,9,GR86-033-46,2273.0,-26.8,33.5317497253418,-86.61727905273438,0.108,-1.244,100.0,4.0,6726.0,0.0,0.0,
2025-09-05T00:23:42.280Z,9,GR86-033-46,,-29.200000000000003,33.5317497253418,-86.61727905273438,0.127,-1.161,100.0,4.0,,0.0,0.0,163.58
2025-09-05T00:23:42.324Z,9,GR86-033-46,,-28.700000000000003,33.53171920776367,-86.6173095703125,0.098,-1.092,100.0,4.0,,0.0,0.0,
2025-09-05T00:23:42.367Z,9,GR86-033-46,,-26.9,33.53171920776367,-86.6173095703125,0.081,-1.096,100.0,4.0,,0.0,0.0,
2025-09-05T00:23:42.410Z,9,GR86-033-46,,-25.1,33.53169250488281,-86.61734008789062,0.101,-1.026,100.0,4.0,,0.0,0.0,
2025-09-05T00:23:42.453Z,9,GR86-033-46,2282.0,-23.5,33.53169250488281,-86.61734008789062,0.098,-0.994,100.0,4.0,6563.0,0.0,0.0,
2025-09-05T00:23:42.496Z,9,GR86-033-46,,-22.1,33.53169250488281,-86.61734008789062,0.084,-1.028,100.0,4.0,,0.0,0.0,163.1
2025-09-05T00:23:42.540Z,9,GR86-033-46,,-21.200000000000003,33.53166198730469,-86.61737823486328,0.121,-1.138,100.0,4.0,,0.0,0.0,
2025-09-05T00:23:42.583Z,9,GR86-033-46,,-21.3,33.53166198730469,-86.61737823486328,0.101,-1.106,100.0,4.0,,0.0,0.0,
2025-09-05T00:23:42.626Z,9,GR86-033-46,,-22.0,33.53163528442383,-86.61741638183594,0.091,-1.081,100.0,4.0,,0.0,0.0,
2025-09-05T00:23:42.669Z,9,GR86-033-46,2291.0,-22.5,33.53163528442383,-86.61741638183594,0.102,-1.118,100.0,4.0,6548.0,0.0,0.0,
2025-09-05T00:23:42.712Z,9,GR86-033-46,,-22.6,33.53160858154297,-86.61744689941406,0.145,-1.103,100.0,4.0,,0.0,0.0,163.0
2025-09-05T00:23:42.755Z,9,GR86-033-46,,-21.5,33.53160858154297,-86.61744689941406,0.125,-1.071,100.0,4.0,,0.0,0.0,
2025-09-05T00:23:42.799Z,9,GR86-033-46,,-20.700000000000003,33.53160858154297,-86.61744689941406,0.085,-1.062,100.0,4.0,,0.0,0.0,
2025-09-05T00:23:42.842Z,9,GR86-033-46,,-20.9,33.53158187866211,-86.61748504638672,0.105,-1.109,100.0,4.0,,0.0,0.0,
2025-09-05T00:23:42.885Z,9,GR86-033-46,2300.0,-21.0,33.53158187866211,-86.61748504638672,0.138,-1.141,100.0,4.0,6546.0,0.0,0.0,
2025-09-05T00:23:42.928Z,9,GR86-033-46,,-21.1,33.53155899047852,-86.61752319335938,0.122,-1.062,100.0,4.0,,0.0,0.0,163.01
2025-09-05T00:23:42.971Z,9,GR86-033-46,,-21.5,33.53155899047852,-86.61752319335938,0.11,-1.046,100.0,4.0,,0.0,0.0,
2025-09-05T00:23:43.015Z,9,GR86-033-46,,-21.9,33.531532287597656,-86.61756134033203,0.108,-1.07,100.0,4.0,,0.0,0.0,
2025-09-05T00:23:43.058Z,9,GR86-033-46,,-22.3,33.531532287597656,-86.61756134033203,0.114,-1.102,100.0,4.0,,0.0,0.0,
2025-09-05T00:23:43.102Z,9,GR86-033-46,2309.0,-22.3,33.53150939941406,-86.61760711669922,0.131,-1.077,100.0,4.0,6557.0,0.0,0.0,
2025-09-05T00:23:43.145Z,9,GR86-033-46,,-22.3,33.53150939941406,-86.61760711669922,0.096,-1.043,100.0,4.0,,0.0,0.0,163.44
2025-09-05T00:23:43.188Z,9,GR86-033-46,,-22.3,33.53150939941406,-86.61760711669922,0.132,-1.003,100.0,4.0,,0.0,0.0,
2025-09-05T00:23:43.232Z,9,GR86-033-46,,-22.9,33.53148651123047,-86.61764526367188,0.13,-0.962,100.0,4.0,,0.0,0.0,
2025-09-05T00:23:43.275Z,9,GR86-033-46,,-24.9,33.53148651123047,-86.61764526367188,0.112,-0.904,100.0,4.0,,0.0,0.0,
2025-09-05T00:23:43.319Z,9,GR86-033-46,2319.0,-27.8,33.531463623046875,-86.61768341064453,0.133,-0.835,100.0,4.0,6537.0,0.0,0.0,
2025-09-05T00:23:43.362Z,9,GR86-033-46,,-30.9,33.531463623046875,-86.61768341064453,0.106,-0.811,100.0,4.0,,0.0,0.0,163.96
2025-09-05T00:23:43.405Z,9,GR86-033-46,,-30.9,33.53144073486328,-86.61772918701172,0.105,-0.8230000000000001,100.0,4.0,,0.0,0.0,
2025-09-05T00:23:43.448Z,9,GR86-033-46,,-29.8,33.53144073486328,-86.61772918701172,0.12,-0.807,100.0,4.0,,0.0,0.0,
2025-09-05T00:23:43.491Z,9,GR86-033-46,,-29.1,33.53144073486328,-86.61772918701172,0.104,-0.835,100.0,4.0,,0.0,0.0,
2025-09-05T00:23:43.534Z,9,GR86-033-46,2328.0,-28.5,33.53142166137695,-86.61776733398438,0.114,-0.8190000000000001,100.0,4.0,6516.0,0.0,0.0,
2025-09-05T00:23:43.579Z,9,GR86-033-46,,-27.9,33.53142166137695,-86.61776733398438,0.122,-0.904,100.0,4.0,,0.0,0.0,164.79
2025-09-05T00:23:43.622Z,9,GR86-033-46,,-27.8,33.53139877319336,-86.61781311035156,0.131,-0.94,100.0,4.0,,0.0,0.0,
2025-09-05T00:23:43.665Z,9,GR86-033-46,,-27.700000000000003,33.53139877319336,-86.61781311035156,0.135,-0.837,100.0,4.0,,0.0,0.0,
2025-09-05T00:23:43.708Z,9,GR86-033-46,,-27.6,33.53137969970703,-86.61785125732422,0.137,-0.732,100.0,4.0,,0.0,0.0,
2025-09-05T00:23:43.751Z,9,GR86-033-46,2337.0,-27.4,33.53137969970703,-86.61785125732422,0.092,-0.597,100.0,4.0,6536.0,0.0,0.0,
2025-09-05T00:23:43.794Z,9,GR86-033-46,,-26.200000000000003,33.53137969970703,-86.61785125732422,0.09,-0.538,100.0,4.0,,0.0,0.0,165.32
2025-09-05T00:23:43.837Z,9,GR86-033-46,,-23.8,33.5313606262207,-86.6178970336914,0.121,-0.579,100.0,4.0,,0.0,0.0,
2025-09-05T00:23:43.880Z,9,GR86-033-46,,-19.3,33.5313606262207,-86.6178970336914,0.169,-0.581,100.0,4.0,,0.0,0.0,
2025-09-05T00:23:43.923Z,9,GR86-033-46,,-18.1,33.531341552734375,-86.6179428100586,0.125,-0.614,100.0,4.0,,0.0,0.0,
2025-09-05T00:23:43.966Z,9,GR86-033-46,2346.0,-18.1,33.531341552734375,-86.6179428100586,0.131,-0.636,100.0,4.0,6555.0,0.0,0.0,
2025-09-05T00:23:44.010Z,9,GR86-033-46,,-18.4,33.53132247924805,-86.61798858642578,0.139,-0.71,100.0,4.0,,0.0,0.0,166.25
2025-09-05T00:23:44.053Z,9,GR86-033-46,,-18.8,33.53132247924805,-86.61798858642578,0.124,-0.6990000000000001,100.0,4.0,,0.0,0.0,
2025-09-05T00:23:44.096Z,9,GR86-033-46,,-18.9,33.53132247924805,-86.61798858642578,0.126,-0.667,100.0,4.0,,0.0,0.0,
2025-09-05T00:23:44.139Z,9,GR86-033-46,,-18.8,33.531307220458984,-86.61803436279297,0.114,-0.626,100.0,4.0,,0.0,0.0,
2025-09-05T00:23:44.182Z,9,GR86-033-46,2355.0,-16.7,33.531307220458984,-86.61803436279297,0.129,-0.532,100.0,4.0,6613.0,0.0,0.0,
2025-09-05T00:23:44.225Z,9,GR86-033-46,,-14.4,33.531288146972656,-86.61808013916016,0.142,-0.5750000000000001,100.0,4.0,,0.0,0.0,167.08
2025-09-05T00:23:44.268Z,9,GR86-033-46,,-13.0,33.531288146972656,-86.61808013916016,0.122,-0.547,100.0,4.0,,0.0,0.0,
2025-09-05T00:23:44.311Z,9,GR86-033-46,,-12.8,33.531272888183594,-86.61812591552734,0.194,-0.556,100.0,4.0,,0.0,0.0,
2025-09-05T00:23:44.354Z,9,GR86-033-46,,-13.5,33.531272888183594,-86.61812591552734,0.117,-0.561,100.0,4.0,,0.0,0.0,
2025-09-05T00:23:44.397Z,9,GR86-033-46,2365.0,-14.0,33.531272888183594,-86.61812591552734,0.147,-0.513,100.0,4.0,6623.0,0.0,0.0,
2025-09-05T00:23:44.440Z,9,GR86-033-46,,-13.5,33.53125762939453,-86.61817169189453,0.145,-0.441,100.0,4.0,,0.0,0.0,167.55
2025-09-05T00:23:44.483Z,9,GR86-033-46,,-12.4,33.53125762939453,-86.61817169189453,0.115,-0.428,100.0,4.0,,0.0,0.0,
2025-09-05T00:23:44.526Z,9,GR86-033-46,,-11.1,33.53124237060547,-86.61821746826172,0.165,-0.385,100.0,4.0,,0.0,0.0,
2025-09-05T00:23:44.570Z,9,GR86-033-46,,-10.6,33.53124237060547,-86.61821746826172,0.15,-0.409,100.0,4.0,,0.0,0.0,
2025-09-05T00:23:44.613Z,9,GR86-033-46,2374.0,-10.9,33.531227111816406,-86.6182632446289,0.175,-0.289,100.0,4.0,6637.0,0.0,0.0,
2025-09-05T00:23:44.656Z,9,GR86-033-46,,-11.2,33.531227111816406,-86.6182632446289,0.095,-0.23,100.0,4.0,,0.0,0.0,168.68
2025-09-05T00:23:44.699Z,9,GR86-033-46,,-10.9,33.531227111816406,-86.6182632446289,0.11,-0.198,100.0,4.0,,0.0,0.0,
2025-09-05T00:23:44.742Z,9,GR86-033-46,,-8.9,33.531211853027344,-86.6183090209961,0.133,-0.248,100.0,4.0,,0.0,0.0,
2025-09-05T00:23:44.785Z,9,GR86-033-46,,-7.800000000000001,33.531211853027344,-86.6183090209961,0.164,-0.293,100.0,4.0,,0.0,0.0,
2025-09-05T00:23:44.828Z,9,GR86-033-46,2393.0,-7.6,33.53119659423828,-86.61835479736328,0.135,-0.356,100.0,4.0,6649.0,0.0,0.0,
2025-09-05T00:23:44.871Z,9,GR86-033-46,,-7.9,33.53119659423828,-86.61835479736328,0.165,-0.461,100.0,4.0,,0.0,0.0,169.14
2025-09-05T00:23:44.914Z,9,GR86-033-46,,-8.4,33.53119659423828,-86.61835479736328,0.132,-0.383,100.0,4.0,,0.0,0.0,
2025-09-05T00:23:44.957Z,9,GR86-033-46,,-8.4,33.53118133544922,-86.618408203125,0.151,-0.321,100.0,4.0,,0.0,0.0,
2025-09-05T00:23:45.000Z,9,GR86-033-46,,-6.5,33.53116607666016,-86.61845397949219,0.139,-0.235,100.0,4.0,,0.0,0.0,
2025-09-05T00:23:45.043Z,9,GR86-033-46,2403.0,-4.9,33.53116607666016,-86.61845397949219,0.124,-0.184,100.0,4.0,6717.0,0.0,0.0,
2025-09-05T00:23:45.086Z,9,GR86-033-46,,-4.2,33.53116607666016,-86.61845397949219,0.127,-0.113,100.0,4.0,,0.0,0.0,170.1
2025-09-05T00:23:45.129Z,9,GR86-033-46,,-3.9,33.53115463256836,-86.61849975585938,0.127,-0.11,100.0,4.0,,0.0,0.0,
2025-09-05T00:23:45.172Z,9,GR86-033-46,,-3.5,33.53115463256836,-86.61849975585938,0.132,-0.103,100.0,4.0,,0.0,0.0,
2025-09-05T00:23:45.215Z,9,GR86-033-46,,-2.5,33.5311393737793,-86.6185531616211,0.168,-0.12,100.0,4.0,,0.0,0.0,
2025-09-05T00:23:45.258Z,9,GR86-033-46,2412.0,-1.2000000000000002,33.5311393737793,-86.6185531616211,0.152,-0.13,100.0,4.0,6735.0,0.0,0.0,
2025-09-05T00:23:45.301Z,9,GR86-033-46,,0.6000000000000001,33.5311279296875,-86.61859893798828,0.109,-0.13,100.0,4.0,,0.0,0.0,171.52
2025-09-05T00:23:45.344Z,9,GR86-033-46,,1.2000000000000002,33.5311279296875,-86.61859893798828,0.142,-0.127,100.0,4.0,,0.0,0.0,
2025-09-05T00:23:45.387Z,9,GR86-033-46,,1.5,33.5311279296875,-86.61859893798828,0.134,-0.085,100.0,4.0,,0.0,0.0,
2025-09-05T00:23:45.430Z,9,GR86-033-46,,1.5,33.53111267089844,-86.61864471435547,0.159,-0.037,100.0,4.0,,0.0,0.0,
2025-09-05T00:23:45.473Z,9,GR86-033-46,2422.0,1.5,33.53111267089844,-86.61864471435547,0.128,0.01,100.0,4.0,6808.0,0.0,0.0,
2025-09-05T00:23:45.516Z,9,GR86-033-46,,1.5,33.53110122680664,-86.61869812011719,0.123,0.044,100.0,4.0,,0.0,0.0,171.83
2025-09-05T00:23:45.560Z,9,GR86-033-46,,1.5,33.53110122680664,-86.61869812011719,0.144,0.096,100.0,4.0,,0.0,0.0,
2025-09-05T00:23:45.603Z,9,GR86-033-46,,1.6,33.53108596801758,-86.61874389648438,0.152,0.086,100.0,4.0,,0.0,0.0,
2025-09-05T00:23:45.646Z,9,GR86-033-46,,1.8,33.53108596801758,-86.61874389648438,0.131,0.082,100.0,4.0,,0.0,0.0,
2025-09-05T00:23:45.689Z,9,GR86-033-46,2431.0,1.9,33.53108596801758,-86.61874389648438,0.14,0.096,100.0,4.0,6799.0,0.0,0.0,
2025-09-05T00:23:45.732Z,9,GR86-033-46,,1.9,33.53107452392578,-86.6187973022461,0.14,0.093,100.0,4.0,,0.0,0.0,173.16
2025-09-05T00:23:45.775Z,9,GR86-033-46,,1.9,33.53107452392578,-86.6187973022461,0.142,0.097,100.0,4.0,,0.0,0.0,
2025-09-05T00:23:45.819Z,9,GR86-033-46,,1.9,33.53105926513672,-86.61884307861328,0.142,0.112,100.0,4.0,,0.0,0.0,
2025-09-05T00:23:45.862Z,9,GR86-033-46,,2.1,33.53105926513672,-86.61884307861328,0.136,0.122,100.0,4.0,,0.0,0.0,
2025-09-05T00:23:45.905Z,9,GR86-033-46,2441.0,2.4000000000000004,33.53105926513672,-86.61884307861328,0.16,0.111,100.0,4.0,6851.0,0.0,0.0,
2025-09-05T00:23:45.948Z,9,GR86-033-46,,2.6,33.531044006347656,-86.61888885498047,0.15,0.107,100.0,4.0,,0.0,0.0,173.95000000000002
2025-09-05T00:23:45.991Z,9,GR86-033-46,,2.6,33.531044006347656,-86.61888885498047,0.129,0.104,100.0,4.0,,0.0,0.0,
2025-09-05T00:23:46.034Z,9,GR86-033-46,,2.6,33.53103256225586,-86.61894226074219,0.149,0.117,100.0,4.0,,0.0,0.0,
2025-09-05T00:23:46.077Z,9,GR86-033-46,,2.7,33.53103256225586,-86.61894226074219,0.14,0.122,100.0,4.0,,0.0,0.0,
2025-09-05T00:23:46.122Z,9,GR86-033-46,2451.0,3.5,33.5310173034668,-86.61898803710938,0.126,0.136,100.0,4.0,6874.0,0.0,0.0,
2025-09-05T00:23:46.165Z,9,GR86-033-46,,4.2,33.5310173034668,-86.61898803710938,0.147,0.139,100.0,4.0,,0.0,0.0,174.82
2025-09-05T00:23:46.208Z,9,GR86-033-46,,4.800000000000001,33.531005859375,-86.6190414428711,0.136,0.142,100.0,4.0,,0.0,0.0,
2025-09-05T00:23:46.251Z,9,GR86-033-46,,5.1000000000000005,33.531005859375,-86.6190414428711,0.153,0.159,100.0,4.0,,0.0,0.0,
2025-09-05T00:23:46.295Z,9,GR86-033-46,,5.2,33.531005859375,-86.6190414428711,0.139,0.179,100.0,4.0,,0.0,0.0,
2025-09-05T00:23:46.338Z,9,GR86-033-46,2461.0,5.300000000000001,33.53099060058594,-86.61908721923828,0.148,0.202,100.0,4.0,6914.0,0.0,0.0,
2025-09-05T00:23:46.382Z,9,GR86-033-46,,5.5,33.53099060058594,-86.61908721923828,0.153,0.211,100.0,4.0,,0.0,0.0,175.62
2025-09-05T00:23:46.425Z,9,GR86-033-46,,5.6000000000000005,33.530975341796875,-86.619140625,0.144,0.23,100.0,4.0,,0.0,0.0,
2025-09-05T00:23:46.468Z,9,GR86-033-46,,5.6000000000000005,33.530975341796875,-86.619140625,0.147,0.231,100.0,4.0,,0.0,0.0,
2025-09-05T00:23:46.511Z,9,GR86-033-46,,5.6000000000000005,33.53096389770508,-86.61918640136719,0.147,0.257,100.0,4.0,,0.0,0.0,
2025-09-05T00:23:46.554Z,9,GR86-033-46,2470.0,5.6000000000000005,33.53096389770508,-86.61918640136719,0.139,0.26,100.0,4.0,6946.0,0.0,0.0,
2025-09-05T00:23:46.597Z,9,GR86-033-46,,5.6000000000000005,33.53096389770508,-86.61918640136719,0.144,0.262,100.0,4.0,,0.0,0.0,176.49
2025-09-05T00:23:46.640Z,9,GR86-033-46,,5.6000000000000005,33.530948638916016,-86.6192398071289,0.148,0.225,100.0,4.0,,0.0,0.0,
2025-09-05T00:23:46.685Z,9,GR86-033-46,,5.300000000000001,33.530948638916016,-86.6192398071289,0.149,0.224,100.0,4.0,,0.0,0.0,
2025-09-05T00:23:46.728Z,9,GR86-033-46,,4.9,33.53093338012695,-86.61929321289062,0.129,0.222,100.0,4.0,,0.0,0.0,
2025-09-05T00:23:46.771Z,9,GR86-033-46,2480.0,4.4,33.53093338012695,-86.61929321289062,0.14,0.224,100.0,4.0,6977.0,0.0,0.0,
2025-09-05T00:23:46.814Z,9,GR86-033-46,,4.3,33.53091812133789,-86.61933898925781,0.15,0.227,100.0,4.0,,0.0,0.0,177.5
2025-09-05T00:23:46.857Z,9,GR86-033-46,,4.3,33.53091812133789,-86.61933898925781,0.138,0.214,100.0,4.0,,0.0,0.0,
2025-09-05T00:23:46.900Z,9,GR86-033-46,,4.3,33.53091812133789,-86.61933898925781,0.146,0.211,100.0,4.0,,0.0,0.0,
2025-09-05T00:23:46.943Z,9,GR86-033-46,,4.2,33.53090286254883,-86.61939239501953,0.141,0.231,100.0,4.0,,0.0,0.0,
2025-09-05T00:23:46.986Z,9,GR86-033-46,2490.0,4.2,33.53090286254883,-86.61939239501953,0.133,0.215,100.0,4.0,7013.0,0.0,0.0,
2025-09-05T00:23:47.029Z,9,GR86-033-46,,4.2,33.530887603759766,-86.61943817138672,0.145,0.222,100.0,4.0,,0.0,0.0,179.17000000000002
2025-09-05T00:23:47.072Z,9,GR86-033-46,,4.3,33.530887603759766,-86.61943817138672,0.146,0.196,100.0,4.0,,0.0,0.0,
2025-09-05T00:23:47.115Z,9,GR86-033-46,,4.3,33.5308723449707,-86.61949157714844,0.136,0.198,100.0,4.0,,0.0,0.0,
2025-09-05T00:23:47.158Z,9,GR86-033-46,,4.4,33.5308723449707,-86.61949157714844,0.123,0.202,100.0,4.0,,0.0,0.0,
2025-09-05T00:23:47.202Z,9,GR86-033-46,2500.0,4.7,33.53085708618164,-86.61953735351562,0.126,0.222,100.0,4.0,7051.0,0.0,0.0,
2025-09-05T00:23:47.245Z,9,GR86-033-46,,5.1000000000000005,33.53085708618164,-86.61953735351562,0.133,0.212,100.0,4.0,,0.0,0.0,179.95000000000002
2025-09-05T00:23:47.288Z,9,GR86-033-46,,5.800000000000001,33.53085708618164,-86.61953735351562,0.148,0.22,100.0,4.0,,0.0,0.0,
2025-09-05T00:23:47.331Z,9,GR86-033-46,,6.1000000000000005,33.53084182739258,-86.61959075927734,0.151,0.22,100.0,4.0,,0.0,0.0,
2025-09-05T00:23:47.374Z,9,GR86-033-46,,6.1000000000000005,33.53084182739258,-86.61959075927734,0.147,0.224,100.0,4.0,,0.0,0.0,
2025-09-05T00:23:47.417Z,9,GR86-033-46,2510.0,6.1000000000000005,33.53082275390625,-86.61964416503906,0.142,0.253,100.0,4.0,7081.0,0.0,0.0,
2025-09-05T00:23:47.460Z,9,GR86-033-46,,6.0,33.53082275390625,-86.61964416503906,0.139,0.241,100.0,4.0,,0.0,0.0,180.92
2025-09-05T00:23:47.504Z,9,GR86-033-46,,6.0,33.53080749511719,-86.61968994140625,0.126,0.238,100.0,4.0,,0.0,0.0,
2025-09-05T00:23:47.547Z,9,GR86-033-46,,5.9,33.53080749511719,-86.61968994140625,0.131,0.212,100.0,4.0,,0.0,0.0,
2025-09-05T00:23:47.591Z,9,GR86-033-46,,5.4,33.53080749511719,-86.61968994140625,0.128,0.177,100.0,4.0,,0.0,0.0,
2025-09-05T00:23:47.677Z,9,GR86-033-46,2531.0,4.4,33.530792236328125,-86.61974334716797,0.119,0.233,100.0,4.0,7148.0,0.0,0.0,181.87
2025-09-05T00:23:47.721Z,9,GR86-033-46,,4.2,33.5307731628418,-86.61978912353516,0.196,0.255,100.0,4.0,,0.0,0.0,
2025-09-05T00:23:47.765Z,9,GR86-033-46,,4.7,33.5307731628418,-86.61978912353516,0.141,0.242,100.0,4.0,,0.0,0.0,
2025-09-05T00:23:47.808Z,9,GR86-033-46,,4.6000000000000005,33.530757904052734,-86.61984252929688,0.119,0.247,100.0,4.0,,0.0,0.0,
2025-09-05T00:23:47.851Z,9,GR86-033-46,2541.0,4.6000000000000005,33.530757904052734,-86.61984252929688,0.14,0.236,100.0,4.0,7176.0,0.0,0.0,
2025-09-05T00:23:48.891Z,9,GR86-033-46,,15.9,33.53057861328125,-86.62034606933594,-0.072,0.431,0.0,4.0,,3.695,4.24,
2025-09-05T00:23:49.022Z,9,GR86-033-46,,17.7,33.530540466308594,-86.62045288085938,-0.661,0.507,0.04,4.0,,35.77,35.955,
2025-09-05T00:23:49.065Z,9,GR86-033-46,,17.1,33.530540466308594,-86.62045288085938,-0.8230000000000001,0.606,0.08,4.0,,40.5,40.655,186.71
2025-09-05T00:23:49.194Z,9,GR86-033-46,2603.0,14.1,33.530521392822266,-86.62049865722656,-0.899,0.741,0.01,4.0,7284.0,46.27,47.185,187.11
2025-09-05T00:23:49.237Z,9,GR86-033-46,,5.800000000000001,33.53050231933594,-86.62055206298828,-1.013,0.6890000000000001,0.0,4.0,,50.16,51.120000000000005,
2025-09-05T00:23:49.280Z,9,GR86-033-46,,10.2,33.53050231933594,-86.62055206298828,-0.997,0.862,0.0,4.0,,51.655,52.68,
2025-09-05T00:23:49.366Z,9,GR86-033-46,2613.0,14.4,33.530487060546875,-86.62059783935547,-0.961,0.892,0.01,4.0,7177.0,45.52,46.205,
2025-09-05T00:23:49.409Z,9,GR86-033-46,,14.7,33.530487060546875,-86.62059783935547,-0.986,0.896,0.06,4.0,,49.61,49.765,186.39
2025-09-05T00:23:49.495Z,9,GR86-033-46,,5.5,33.53046417236328,-86.62064361572266,-0.756,0.978,0.06,4.0,,30.735,31.8,
2025-09-05T00:23:49.538Z,9,GR86-033-46,,11.4,33.53044509887695,-86.62068939208984,-0.542,0.921,0.03,4.0,,11.58,12.175,
2025-09-05T00:23:49.581Z,9,GR86-033-46,2623.0,21.8,33.53044509887695,-86.62068939208984,-0.296,0.978,0.01,4.0,6586.0,2.975,3.37,
2025-09-05T00:23:49.624Z,9,GR86-033-46,,25.0,33.530426025390625,-86.62073516845703,-0.183,1.016,0.02,4.0,,0.0,0.0,174.73
2025-09-05T00:23:49.667Z,9,GR86-033-46,,25.1,33.530426025390625,-86.62073516845703,-0.172,1.027,0.02,4.0,,0.0,0.0,
2025-09-05T00:23:49.710Z,9,GR86-033-46,,23.0,33.5304069519043,-86.62078094482422,-0.124,0.952,0.5,4.0,,0.0,0.0,
2025-09-05T00:23:49.753Z,9,GR86-033-46,,18.6,33.5304069519043,-86.62078094482422,-0.134,0.908,17.03,4.0,,0.0,0.0,
2025-09-05T00:23:49.796Z,9,GR86-033-46,2632.0,13.5,33.5304069519043,-86.62078094482422,-0.154,0.837,25.51,4.0,6476.0,0.0,0.0,
2025-09-05T00:23:49.839Z,9,GR86-033-46,,10.6,33.5303840637207,-86.6208267211914,-0.133,0.793,28.0,4.0,,0.0,0.0,169.88
2025-09-05T00:23:49.882Z,9,GR86-033-46,,15.1,33.5303840637207,-86.6208267211914,-0.074,0.786,28.72,4.0,,0.0,0.0,
2025-09-05T00:23:49.925Z,9,GR86-033-46,,24.9,33.530364990234375,-86.62086486816406,-0.018,0.8200000000000001,27.35,4.0,,0.0,0.0,
2025-09-05T00:23:49.968Z,9,GR86-033-46,,36.0,33.530364990234375,-86.62086486816406,0.216,0.88,22.15,4.0,,0.0,0.0,
2025-09-05T00:23:50.054Z,9,GR86-033-46,2641.0,43.3,33.53034210205078,-86.62091064453125,0.066,0.971,18.76,4.0,6411.0,0.0,0.0,167.55
2025-09-05T00:23:50.097Z,9,GR86-033-46,,43.1,33.53034210205078,-86.62091064453125,-0.011,1.035,17.07,4.0,,0.0,0.0,
2025-09-05T00:23:50.183Z,9,GR86-033-46,,39.900000000000006,33.53031921386719,-86.6209487915039,0.011,1.062,15.55,4.0,,0.0,0.0,
2025-09-05T00:23:50.226Z,9,GR86-033-46,2660.0,34.300000000000004,33.530296325683594,-86.62098693847656,-0.013,1.082,14.56,4.0,6503.0,0.0,0.0,
2025-09-05T00:23:50.269Z,9,GR86-033-46,,28.8,33.530296325683594,-86.62098693847656,-0.02,1.002,14.7,4.0,,0.0,0.0,166.55
2025-09-05T00:23:50.312Z,9,GR86-033-46,,22.5,33.5302734375,-86.62103271484375,-0.023,0.93,14.61,4.0,,0.0,0.0,
2025-09-05T00:23:50.355Z,9,GR86-033-46,,16.900000000000002,33.5302734375,-86.62103271484375,-0.017,0.858,14.51,4.0,,0.0,0.0,
2025-09-05T00:23:50.398Z,9,GR86-033-46,,12.6,33.5302734375,-86.62103271484375,-0.004,0.778,14.48,4.0,,0.0,0.0,
2025-09-05T00:23:50.441Z,9,GR86-033-46,2669.0,8.700000000000001,33.53024673461914,-86.6210708618164,-0.015,0.895,14.48,4.0,6525.0,0.0,0.0,
2025-09-05T00:23:50.484Z,9,GR86-033-46,,8.0,33.53024673461914,-86.6210708618164,-0.02,0.992,14.48,4.0,,0.0,0.0,166.38
2025-09-05T00:23:50.528Z,9,GR86-033-46,,8.200000000000001,33.53022384643555,-86.62110900878906,0.0,1.009,14.44,4.0,,0.0,0.0,
2025-09-05T00:23:50.571Z,9,GR86-033-46,,7.800000000000001,33.53022384643555,-86.62110900878906,-0.021,1.068,14.43,4.0,,0.0,0.0,
2025-09-05T00:23:50.614Z,9,GR86-033-46,,6.4,33.53019714355469,-86.62114715576172,-0.02,1.115,14.39,4.0,,0.0,0.0,
2025-09-05T00:23:50.657Z,9,GR86-033-46,2678.0,5.6000000000000005,33.53019714355469,-86.62114715576172,-0.01,1.284,14.37,4.0,6532.0,0.0,0.0,
2025-09-05T00:23:50.700Z,9,GR86-033-46,,7.1000000000000005,33.53017044067383,-86.62118530273438,0.009,1.424,14.5,4.0,,0.0,0.0,166.02
2025-09-05T00:23:50.743Z,9,GR86-033-46,,11.1,33.53017044067383,-86.62118530273438,0.001,1.369,14.83,4.0,,0.0,0.0,
2025-09-05T00:23:50.786Z,9,GR86-033-46,,13.5,33.53017044067383,-86.62118530273438,-0.017,1.525,15.66,4.0,,0.0,0.0,
2025-09-05T00:23:50.829Z,9,GR86-033-46,,19.3,33.53014373779297,-86.62122344970703,-0.029,1.544,15.89,4.0,,0.0,0.0,
2025-09-05T00:23:50.872Z,9,GR86-033-46,2687.0,28.4,33.53014373779297,-86.62122344970703,-0.042,1.259,16.32,4.0,6530.0,0.0,0.0,
2025-09-05T00:23:50.915Z,9,GR86-033-46,,37.3,33.53014373779297,-86.62122344970703,-0.011,1.153,17.18,4.0,,0.0,0.0,165.58
2025-09-05T00:23:50.958Z,9,GR86-033-46,,41.6,33.53011703491211,-86.62126159667969,-0.06,1.052,26.72,4.0,,0.0,0.0,
2025-09-05T00:23:51.001Z,9,GR86-033-46,,41.2,33.530086517333984,-86.62129211425781,-0.026,1.025,62.2,4.0,,0.0,0.0,
2025-09-05T00:23:51.045Z,9,GR86-033-46,,38.400000000000006,33.530086517333984,-86.62129211425781,0.043,1.163,92.22,4.0,,0.0,0.0,
2025-09-05T00:23:51.088Z,9,GR86-033-46,2697.0,35.1,33.530086517333984,-86.62129211425781,0.064,1.259,100.0,4.0,6503.0,0.0,0.0,
2025-09-05T00:23:51.131Z,9,GR86-033-46,,31.9,33.53005599975586,-86.62133026123047,0.109,1.626,100.0,4.0,,0.0,0.0,165.93
2025-09-05T00:23:51.174Z,9,GR86-033-46,,30.200000000000003,33.53005599975586,-86.62133026123047,0.229,1.55,100.0,4.0,,0.0,0.0,
2025-09-05T00:23:51.218Z,9,GR86-033-46,,29.1,33.530025482177734,-86.6213607788086,0.16,1.325,100.0,4.0,,0.0,0.0,
2025-09-05T00:23:51.261Z,9,GR86-033-46,,24.4,33.530025482177734,-86.6213607788086,0.113,1.195,100.0,4.0,,0.0,0.0,
2025-09-05T00:23:51.304Z,9,GR86-033-46,2706.0,18.9,33.52999496459961,-86.62139129638672,0.143,0.925,82.42,4.0,6583.0,0.0,0.0,
2025-09-05T00:23:51.347Z,9,GR86-033-46,,13.8,33.52999496459961,-86.62139129638672,0.169,0.741,0.0,4.0,,0.0,0.0,164.82
2025-09-05T00:23:51.390Z,9,GR86-033-46,,9.7,33.52999496459961,-86.62139129638672,0.125,0.65,0.06,4.0,,0.0,0.0,
2025-09-05T00:23:51.433Z,9,GR86-033-46,,8.200000000000001,33.529964447021484,-86.62142181396484,0.139,0.501,0.17,4.0,,0.0,0.0,
2025-09-05T00:23:51.476Z,9,GR86-033-46,,6.5,33.529964447021484,-86.62142181396484,-0.092,0.507,0.05,4.0,,0.0,0.0,
2025-09-05T00:23:51.519Z,9,GR86-033-46,2715.0,2.3000000000000003,33.52993392944336,-86.62145233154297,-0.04,0.536,0.02,4.0,6497.0,9.37,9.81,
2025-09-05T00:23:51.562Z,9,GR86-033-46,,-9.0,33.52993392944336,-86.62145233154297,-0.611,0.42,0.04,4.0,,29.68,30.015,164.72
2025-09-05T00:23:51.605Z,9,GR86-033-46,,-16.7,33.52989959716797,-86.6214828491211,-0.766,0.374,0.07,4.0,,41.52,42.39,
2025-09-05T00:23:51.648Z,9,GR86-033-46,,-17.8,33.52989959716797,-86.6214828491211,-0.938,0.22,0.03,4.0,,48.205,48.68,
2025-09-05T00:23:51.691Z,9,GR86-033-46,,-12.1,33.52989959716797,-86.6214828491211,-0.958,0.169,0.03,4.0,,52.465,52.435,
2025-09-05T00:23:51.734Z,9,GR86-033-46,2724.0,-5.300000000000001,33.52986526489258,-86.62151336669922,-1.122,0.113,0.08,4.0,6575.0,54.525,54.465,
2025-09-05T00:23:51.777Z,9,GR86-033-46,,-1.6,33.52986526489258,-86.62151336669922,-1.155,0.107,0.03,4.0,,54.43,54.43,165.20000000000002
2025-09-05T00:23:51.822Z,9,GR86-033-46,,-1.2000000000000002,33.52983474731445,-86.62154388427734,-0.998,-0.002,0.05,3.0,,48.895,49.52,
2025-09-05T00:23:51.865Z,9,GR86-033-46,,-1.3,33.52983474731445,-86.62154388427734,-1.025,-0.162,0.07,3.0,,42.65,43.89,
2025-09-05T00:23:51.908Z,9,GR86-033-46,,-2.9000000000000004,33.52983474731445,-86.62154388427734,-1.086,-0.045,0.01,3.0,,38.9,40.21,
2025-09-05T00:23:51.951Z,9,GR86-033-46,2733.0,-7.1000000000000005,33.52980422973633,-86.62156677246094,-0.899,-0.358,0.06,3.0,6260.0,36.775,37.205,
2025-09-05T00:23:51.995Z,9,GR86-033-46,,-13.2,33.52980422973633,-86.62156677246094,-1.022,-0.396,0.1,3.0,,35.955,36.395,164.95000000000002
2025-09-05T00:23:52.038Z,9,GR86-033-46,,-18.4,33.5297737121582,-86.62159729003906,-0.806,-0.452,0.01,3.0,,34.685,35.525,
2025-09-05T00:23:52.082Z,9,GR86-033-46,,-22.8,33.5297737121582,-86.62159729003906,-0.741,-0.654,0.08,3.0,,30.995,31.955,
2025-09-05T00:23:52.168Z,9,GR86-033-46,2741.0,-28.200000000000003,33.52974319458008,-86.62162017822266,-0.764,-0.59,0.04,3.0,5999.0,29.025,29.835,
2025-09-05T00:23:52.211Z,9,GR86-033-46,,-47.0,33.52971267700195,-86.62165069580078,-0.766,-0.74,0.08,3.0,,28.965,29.53,158.14
2025-09-05T00:23:52.254Z,9,GR86-033-46,,-52.6,33.52971267700195,-86.62165069580078,-0.753,-0.8180000000000001,0.04,3.0,,29.65,30.155,
2025-09-05T00:23:52.297Z,9,GR86-033-46,,-53.900000000000006,33.52971267700195,-86.62165069580078,-0.774,-0.904,0.02,3.0,,30.305,30.705,
2025-09-05T00:23:52.340Z,9,GR86-033-46,,-53.1,33.52968215942383,-86.6216812133789,-0.849,-1.095,0.01,3.0,,31.145,31.575,
2025-09-05T00:23:52.385Z,9,GR86-033-46,2750.0,-46.7,33.52968215942383,-86.6216812133789,-0.8210000000000001,-1.131,0.02,3.0,6932.0,31.39,31.8,
2025-09-05T00:23:52.428Z,9,GR86-033-46,,-37.1,33.52965545654297,-86.6217041015625,-0.8150000000000001,-1.209,0.02,3.0,,31.74,32.38,148.15
2025-09-05T00:23:52.471Z,9,GR86-033-46,,-31.700000000000003,33.52965545654297,-86.6217041015625,-0.806,-1.138,0.13,3.0,,31.74,32.2,
2025-09-05T00:23:52.514Z,9,GR86-033-46,,-35.7,33.52962875366211,-86.62173461914062,-0.78,-1.142,0.03,3.0,,32.230000000000004,32.505,
2025-09-05T00:23:52.557Z,9,GR86-033-46,,-41.1,33.52962875366211,-86.62173461914062,-0.772,-1.295,0.02,3.0,,31.085,31.925,
2025-09-05T00:23:52.600Z,9,GR86-033-46,2758.0,-48.400000000000006,33.52960586547852,-86.62175750732422,-0.524,-1.29,0.02,3.0,6674.0,12.36,12.74,
2025-09-05T00:23:52.644Z,9,GR86-033-46,,-51.8,33.52960586547852,-86.62175750732422,-0.369,-1.451,0.02,3.0,,3.31,3.495,143.70000000000002
2025-09-05T00:23:52.687Z,9,GR86-033-46,,-54.1,33.52960586547852,-86.62175750732422,-0.295,-1.478,0.06,3.0,,0.0,0.0,
2025-09-05T00:23:52.730Z,9,GR86-033-46,,-56.0,33.529579162597656,-86.62178802490234,-0.237,-1.56,0.03,3.0,,0.0,0.0,
2025-09-05T00:23:52.773Z,9,GR86-033-46,,-57.5,33.529579162597656,-86.62178802490234,-0.224,-1.584,0.02,3.0,,0.0,0.0,
2025-09-05T00:23:52.816Z,9,GR86-033-46,2766.0,-59.400000000000006,33.52955627441406,-86.62181854248047,-0.288,-1.842,0.02,3.0,6374.0,0.0,0.0,
2025-09-05T00:23:52.860Z,9,GR86-033-46,,-63.2,33.52955627441406,-86.62181854248047,-0.282,-1.651,8.8,3.0,,0.0,0.0,138.77
2025-09-05T00:23:52.904Z,9,GR86-033-46,,-66.9,33.52955627441406,-86.62181854248047,-0.242,-1.648,15.66,3.0,,0.0,0.0,
2025-09-05T00:23:52.947Z,9,GR86-033-46,,-69.4,33.52953338623047,-86.62184143066406,-0.215,-1.669,16.41,3.0,,0.0,0.0,
2025-09-05T00:23:53.033Z,9,GR86-033-46,2781.0,-70.3,33.52951431274414,-86.62187194824219,-0.231,-1.623,25.97,3.0,6113.0,0.0,0.0,
2025-09-05T00:23:53.076Z,9,GR86-033-46,,-69.8,33.52951431274414,-86.62187194824219,-0.123,-1.335,31.62,3.0,,0.0,0.0,135.61
2025-09-05T00:23:53.119Z,9,GR86-033-46,,-69.10000000000001,33.52949523925781,-86.62191009521484,-0.15,-1.674,34.730000000000004,3.0,,0.0,0.0,
2025-09-05T00:23:53.162Z,9,GR86-033-46,,-67.5,33.52949523925781,-86.62191009521484,0.043,-1.559,44.27,3.0,,0.0,0.0,
2025-09-05T00:23:53.205Z,9,GR86-033-46,,-66.0,33.529476165771484,-86.62194061279297,0.024,-1.454,59.6,3.0,,0.0,0.0,
2025-09-05T00:23:53.248Z,9,GR86-033-46,2788.0,-61.0,33.529476165771484,-86.62194061279297,0.024,-1.548,70.67,3.0,6061.0,0.0,0.0,
2025-09-05T00:23:53.291Z,9,GR86-033-46,,-53.5,33.529476165771484,-86.62194061279297,0.091,-1.462,74.81,3.0,,0.0,0.0,133.62
2025-09-05T00:23:53.334Z,9,GR86-033-46,,-48.7,33.52946090698242,-86.6219711303711,0.108,-1.409,74.94,3.0,,0.0,0.0,
2025-09-05T00:23:53.377Z,9,GR86-033-46,,-47.0,33.52946090698242,-86.6219711303711,0.017,-1.426,75.37,3.0,,0.0,0.0,
2025-09-05T00:23:53.422Z,9,GR86-033-46,,-45.8,33.52944564819336,-86.62200164794922,0.013,-1.486,76.02,3.0,,0.0,0.0,
2025-09-05T00:23:53.465Z,9,GR86-033-46,2795.0,-35.800000000000004,33.52944564819336,-86.62200164794922,-0.038,-1.52,74.43,3.0,6186.0,0.0,0.0,
2025-09-05T00:23:53.508Z,9,GR86-033-46,,-14.5,33.5294303894043,-86.62203979492188,0.101,-1.581,67.95,3.0,,0.0,0.0,131.85
2025-09-05T00:23:53.551Z,9,GR86-033-46,,13.6,33.5294303894043,-86.62203979492188,0.195,-1.488,55.48,3.0,,0.0,0.0,
2025-09-05T00:23:53.594Z,9,GR86-033-46,,38.3,33.5294303894043,-86.62203979492188,0.1,-1.425,48.73,3.0,,0.0,0.0,
2025-09-05T00:23:53.637Z,9,GR86-033-46,,53.7,33.529415130615234,-86.6220703125,0.217,-1.406,41.66,3.0,,0.0,0.0,
2025-09-05T00:23:53.680Z,9,GR86-033-46,2802.0,61.1,33.529415130615234,-86.6220703125,0.107,-1.174,34.31,3.0,6342.0,0.0,0.0,
2025-09-05T00:23:53.723Z,9,GR86-033-46,,66.9,33.52940368652344,-86.62210845947266,0.097,-1.224,26.72,3.0,,0.0,0.0,130.42000000000002
2025-09-05T00:23:53.766Z,9,GR86-033-46,,72.5,33.52940368652344,-86.62210845947266,0.129,-1.066,20.21,3.0,,0.0,0.0,
2025-09-05T00:23:53.809Z,9,GR86-033-46,,77.80000000000001,33.52939224243164,-86.62213897705078,0.06,-1.08,18.31,3.0,,0.0,0.0,
2025-09-05T00:23:53.852Z,9,GR86-033-46,,87.60000000000001,33.52939224243164,-86.62213897705078,0.161,-1.271,5.92,3.0,,0.0,0.0,
2025-09-05T00:23:53.895Z,9,GR86-033-46,2810.0,103.8,33.52939224243164,-86.62213897705078,0.377,-1.534,0.07,3.0,6611.0,0.0,0.0,
2025-09-05T00:23:53.938Z,9,GR86-033-46,,124.9,33.52938461303711,-86.62217712402344,0.33,-1.661,0.07,3.0,,0.0,0.0,132.37
2025-09-05T00:23:53.981Z,9,GR86-033-46,,149.70000000000002,33.52938461303711,-86.62217712402344,0.016,-1.286,0.2,3.0,,0.0,0.0,
2025-09-05T00:23:54.025Z,9,GR86-033-46,,146.5,33.52937316894531,-86.6222152709961,0.033,-1.226,0.15,3.0,,0.0,0.0,
2025-09-05T00:23:54.068Z,9,GR86-033-46,,132.0,33.52937316894531,-86.6222152709961,-0.015,-1.091,0.25,3.0,,0.0,0.0,
2025-09-05T00:23:54.111Z,9,GR86-033-46,2817.0,108.5,33.52936553955078,-86.62225341796875,0.022,-1.098,1.47,3.0,6570.0,0.0,0.0,
2025-09-05T00:23:54.154Z,9,GR86-033-46,,76.80000000000001,33.52936553955078,-86.62225341796875,-0.044,-1.186,1.77,3.0,,0.0,0.0,129.85
2025-09-05T00:23:54.197Z,9,GR86-033-46,,43.6,33.52936553955078,-86.62225341796875,-0.111,-1.188,10.9,3.0,,0.0,0.0,
2025-09-05T00:23:54.240Z,9,GR86-033-46,,-5.7,33.52936172485352,-86.62228393554688,-0.11,-1.136,45.71,3.0,,0.0,0.0,
2025-09-05T00:23:54.283Z,9,GR86-033-46,,-33.0,33.52936172485352,-86.62228393554688,-0.126,-1.131,76.75,3.0,,0.0,0.0,
2025-09-05T00:23:54.326Z,9,GR86-033-46,2824.0,-42.0,33.529354095458984,-86.62232208251953,-0.117,-1.024,96.01,3.0,5662.0,0.0,0.0,
2025-09-05T00:23:54.369Z,9,GR86-033-46,,-31.4,33.529354095458984,-86.62232208251953,-0.117,-1.04,100.0,3.0,,0.0,0.0,128.39
2025-09-05T00:23:54.412Z,9,GR86-033-46,,-12.9,33.52935028076172,-86.62236022949219,-0.059,-0.98,100.0,3.0,,0.0,0.0,
2025-09-05T00:23:54.455Z,9,GR86-033-46,,9.8,33.52935028076172,-86.62236022949219,0.153,-0.966,100.0,3.0,,0.0,0.0,
2025-09-05T00:23:54.498Z,9,GR86-033-46,,33.6,33.52935028076172,-86.62236022949219,0.082,-0.958,100.0,3.0,,0.0,0.0,
2025-09-05T00:23:54.541Z,9,GR86-033-46,2830.0,55.0,33.52935028076172,-86.62239074707031,0.185,-0.961,100.0,3.0,5381.0,0.0,0.0,
2025-09-05T00:23:54.584Z,9,GR86-033-46,,51.900000000000006,33.52935028076172,-86.62239074707031,0.247,-0.85,100.0,3.0,,0.0,0.0,124.09
2025-09-05T00:23:54.627Z,9,GR86-033-46,,31.200000000000003,33.52934646606445,-86.62242889404297,0.246,-0.844,100.0,3.0,,0.0,0.0,
2025-09-05T00:23:54.670Z,9,GR86-033-46,,0.0,33.52934646606445,-86.62242889404297,0.229,-0.856,100.0,3.0,,0.0,0.0,
2025-09-05T00:23:54.713Z,9,GR86-033-46,,-26.200000000000003,33.52934646606445,-86.6224594116211,0.166,-0.883,100.0,3.0,,0.0,0.0,
2025-09-05T00:23:54.756Z,9,GR86-033-46,2837.0,-33.9,33.52934646606445,-86.6224594116211,0.126,-0.883,100.0,3.0,5836.0,0.0,0.0,
2025-09-05T00:23:54.799Z,9,GR86-033-46,,-31.5,33.52934646606445,-86.6224594116211,0.085,-0.801,100.0,3.0,,0.0,0.0,119.57
2025-09-05T00:23:54.842Z,9,GR86-033-46,,-17.0,33.52934646606445,-86.62249755859375,0.116,-0.85,100.0,3.0,,0.0,0.0,
2025-09-05T00:23:54.885Z,9,GR86-033-46,,-3.5,33.52934646606445,-86.62249755859375,0.169,-0.911,100.0,3.0,,0.0,0.0,
2025-09-05T00:23:54.928Z,9,GR86-033-46,,9.4,33.52934646606445,-86.6225357055664,0.185,-0.957,100.0,3.0,,0.0,0.0,
2025-09-05T00:23:54.971Z,9,GR86-033-46,2844.0,21.0,33.52934646606445,-86.6225357055664,0.185,-0.854,100.0,3.0,6081.0,0.0,0.0,
2025-09-05T00:23:55.015Z,9,GR86-033-46,,29.700000000000003,33.52934646606445,-86.62256622314453,0.196,-0.79,100.0,3.0,,0.0,0.0,119.58
2025-09-05T00:23:55.058Z,9,GR86-033-46,,33.7,33.52934646606445,-86.62256622314453,0.243,-0.717,100.0,3.0,,0.0,0.0,
2025-09-05T00:23:55.102Z,9,GR86-033-46,,29.700000000000003,33.52935028076172,-86.62260437011719,0.231,-0.615,100.0,3.0,,0.0,0.0,
2025-09-05T00:23:55.145Z,9,GR86-033-46,,19.1,33.52935028076172,-86.62260437011719,0.289,-0.678,100.0,3.0,,0.0,0.0,
2025-09-05T00:23:55.188Z,9,GR86-033-46,2850.0,5.7,33.52935028076172,-86.62260437011719,0.284,-0.729,100.0,3.0,6208.0,0.0,0.0,
2025-09-05T00:23:55.231Z,9,GR86-033-46,,-3.8,33.52935028076172,-86.62264251708984,0.237,-0.773,100.0,3.0,,0.0,0.0,118.76
2025-09-05T00:23:55.275Z,9,GR86-033-46,,-4.800000000000001,33.52935028076172,-86.62264251708984,0.187,-0.8160000000000001,100.0,3.0,,0.0,0.0,
2025-09-05T00:23:55.318Z,9,GR86-033-46,,1.1,33.529354095458984,-86.62267303466797,0.149,-0.861,100.0,3.0,,0.0,0.0,
2025-09-05T00:23:55.361Z,9,GR86-033-46,,7.800000000000001,33.529354095458984,-86.62267303466797,0.256,-0.735,100.0,3.0,,0.0,0.0,
2025-09-05T00:23:55.405Z,9,GR86-033-46,2857.0,5.4,33.52936172485352,-86.62271118164062,0.389,-0.675,100.0,3.0,6373.0,0.0,0.0,
2025-09-05T00:23:55.448Z,9,GR86-033-46,,-2.0,33.52936172485352,-86.62271118164062,0.394,-0.622,100.0,3.0,,0.0,0.0,120.65
2025-09-05T00:23:55.491Z,9,GR86-033-46,,-10.1,33.52936172485352,-86.62271118164062,0.302,-0.58,100.0,3.0,,0.0,0.0,
2025-09-05T00:23:55.534Z,9,GR86-033-46,,-16.3,33.52936553955078,-86.62274169921875,0.183,-0.549,100.0,3.0,,0.0,0.0,
2025-09-05T00:23:55.579Z,9,GR86-033-46,,-20.1,33.52936553955078,-86.62274169921875,0.139,-0.475,100.0,3.0,,0.0,0.0,
2025-09-05T00:23:55.622Z,9,GR86-033-46,2871.0,-25.4,33.52936935424805,-86.6227798461914,0.201,-0.399,100.0,3.0,6061.0,0.0,0.0,
2025-09-05T00:23:55.665Z,9,GR86-033-46,,-29.1,33.52936935424805,-86.6227798461914,0.223,-0.407,100.0,3.0,,0.0,0.0,120.8
2025-09-05T00:23:55.708Z,9,GR86-033-46,,-31.1,33.52937698364258,-86.62281799316406,0.175,-0.406,100.0,3.0,,0.0,0.0,
2025-09-05T00:23:55.751Z,9,GR86-033-46,,-29.4,33.52937698364258,-86.62281799316406,0.169,-0.45,100.0,3.0,,0.0,0.0,
2025-09-05T00:23:55.794Z,9,GR86-033-46,,-23.5,33.52937698364258,-86.62281799316406,0.186,-0.479,100.0,3.0,,0.0,0.0,
2025-09-05T00:23:55.837Z,9,GR86-033-46,2877.0,-16.0,33.52938461303711,-86.62284851074219,0.176,-0.473,100.0,3.0,5795.0,0.0,0.0,
2025-09-05T00:23:55.880Z,9,GR86-033-46,,-7.300000000000001,33.52938461303711,-86.62284851074219,0.187,-0.429,100.0,3.0,,0.0,0.0,122.23
2025-09-05T00:23:55.923Z,9,GR86-033-46,,-5.7,33.529388427734375,-86.62288665771484,0.176,-0.373,100.0,3.0,,0.0,0.0,
2025-09-05T00:23:55.966Z,9,GR86-033-46,,-6.5,33.529388427734375,-86.62288665771484,0.209,-0.398,100.0,3.0,,0.0,0.0,
2025-09-05T00:23:56.009Z,9,GR86-033-46,,-8.6,33.52939987182617,-86.6229248046875,0.227,-0.387,100.0,3.0,,0.0,0.0,
2025-09-05T00:23:56.052Z,9,GR86-033-46,2884.0,-10.1,33.52939987182617,-86.6229248046875,0.198,-0.404,100.0,3.0,5838.0,0.0,0.0,
2025-09-05T00:23:56.095Z,9,GR86-033-46,,-10.3,33.52939987182617,-86.6229248046875,0.216,-0.386,100.0,3.0,,0.0,0.0,123.53
2025-09-05T00:23:56.138Z,9,GR86-033-46,,-11.3,33.5294075012207,-86.62296295166016,0.213,-0.341,100.0,3.0,,0.0,0.0,
2025-09-05T00:23:56.181Z,9,GR86-033-46,,-14.8,33.5294075012207,-86.62296295166016,0.206,-0.33,100.0,3.0,,0.0,0.0,
2025-09-05T00:23:56.225Z,9,GR86-033-46,,-16.7,33.529415130615234,-86.62299346923828,0.197,-0.269,100.0,3.0,,0.0,0.0,
2025-09-05T00:23:56.268Z,9,GR86-033-46,2891.0,-17.0,33.529415130615234,-86.62299346923828,0.182,-0.257,100.0,3.0,5920.0,0.0,0.0,
2025-09-05T00:23:56.311Z,9,GR86-033-46,,-15.4,33.529422760009766,-86.62303161621094,0.203,-0.296,100.0,3.0,,0.0,0.0,124.66
2025-09-05T00:23:56.354Z,9,GR86-033-46,,-11.9,33.529422760009766,-86.62303161621094,0.201,-0.262,100.0,3.0,,0.0,0.0,
2025-09-05T00:23:56.397Z,9,GR86-033-46,,-8.4,33.529422760009766,-86.62303161621094,0.2,-0.269,100.0,3.0,,0.0,0.0,
2025-09-05T00:23:56.440Z,9,GR86-033-46,,-5.9,33.5294303894043,-86.6230697631836,0.205,-0.325,100.0,3.0,,0.0,0.0,
2025-09-05T00:23:56.483Z,9,GR86-033-46,2898.0,-6.0,33.5294303894043,-86.6230697631836,0.19,-0.297,100.0,3.0,5956.0,0.0,0.0,
2025-09-05T00:23:56.527Z,9,GR86-033-46,,-6.2,33.529441833496094,-86.62310791015625,0.217,-0.289,100.0,3.0,,0.0,0.0,126.26
2025-09-05T00:23:56.570Z,9,GR86-033-46,,-7.0,33.529441833496094,-86.62310791015625,0.206,-0.208,100.0,3.0,,0.0,0.0,
2025-09-05T00:23:56.613Z,9,GR86-033-46,,-7.0,33.529449462890625,-86.62313842773438,0.143,-0.219,100.0,3.0,,0.0,0.0,
2025-09-05T00:23:56.656Z,9,GR86-033-46,,-6.7,33.529449462890625,-86.62313842773438,0.16,-0.21,100.0,3.0,,0.0,0.0,
2025-09-05T00:23:56.699Z,9,GR86-033-46,2906.0,-5.7,33.529449462890625,-86.62313842773438,0.261,-0.236,100.0,3.0,6067.0,0.0,0.0,
2025-09-05T00:23:56.742Z,9,GR86-033-46,,-5.300000000000001,33.52946090698242,-86.62317657470703,0.233,-0.231,100.0,3.0,,0.0,0.0,127.81
2025-09-05T00:23:56.785Z,9,GR86-033-46,,-6.300000000000001,33.52946090698242,-86.62317657470703,0.182,-0.213,100.0,3.0,,0.0,0.0,
2025-09-05T00:23:56.828Z,9,GR86-033-46,,-7.2,33.52947235107422,-86.62321472167969,0.158,-0.187,100.0,3.0,,0.0,0.0,
2025-09-05T00:23:56.871Z,9,GR86-033-46,,-7.5,33.52947235107422,-86.62321472167969,0.174,-0.204,100.0,3.0,,0.0,0.0,
2025-09-05T00:23:56.914Z,9,GR86-033-46,2913.0,-7.5,33.52947235107422,-86.62321472167969,0.203,-0.138,100.0,3.0,6135.0,0.0,0.0,
2025-09-05T00:23:56.957Z,9,GR86-033-46,,-7.4,33.52947998046875,-86.62325286865234,0.185,-0.177,100.0,3.0,,0.0,0.0,129.42000000000002
2025-09-05T00:23:57.001Z,9,GR86-033-46,,-7.4,33.52949142456055,-86.623291015625,0.221,-0.203,100.0,3.0,,0.0,0.0,
2025-09-05T00:23:57.044Z,9,GR86-033-46,,-7.5,33.52949142456055,-86.623291015625,0.184,-0.209,100.0,3.0,,0.0,0.0,
2025-09-05T00:23:57.087Z,9,GR86-033-46,,-9.0,33.52949142456055,-86.623291015625,0.164,-0.224,100.0,3.0,,0.0,0.0,
2025-09-05T00:23:57.130Z,9,GR86-033-46,2920.0,-11.9,33.529502868652344,-86.62332916259766,0.186,-0.232,100.0,3.0,6191.0,0.0,0.0,
2025-09-05T00:23:57.173Z,9,GR86-033-46,,-15.6,33.529502868652344,-86.62332916259766,0.204,-0.241,100.0,3.0,,0.0,0.0,131.27
2025-09-05T00:23:57.216Z,9,GR86-033-46,,-19.5,33.52951431274414,-86.62336730957031,0.172,-0.275,100.0,3.0,,0.0,0.0,
2025-09-05T00:23:57.259Z,9,GR86-033-46,,-22.8,33.52951431274414,-86.62336730957031,0.17,-0.333,100.0,3.0,,0.0,0.0,
2025-09-05T00:23:57.302Z,9,GR86-033-46,,-28.0,33.52952575683594,-86.62340545654297,0.149,-0.434,100.0,3.0,,0.0,0.0,
2025-09-05T00:23:57.345Z,9,GR86-033-46,2928.0,-32.300000000000004,33.52952575683594,-86.62340545654297,0.155,-0.5700000000000001,100.0,3.0,6282.0,0.0,0.0,
2025-09-05T00:23:57.388Z,9,GR86-033-46,,-36.2,33.52952575683594,-86.62340545654297,0.168,-0.652,100.0,3.0,,0.0,0.0,133.27
2025-09-05T00:23:57.431Z,9,GR86-033-46,,-37.9,33.529537200927734,-86.6234359741211,0.152,-0.754,100.0,3.0,,0.0,0.0,
2025-09-05T00:23:57.474Z,9,GR86-033-46,,-37.4,33.529537200927734,-86.6234359741211,0.137,-0.856,100.0,3.0,,0.0,0.0,
2025-09-05T00:23:57.517Z,9,GR86-033-46,,-36.2,33.5295524597168,-86.62347412109375,0.14,-0.925,100.0,3.0,,0.0,0.0,
2025-09-05T00:23:57.560Z,9,GR86-033-46,2935.0,-38.5,33.5295524597168,-86.62347412109375,0.146,-0.988,100.0,3.0,6371.0,0.0,0.0,
2025-09-05T00:23:57.604Z,9,GR86-033-46,,-43.3,33.529563903808594,-86.6235122680664,0.148,-0.992,100.0,3.0,,0.0,0.0,135.17000000000002
2025-09-05T00:23:57.647Z,9,GR86-033-46,,-48.400000000000006,33.529563903808594,-86.6235122680664,0.165,-1.04,100.0,3.0,,0.0,0.0,
2025-09-05T00:23:57.690Z,9,GR86-033-46,,-51.7,33.529563903808594,-86.6235122680664,0.163,-1.008,100.0,3.0,,0.0,0.0,
2025-09-05T00:23:57.733Z,9,GR86-033-46,,-52.3,33.529579162597656,-86.62355041503906,0.119,-1.007,100.0,3.0,,0.0,0.0,
2025-09-05T00:23:57.776Z,9,GR86-033-46,2943.0,-51.2,33.529579162597656,-86.62355041503906,0.129,-0.973,100.0,3.0,6474.0,0.0,0.0,
2025-09-05T00:23:57.819Z,9,GR86-033-46,,-49.7,33.52959442138672,-86.62358856201172,0.15,-0.944,100.0,3.0,,0.0,0.0,137.1
2025-09-05T00:23:57.862Z,9,GR86-033-46,,-45.8,33.52959442138672,-86.62358856201172,0.113,-0.978,100.0,3.0,,0.0,0.0,
2025-09-05T00:23:57.905Z,9,GR86-033-46,,-43.3,33.52959442138672,-86.62358856201172,0.133,-1.053,100.0,3.0,,0.0,0.0,
2025-09-05T00:23:57.948Z,9,GR86-033-46,,-41.2,33.52960968017578,-86.62362670898438,0.174,-1.073,94.85,3.0,,0.0,0.0,
2025-09-05T00:23:57.991Z,9,GR86-033-46,2951.0,-39.7,33.52960968017578,-86.62362670898438,0.144,-1.071,86.71000000000001,3.0,6551.0,0.0,0.0,
2025-09-05T00:23:58.034Z,9,GR86-033-46,,-38.1,33.529624938964844,-86.62366485595703,0.119,-1.107,82.09,3.0,,0.0,0.0,140.42000000000002
2025-09-05T00:23:58.077Z,9,GR86-033-46,,-37.0,33.529624938964844,-86.62366485595703,0.141,-1.086,73.43,3.0,,0.0,0.0,
2025-09-05T00:23:58.122Z,9,GR86-033-46,,-37.1,33.529640197753906,-86.62370300292969,0.12,-1.121,55.33,3.0,,0.0,0.0,
2025-09-05T00:23:58.165Z,9,GR86-033-46,,-37.5,33.529640197753906,-86.62370300292969,0.11,-1.155,44.72,3.0,,0.0,0.0,
2025-09-05T00:23:58.208Z,9,GR86-033-46,2959.0,-37.6,33.529659271240234,-86.62374114990234,0.099,-1.169,40.61,3.0,6635.0,0.0,0.0,
2025-09-05T00:23:58.252Z,9,GR86-033-46,,-39.400000000000006,33.529659271240234,-86.62374114990234,0.068,-1.213,34.15,3.0,,0.0,0.0,141.42000000000002
2025-09-05T00:23:58.295Z,9,GR86-033-46,,-43.8,33.529659271240234,-86.62374114990234,0.044,-1.228,24.41,3.0,,0.0,0.0,
2025-09-05T00:23:58.338Z,9,GR86-033-46,,-47.8,33.52967834472656,-86.62377166748047,0.02,-1.313,19.07,3.0,,0.0,0.0,
2025-09-05T00:23:58.382Z,9,GR86-033-46,,-51.900000000000006,33.52967834472656,-86.62377166748047,0.019,-1.295,18.18,3.0,,0.0,0.0,
2025-09-05T00:23:58.425Z,9,GR86-033-46,2975.0,-55.7,33.52970123291016,-86.62380981445312,-0.027,-1.312,16.81,3.0,6727.0,0.0,0.0,
2025-09-05T00:23:58.468Z,9,GR86-033-46,,-60.7,33.52970123291016,-86.62380981445312,-0.037,-1.237,14.54,3.0,,0.0,0.0,142.64
2025-09-05T00:23:58.511Z,9,GR86-033-46,,-63.6,33.529720306396484,-86.62384033203125,-0.041,-1.232,13.11,3.0,,0.0,0.0,
2025-09-05T00:23:58.554Z,9,GR86-033-46,,-60.7,33.529720306396484,-86.62384033203125,-0.066,-1.299,12.61,3.0,,0.0,0.0,
2025-09-05T00:23:58.597Z,9,GR86-033-46,,-53.900000000000006,33.529720306396484,-86.62384033203125,-0.081,-1.292,9.82,3.0,,0.0,0.0,
2025-09-05T00:23:58.685Z,9,GR86-033-46,2983.0,-47.2,33.52974319458008,-86.6238784790039,-0.077,-1.327,3.73,3.0,6718.0,0.0,0.0,144.1
2025-09-05T00:23:58.728Z,9,GR86-033-46,,-52.3,33.52976608276367,-86.62390899658203,-0.146,-1.302,3.43,3.0,,0.0,0.0,
2025-09-05T00:23:58.771Z,9,GR86-033-46,,-55.900000000000006,33.52976608276367,-86.62390899658203,-0.165,-1.264,3.4,3.0,,0.0,0.0,
2025-09-05T00:23:58.814Z,9,GR86-033-46,,-60.3,33.529788970947266,-86.62393951416016,-0.16,-1.431,3.62,3.0,,0.0,0.0,
2025-09-05T00:23:58.857Z,9,GR86-033-46,2991.0,-63.1,33.529788970947266,-86.62393951416016,-0.319,-1.354,4.05,3.0,6693.0,0.0,0.0,
2025-09-05T00:23:58.943Z,9,GR86-033-46,,-63.900000000000006,33.52981185913086,-86.62397003173828,-0.181,-1.39,4.55,3.0,,0.0,0.0,144.17000000000002
2025-09-05T00:23:58.986Z,9,GR86-033-46,,-59.0,33.52981185913086,-86.62397003173828,-0.256,-1.605,4.8500000000000005,3.0,,0.0,0.0,
2025-09-05T00:23:59.030Z,9,GR86-033-46,,-50.5,33.52983856201172,-86.6240005493164,-0.275,-1.612,8.23,3.0,,0.0,0.0,
2025-09-05T00:23:59.073Z,9,GR86-033-46,2999.0,-44.6,33.52983856201172,-86.6240005493164,-0.201,-1.393,12.2,3.0,6426.0,0.0,0.0,
2025-09-05T00:23:59.116Z,9,GR86-033-46,,-44.7,33.52986526489258,-86.62403106689453,-0.23,-1.592,12.63,3.0,,0.0,0.0,144.1
2025-09-05T00:23:59.160Z,9,GR86-033-46,,-48.6,33.52986526489258,-86.62403106689453,-0.156,-1.637,12.41,3.0,,0.0,0.0,
2025-09-05T00:23:59.204Z,9,GR86-033-46,,-49.7,33.52989196777344,-86.62405395507812,-0.07,-1.353,12.38,3.0,,0.0,0.0,
2025-09-05T00:23:59.247Z,9,GR86-033-46,,-52.1,33.52989196777344,-86.62405395507812,-0.189,-1.583,12.7,3.0,,0.0,0.0,
2025-09-05T00:23:59.333Z,9,GR86-033-46,,-59.400000000000006,33.5299186706543,-86.62408447265625,0.002,-1.464,13.99,3.0,,0.0,0.0,142.93
2025-09-05T00:23:59.376Z,9,GR86-033-46,3006.0,-54.6,33.52989196777344,-86.62405395507812,-0.088,-1.396,12.73,3.0,6496.0,0.0,0.0,
2025-09-05T00:23:59.419Z,9,GR86-033-46,,-67.5,33.52994537353516,-86.62410736083984,-0.15,-1.373,18.83,3.0,,0.0,0.0,
2025-09-05T00:23:59.462Z,9,GR86-033-46,,-61.6,33.52994537353516,-86.62410736083984,-0.064,-1.329,29.98,3.0,,0.0,0.0,
2025-09-05T00:23:59.505Z,9,GR86-033-46,3014.0,-54.900000000000006,33.52997589111328,-86.62413024902344,-0.11,-1.502,36.33,3.0,6541.0,0.0,0.0,
2025-09-05T00:23:59.548Z,9,GR86-033-46,,-49.7,33.52997589111328,-86.62413024902344,0.016,-1.489,40.89,3.0,,0.0,0.0,142.51
2025-09-05T00:23:59.591Z,9,GR86-033-46,,-45.8,33.52997589111328,-86.62413024902344,0.069,-1.469,48.14,3.0,,0.0,0.0,
2025-09-05T00:23:59.634Z,9,GR86-033-46,,-43.900000000000006,33.530006408691406,-86.6241455078125,0.094,-1.513,60.02,3.0,,0.0,0.0,
2025-09-05T00:23:59.677Z,9,GR86-033-46,,-43.900000000000006,33.530006408691406,-86.6241455078125,0.084,-1.544,71.44,3.0,,0.0,0.0,
2025-09-05T00:23:59.721Z,9,GR86-033-46,3022.0,-46.6,33.53003692626953,-86.6241683959961,0.072,-1.614,78.05,3.0,6454.0,0.0,0.0,
2025-09-05T00:23:59.765Z,9,GR86-033-46,,-49.0,33.53003692626953,-86.6241683959961,0.15,-1.452,82.17,3.0,,0.0,0.0,139.5
2025-09-05T00:23:59.808Z,9,GR86-033-46,,-51.900000000000006,33.530067443847656,-86.62418365478516,0.132,-1.403,83.60000000000001,3.0,,0.0,0.0,
2025-09-05T00:23:59.851Z,9,GR86-033-46,,-55.1,33.530067443847656,-86.62418365478516,0.159,-1.358,83.60000000000001,3.0,,0.0,0.0,
2025-09-05T00:23:59.894Z,9,GR86-033-46,,-57.6,33.530067443847656,-86.62418365478516,0.169,-1.301,85.65,3.0,,0.0,0.0,
2025-09-05T00:23:59.937Z,9,GR86-033-46,3030.0,-57.8,33.53009796142578,-86.62419891357422,0.125,-1.219,91.15,3.0,6507.0,0.0,0.0,
2025-09-05T00:23:59.980Z,9,GR86-033-46,,-55.7,33.53009796142578,-86.62419891357422,0.119,-1.127,92.36,3.0,,0.0,0.0,139.09
2025-09-05T00:24:00.023Z,9,GR86-033-46,,-54.900000000000006,33.530128479003906,-86.62421417236328,0.118,-1.141,91.07,3.0,,0.0,0.0,
2025-09-05T00:24:00.066Z,9,GR86-033-46,,-54.400000000000006,33.530128479003906,-86.62421417236328,0.136,-1.153,90.88,3.0,,0.0,0.0,
2025-09-05T00:24:00.110Z,9,GR86-033-46,,-52.6,33.5301628112793,-86.62422943115234,0.161,-1.164,92.02,3.0,,0.0,0.0,
2025-09-05T00:24:00.153Z,9,GR86-033-46,3037.0,-50.1,33.5301628112793,-86.62422943115234,0.142,-1.133,99.74,3.0,6508.0,0.0,0.0,
2025-09-05T00:24:00.196Z,9,GR86-033-46,,-47.900000000000006,33.5301628112793,-86.62422943115234,0.118,-1.165,100.0,3.0,,0.0,0.0,138.09
2025-09-05T00:24:00.239Z,9,GR86-033-46,,-45.900000000000006,33.53019332885742,-86.6242446899414,0.117,-1.166,100.0,3.0,,0.0,0.0,
2025-09-05T00:24:00.282Z,9,GR86-033-46,,-41.900000000000006,33.53019332885742,-86.6242446899414,0.107,-1.236,100.0,3.0,,0.0,0.0,
2025-09-05T00:24:00.325Z,9,GR86-033-46,,-40.2,33.53022766113281,-86.62425231933594,0.137,-1.269,100.0,3.0,,0.0,0.0,
2025-09-05T00:24:00.368Z,9,GR86-033-46,3045.0,-39.8,33.53022766113281,-86.62425231933594,0.183,-1.239,100.0,3.0,6507.0,0.0,0.0,
2025-09-05T00:24:00.411Z,9,GR86-033-46,,-40.2,33.5302619934082,-86.624267578125,0.157,-1.232,100.0,3.0,,0.0,0.0,137.52
2025-09-05T00:24:00.454Z,9,GR86-033-46,,-40.3,33.5302619934082,-86.624267578125,0.13,-1.258,100.0,3.0,,0.0,0.0,
2025-09-05T00:24:00.497Z,9,GR86-033-46,,-38.400000000000006,33.5302619934082,-86.624267578125,0.107,-1.274,100.0,3.0,,0.0,0.0,
2025-09-05T00:24:00.540Z,9,GR86-033-46,,-34.1,33.53029251098633,-86.62427520751953,0.124,-1.243,84.97,3.0,,0.0,0.0,
2025-09-05T00:24:00.583Z,9,GR86-033-46,3053.0,-33.6,33.53029251098633,-86.62427520751953,0.145,-1.241,76.05,3.0,6532.0,0.0,0.0,
2025-09-05T00:24:00.626Z,9,GR86-033-46,,-33.7,33.53032684326172,-86.62428283691406,0.171,-1.195,68.37,3.0,,0.0,0.0,138.27
2025-09-05T00:24:00.669Z,9,GR86-033-46,,-32.4,33.53032684326172,-86.62428283691406,0.166,-1.164,60.27,3.0,,0.0,0.0,
2025-09-05T00:24:00.712Z,9,GR86-033-46,,-29.6,33.53036117553711,-86.6242904663086,0.149,-1.116,53.870000000000005,3.0,,0.0,0.0,
2025-09-05T00:24:00.798Z,9,GR86-033-46,3060.0,-28.700000000000003,33.53036117553711,-86.6242904663086,0.109,-1.053,42.39,3.0,6563.0,0.0,0.0,
2025-09-05T00:24:00.841Z,9,GR86-033-46,,-34.1,33.5303955078125,-86.6242904663086,0.076,-1.067,39.43,3.0,,0.0,0.0,138.54
2025-09-05T00:24:00.884Z,9,GR86-033-46,,-39.0,33.5303955078125,-86.6242904663086,0.083,-1.07,35.910000000000004,3.0,,0.0,0.0,
2025-09-05T00:24:00.927Z,9,GR86-033-46,,-42.6,33.53042984008789,-86.6242904663086,0.095,-1.042,31.47,3.0,,0.0,0.0,
2025-09-05T00:24:00.970Z,9,GR86-033-46,,-43.5,33.53042984008789,-86.6242904663086,0.079,-1.039,28.77,3.0,,0.0,0.0,
2025-09-05T00:24:01.013Z,9,GR86-033-46,3068.0,-43.900000000000006,33.53046417236328,-86.62429809570312,0.051,-0.999,26.38,3.0,6569.0,0.0,0.0,
2025-09-05T00:24:01.056Z,9,GR86-033-46,,-44.900000000000006,33.53046417236328,-86.62429809570312,0.05,-0.974,20.75,3.0,,0.0,0.0,138.70000000000002
2025-09-05T00:24:01.099Z,9,GR86-033-46,,-46.0,33.53046417236328,-86.62429809570312,0.065,-1.004,2.14,3.0,,0.0,0.0,
2025-09-05T00:24:01.142Z,9,GR86-033-46,,-45.900000000000006,33.53049850463867,-86.62429809570312,0.03,-1.034,0.0,3.0,,0.0,0.0,
2025-09-05T00:24:01.228Z,9,GR86-033-46,3083.0,-45.5,33.53049850463867,-86.62429809570312,-0.12,-1.033,0.02,3.0,6481.0,0.0,0.0,
2025-09-05T00:24:01.271Z,9,GR86-033-46,,-39.8,33.53053283691406,-86.62429809570312,-0.337,-1.061,0.01,3.0,,0.0,0.0,139.0
2025-09-05T00:24:01.314Z,9,GR86-033-46,,-29.200000000000003,33.53056716918945,-86.62429809570312,-0.256,-1.061,0.0,3.0,,0.0,0.0,
2025-09-05T00:24:01.358Z,9,GR86-033-46,,-17.1,33.53056716918945,-86.62429809570312,-0.139,-0.954,1.5,3.0,,0.0,0.0,
2025-09-05T00:24:01.402Z,9,GR86-033-46,,-11.8,33.530601501464844,-86.6242904663086,-0.135,-0.982,8.78,3.0,,0.0,0.0,
2025-09-05T00:24:01.488Z,9,GR86-033-46,3091.0,-30.700000000000003,33.530601501464844,-86.6242904663086,-0.18,-1.016,7.29,3.0,6185.0,0.0,0.0,138.83
2025-09-05T00:24:01.532Z,9,GR86-033-46,,-41.2,33.530635833740234,-86.6242904663086,-0.132,-1.037,3.94,3.0,,0.0,0.0,
2025-09-05T00:24:01.575Z,9,GR86-033-46,,-47.400000000000006,33.530635833740234,-86.6242904663086,-0.102,-1.061,0.1,3.0,,0.0,0.0,
2025-09-05T00:24:01.618Z,9,GR86-033-46,,-50.5,33.530670166015625,-86.62428283691406,-0.107,-1.013,0.1,3.0,,0.0,0.0,
2025-09-05T00:24:01.661Z,9,GR86-033-46,3099.0,-49.7,33.530670166015625,-86.62428283691406,-0.185,-1.072,0.08,3.0,6225.0,0.0,0.0,
2025-09-05T00:24:01.704Z,9,GR86-033-46,,-45.0,33.53070068359375,-86.62427520751953,-0.213,-1.057,0.12,3.0,,0.0,0.0,137.98
2025-09-05T00:24:01.748Z,9,GR86-033-46,,-40.6,33.53070068359375,-86.62427520751953,-0.196,-1.097,0.09,3.0,,3.25,3.585,
2025-09-05T00:24:01.791Z,9,GR86-033-46,,-32.2,33.53070068359375,-86.62427520751953,-0.161,-1.023,0.09,3.0,,7.43,7.765000000000001,
2025-09-05T00:24:01.836Z,9,GR86-033-46,,-21.3,33.53073501586914,-86.624267578125,-0.268,-0.966,0.09,3.0,,10.68,10.895,
2025-09-05T00:24:01.879Z,9,GR86-033-46,3106.0,-11.9,33.53073501586914,-86.624267578125,-0.363,-0.897,0.1,3.0,6152.0,12.42,12.805,
2025-09-05T00:24:01.922Z,9,GR86-033-46,,-12.5,33.530765533447266,-86.62425994873047,-0.401,-0.834,0.11,3.0,,15.43,15.565,135.81
2025-09-05T00:24:01.965Z,9,GR86-033-46,,-19.3,33.530765533447266,-86.62425994873047,-0.457,-0.842,0.08,3.0,,18.115,18.205,
2025-09-05T00:24:02.008Z,9,GR86-033-46,,-25.9,33.530799865722656,-86.62425231933594,-0.459,-0.839,0.13,3.0,,20.42,20.555,
2025-09-05T00:24:02.051Z,9,GR86-033-46,,-26.9,33.530799865722656,-86.62425231933594,-0.445,-0.799,0.09,3.0,,21.93,22.22,
2025-09-05T00:24:02.094Z,9,GR86-033-46,3113.0,-26.9,33.530799865722656,-86.62425231933594,-0.542,-0.792,0.13,3.0,6090.0,22.465,22.735,
2025-09-05T00:24:02.137Z,9,GR86-033-46,,-26.0,33.53083038330078,-86.6242446899414,-0.591,-0.807,0.13,3.0,,23.455,23.685,134.13
2025-09-05T00:24:02.180Z,9,GR86-033-46,,-22.4,33.53083038330078,-86.6242446899414,-0.516,-0.87,0.1,3.0,,21.0,21.685,
2025-09-05T00:24:02.223Z,9,GR86-033-46,,-18.8,33.530860900878906,-86.62422943115234,-0.481,-0.8260000000000001,0.12,3.0,,15.43,16.145,
2025-09-05T00:24:02.266Z,9,GR86-033-46,,-15.7,33.530860900878906,-86.62422943115234,-0.426,-0.855,0.12,3.0,,9.78,10.24,
2025-09-05T00:24:02.310Z,9,GR86-033-46,3121.0,-14.6,33.530887603759766,-86.62422180175781,-0.322,-0.803,0.1,3.0,5880.0,7.95,8.395,
2025-09-05T00:24:02.353Z,9,GR86-033-46,,-15.9,33.530887603759766,-86.62422180175781,-0.31,-0.8150000000000001,0.11,3.0,,9.845,10.115,131.7
2025-09-05T00:24:02.396Z,9,GR86-033-46,,-18.1,33.530887603759766,-86.62422180175781,-0.358,-0.866,0.1,3.0,,10.745,11.035,
2025-09-05T00:24:02.482Z,9,GR86-033-46,,-17.6,33.53091812133789,-86.62421417236328,-0.153,-0.841,0.11,3.0,,0.0,0.0,
2025-09-05T00:24:02.525Z,9,GR86-033-46,3128.0,-19.3,33.53094482421875,-86.62419891357422,-0.163,-0.804,0.13,3.0,5573.0,0.0,0.0,
2025-09-05T00:24:02.568Z,9,GR86-033-46,,-24.0,33.53094482421875,-86.62419891357422,-0.164,-0.892,0.1,3.0,,0.0,0.0,127.51
2025-09-05T00:24:02.611Z,9,GR86-033-46,,-29.1,33.530975341796875,-86.62418365478516,-0.151,-0.883,14.49,3.0,,0.0,0.0,
2025-09-05T00:24:02.654Z,9,GR86-033-46,,-29.3,33.530975341796875,-86.62418365478516,-0.165,-0.889,12.51,3.0,,0.0,0.0,
2025-09-05T00:24:02.697Z,9,GR86-033-46,,-24.9,33.530975341796875,-86.62418365478516,-0.135,-0.8180000000000001,3.7,3.0,,0.0,0.0,
2025-09-05T00:24:02.740Z,9,GR86-033-46,3134.0,-18.0,33.531002044677734,-86.6241683959961,-0.057,-0.686,13.87,3.0,5543.0,0.0,0.0,
2025-09-05T00:24:02.783Z,9,GR86-033-46,,-17.2,33.531002044677734,-86.6241683959961,-0.073,-0.656,13.61,3.0,,0.0,0.0,124.09
2025-09-05T00:24:02.826Z,9,GR86-033-46,,-17.3,33.531028747558594,-86.62415313720703,-0.06,-0.562,0.15,3.0,,0.0,0.0,
2025-09-05T00:24:02.913Z,9,GR86-033-46,,-24.700000000000003,33.531028747558594,-86.62415313720703,-0.073,-0.511,0.18,3.0,,0.0,0.0,
2025-09-05T00:24:02.956Z,9,GR86-033-46,3141.0,-28.3,33.53105545043945,-86.62413787841797,-0.087,-0.517,0.16,3.0,5499.0,0.0,0.0,
2025-09-05T00:24:03.001Z,9,GR86-033-46,,-32.1,33.53108215332031,-86.6241226196289,-0.272,-0.581,0.13,3.0,,0.0,0.0,121.4
2025-09-05T00:24:03.044Z,9,GR86-033-46,,-33.5,33.53108215332031,-86.6241226196289,-0.196,-0.601,0.15,3.0,,0.0,0.0,
2025-09-05T00:24:03.087Z,9,GR86-033-46,,-34.9,33.53108215332031,-86.6241226196289,-0.138,-0.628,0.15,3.0,,0.0,0.0,
2025-09-05T00:24:03.130Z,9,GR86-033-46,,-35.9,33.531105041503906,-86.62410736083984,-0.086,-0.686,0.13,3.0,,0.0,0.0,
2025-09-05T00:24:03.173Z,9,GR86-033-46,3148.0,-36.2,33.531105041503906,-86.62410736083984,-0.106,-0.664,24.14,3.0,5539.0,0.0,0.0,
2025-09-05T00:24:03.217Z,9,GR86-033-46,,-34.6,33.531131744384766,-86.62409210205078,-0.155,-0.733,49.24,3.0,,0.0,0.0,119.69
2025-09-05T00:24:03.260Z,9,GR86-033-46,,-31.5,33.531131744384766,-86.62409210205078,-0.12,-0.746,51.51,3.0,,0.0,0.0,
2025-09-05T00:24:03.303Z,9,GR86-033-46,,-30.700000000000003,33.531158447265625,-86.62406921386719,-0.066,-0.753,60.15,3.0,,0.0,0.0,
2025-09-05T00:24:03.346Z,9,GR86-033-46,,-31.8,33.531158447265625,-86.62406921386719,0.041,-0.772,63.0,3.0,,0.0,0.0,
2025-09-05T00:24:03.389Z,9,GR86-033-46,3154.0,-33.800000000000004,33.531158447265625,-86.62406921386719,0.341,-0.777,62.48,3.0,5329.0,0.0,0.0,
2025-09-05T00:24:03.432Z,9,GR86-033-46,,-35.0,33.53118133544922,-86.62405395507812,0.249,-0.8270000000000001,62.34,3.0,,0.0,0.0,117.57
2025-09-05T00:24:03.475Z,9,GR86-033-46,,-35.5,33.53118133544922,-86.62405395507812,0.112,-0.842,62.04,3.0,,0.0,0.0,
2025-09-05T00:24:03.518Z,9,GR86-033-46,,-37.3,33.53120422363281,-86.62403869628906,0.094,-0.861,61.05,3.0,,0.0,0.0,
2025-09-05T00:24:03.561Z,9,GR86-033-46,,-41.6,33.53120422363281,-86.62403869628906,0.134,-0.905,61.16,3.0,,0.0,0.0,
2025-09-05T00:24:03.604Z,9,GR86-033-46,3161.0,-43.400000000000006,33.531227111816406,-86.62401580810547,0.174,-0.912,61.6,3.0,5341.0,0.0,0.0,
2025-09-05T00:24:03.647Z,9,GR86-033-46,,-42.0,33.531227111816406,-86.62401580810547,0.118,-0.921,66.21000000000001,3.0,,0.0,0.0,116.35
2025-09-05T00:24:03.691Z,9,GR86-033-46,,-37.9,33.531227111816406,-86.62401580810547,0.131,-0.903,79.89,3.0,,0.0,0.0,
2025-09-05T00:24:03.734Z,9,GR86-033-46,,-33.7,33.53125,-86.62399291992188,0.139,-0.848,97.75,3.0,,0.0,0.0,
2025-09-05T00:24:03.777Z,9,GR86-033-46,,-32.2,33.53125,-86.62399291992188,0.128,-0.8210000000000001,100.0,3.0,,0.0,0.0,
2025-09-05T00:24:03.822Z,9,GR86-033-46,3174.0,-35.5,33.531272888183594,-86.62397003173828,0.164,-0.8270000000000001,100.0,3.0,5518.0,0.0,0.0,
2025-09-05T00:24:03.865Z,9,GR86-033-46,,-38.8,33.531272888183594,-86.62397003173828,0.209,-0.8220000000000001,100.0,3.0,,0.0,0.0,116.7
2025-09-05T00:24:03.908Z,9,GR86-033-46,,-40.5,33.531272888183594,-86.62397003173828,0.205,-0.787,100.0,3.0,,0.0,0.0,
2025-09-05T00:24:03.952Z,9,GR86-033-46,,-38.1,33.53129577636719,-86.62395477294922,0.163,-0.876,100.0,3.0,,0.0,0.0,
2025-09-05T00:24:03.995Z,9,GR86-033-46,,-31.8,33.53129577636719,-86.62395477294922,0.177,-0.847,100.0,3.0,,0.0,0.0,
2025-09-05T00:24:04.038Z,9,GR86-033-46,3180.0,-26.200000000000003,33.53131866455078,-86.6239242553711,0.184,-0.8270000000000001,52.53,3.0,5582.0,0.0,0.0,
2025-09-05T00:24:04.082Z,9,GR86-033-46,,-23.8,33.53131866455078,-86.6239242553711,0.212,-0.794,0.1,3.0,,0.0,0.0,117.42
2025-09-05T00:24:04.125Z,9,GR86-033-46,,-24.8,33.531341552734375,-86.6239013671875,0.163,-0.784,0.0,3.0,,0.0,0.0,
2025-09-05T00:24:04.168Z,9,GR86-033-46,,-24.9,33.531341552734375,-86.6239013671875,-0.058,-0.733,0.03,3.0,,0.0,0.0,
2025-09-05T00:24:04.211Z,9,GR86-033-46,,-21.3,33.5313606262207,-86.6238784790039,-0.084,-0.733,0.02,3.0,,0.0,0.0,
2025-09-05T00:24:04.254Z,9,GR86-033-46,3187.0,-15.4,33.5313606262207,-86.6238784790039,-0.377,-0.638,0.0,3.0,5620.0,0.0,0.0,
2025-09-05T00:24:04.297Z,9,GR86-033-46,,-11.6,33.5313606262207,-86.6238784790039,-0.254,-0.539,0.0,3.0,,0.0,0.0,118.33
2025-09-05T00:24:04.340Z,9,GR86-033-46,,-10.9,33.5313835144043,-86.62385559082031,-0.046,-0.45,0.01,3.0,,0.0,0.0,
2025-09-05T00:24:04.385Z,9,GR86-033-46,,-10.9,33.5313835144043,-86.62385559082031,-0.088,-0.45,0.0,3.0,,5.83,6.21,
2025-09-05T00:24:04.428Z,9,GR86-033-46,,-10.8,33.531402587890625,-86.62382507324219,-0.235,-0.344,0.01,3.0,,9.81,10.15,
2025-09-05T00:24:04.471Z,9,GR86-033-46,3193.0,-11.4,33.531402587890625,-86.62382507324219,-0.398,-0.349,0.0,3.0,5234.0,12.025,12.145,
2025-09-05T00:24:04.514Z,9,GR86-033-46,,-11.4,33.53142166137695,-86.6238021850586,-0.41,-0.316,0.0,3.0,,13.17,13.58,119.62
2025-09-05T00:24:04.557Z,9,GR86-033-46,,-9.9,33.53142166137695,-86.6238021850586,-0.356,-0.257,0.0,3.0,,15.685,16.025,
2025-09-05T00:24:04.601Z,9,GR86-033-46,,-8.1,33.53144073486328,-86.62377166748047,-0.487,-0.26,0.0,2.0,,22.19,22.28,
2025-09-05T00:24:04.644Z,9,GR86-033-46,,-8.1,33.53144073486328,-86.62377166748047,-0.852,-0.18,0.01,2.0,,27.745,27.745,
2025-09-05T00:24:04.687Z,9,GR86-033-46,3200.0,-8.4,33.53144073486328,-86.62377166748047,-0.921,-0.129,0.02,2.0,5401.0,31.175,31.45,
2025-09-05T00:24:04.730Z,9,GR86-033-46,,-8.9,33.531455993652344,-86.62374877929688,-0.718,-0.22,0.0,2.0,,31.36,31.8,119.27
2025-09-05T00:24:04.773Z,9,GR86-033-46,,-10.0,33.531455993652344,-86.62374877929688,-0.735,-0.129,0.0,2.0,,31.71,32.17,
2025-09-05T00:24:04.817Z,9,GR86-033-46,,-10.8,33.53147506713867,-86.62371826171875,-0.6890000000000001,-0.146,0.02,2.0,,31.36,31.925,
2025-09-05T00:24:04.860Z,9,GR86-033-46,,-11.0,33.53147506713867,-86.62371826171875,-0.726,-0.179,0.02,2.0,,31.025,31.575,
2025-09-05T00:24:04.904Z,9,GR86-033-46,3206.0,-11.1,33.53147506713867,-86.62371826171875,-0.717,-0.163,0.0,2.0,6074.0,30.675,31.71,
2025-09-05T00:24:04.948Z,9,GR86-033-46,,-11.8,33.531494140625,-86.62369537353516,-0.779,-0.196,0.0,2.0,,29.77,30.675,116.93
2025-09-05T00:24:04.991Z,9,GR86-033-46,,-13.3,33.531494140625,-86.62369537353516,-0.8,-0.207,0.0,2.0,,29.21,30.155,
2025-09-05T00:24:05.034Z,9,GR86-033-46,,-15.1,33.53150939941406,-86.62367248535156,-0.731,-0.213,0.02,2.0,,28.46,29.33,
2025-09-05T00:24:05.077Z,9,GR86-033-46,,-16.5,33.53150939941406,-86.62367248535156,-0.678,-0.229,0.01,2.0,,26.935,27.775,
2025-09-05T00:24:05.122Z,9,GR86-033-46,3212.0,-17.2,33.531524658203125,-86.62364959716797,-0.587,-0.243,0.02,2.0,6226.0,23.93,24.795,
2025-09-05T00:24:05.165Z,9,GR86-033-46,,-18.1,33.531524658203125,-86.62364959716797,-0.615,-0.259,0.02,2.0,,23.485,24.14,112.23
2025-09-05T00:24:05.208Z,9,GR86-033-46,,-20.6,33.53153991699219,-86.62361907958984,-0.6900000000000001,-0.27,0.02,2.0,,24.02,24.555,
2025-09-05T00:24:05.251Z,9,GR86-033-46,,-24.200000000000003,33.53153991699219,-86.62361907958984,-0.668,-0.29,0.02,2.0,,24.645,24.995,
2025-09-05T00:24:05.294Z,9,GR86-033-46,,-28.0,33.53153991699219,-86.62361907958984,-0.617,-0.333,0.02,2.0,,24.05,24.615,
2025-09-05T00:24:05.337Z,9,GR86-033-46,3218.0,-31.700000000000003,33.53155517578125,-86.62359619140625,-0.603,-0.363,0.02,2.0,5946.0,23.335,24.14,
2025-09-05T00:24:05.380Z,9,GR86-033-46,,-37.9,33.53155517578125,-86.62359619140625,-0.554,-0.454,0.02,1.0,,22.31,23.025,107.35
2025-09-05T00:24:05.423Z,9,GR86-033-46,,-40.0,33.53157043457031,-86.62357330322266,-0.714,-0.558,0.0,1.0,,22.16,22.995,
2025-09-05T00:24:05.466Z,9,GR86-033-46,,-39.900000000000006,33.53157043457031,-86.62357330322266,-0.967,-0.455,0.0,1.0,,22.675,23.655,
2025-09-05T00:24:05.509Z,9,GR86-033-46,,-37.2,33.53158187866211,-86.62355041503906,-0.6970000000000001,-0.627,0.02,1.0,,22.645,23.655,
2025-09-05T00:24:05.552Z,9,GR86-033-46,3223.0,-35.1,33.53158187866211,-86.62355041503906,-0.718,-0.8,0.0,1.0,5640.0,20.145,20.45,
2025-09-05T00:24:05.595Z,9,GR86-033-46,,-35.7,33.53158187866211,-86.62355041503906,-0.601,-0.662,0.0,1.0,,18.585,18.77,102.5
2025-09-05T00:24:05.638Z,9,GR86-033-46,,-39.3,33.53159713745117,-86.62352752685547,-0.475,-0.739,0.0,1.0,,17.745,18.085,
2025-09-05T00:24:05.682Z,9,GR86-033-46,,-51.900000000000006,33.53159713745117,-86.62352752685547,-0.444,-0.854,0.02,1.0,,16.145,16.94,
2025-09-05T00:24:05.725Z,9,GR86-033-46,,-61.7,33.53160858154297,-86.62350463867188,-0.433,-0.922,0.01,1.0,,14.27,15.0,
2025-09-05T00:24:05.768Z,9,GR86-033-46,3229.0,-69.7,33.53160858154297,-86.62350463867188,-0.418,-0.987,0.03,1.0,5803.0,13.08,13.64,
2025-09-05T00:24:05.811Z,9,GR86-033-46,,-75.2,33.531620025634766,-86.62348175048828,-0.49,-0.993,0.0,1.0,,12.895,13.17,97.89
2025-09-05T00:24:05.854Z,9,GR86-033-46,,-78.2,33.531620025634766,-86.62348175048828,-0.484,-1.048,0.02,1.0,,13.55,13.795,
2025-09-05T00:24:05.897Z,9,GR86-033-46,,-79.5,33.531620025634766,-86.62348175048828,-0.494,-1.111,0.01,1.0,,13.885,14.24,
2025-09-05T00:24:05.940Z,9,GR86-033-46,,-79.30000000000001,33.5316276550293,-86.62345886230469,-0.489,-1.141,0.02,1.0,,14.39,14.91,
2025-09-05T00:24:05.983Z,9,GR86-033-46,3234.0,-77.7,33.5316276550293,-86.62345886230469,-0.479,-1.086,0.05,1.0,6675.0,14.575,14.94,
2025-09-05T00:24:06.069Z,9,GR86-033-46,,-72.4,33.531639099121094,-86.6234359741211,-0.496,-1.071,0.01,1.0,,15.655,15.87,90.0
2025-09-05T00:24:06.112Z,9,GR86-033-46,,-73.10000000000001,33.531646728515625,-86.6234130859375,-0.468,-1.158,0.02,1.0,,15.09,15.625,
2025-09-05T00:24:06.155Z,9,GR86-033-46,,-74.3,33.531646728515625,-86.6234130859375,-0.384,-1.138,0.02,1.0,,8.24,8.575000000000001,
2025-09-05T00:24:06.198Z,9,GR86-033-46,3239.0,-73.4,33.531646728515625,-86.6234130859375,-0.256,-1.215,0.02,1.0,6260.0,0.0,1.83,
2025-09-05T00:24:06.241Z,9,GR86-033-46,,-66.60000000000001,33.53165435791016,-86.6233901977539,-0.23,-1.16,0.02,1.0,,0.0,0.0,86.84
2025-09-05T00:24:06.284Z,9,GR86-033-46,,-63.0,33.53165435791016,-86.6233901977539,-0.229,-1.206,0.0,1.0,,0.0,0.0,
2025-09-05T00:24:06.327Z,9,GR86-033-46,,-62.400000000000006,33.53166198730469,-86.62336730957031,-0.223,-1.206,0.24,1.0,,0.0,0.0,
2025-09-05T00:24:06.370Z,9,GR86-033-46,,-64.9,33.53166198730469,-86.62336730957031,-0.206,-1.294,0.45,1.0,,0.0,0.0,
2025-09-05T00:24:06.456Z,9,GR86-033-46,3243.0,-67.60000000000001,33.53166580200195,-86.62334442138672,-0.189,-1.21,5.01,1.0,6008.0,0.0,0.0,83.29
2025-09-05T00:24:06.499Z,9,GR86-033-46,,-65.9,33.53166580200195,-86.62334442138672,-0.204,-1.226,20.65,1.0,,0.0,0.0,
2025-09-05T00:24:06.542Z,9,GR86-033-46,,-57.6,33.53166961669922,-86.62332153320312,-0.161,-1.111,18.49,1.0,,0.0,0.0,
2025-09-05T00:24:06.585Z,9,GR86-033-46,,-55.1,33.53166961669922,-86.62332153320312,-0.118,-1.202,12.66,1.0,,0.0,0.0,
2025-09-05T00:24:06.628Z,9,GR86-033-46,3252.0,-55.5,33.531673431396484,-86.62329864501953,-0.113,-1.194,9.01,1.0,5614.0,0.0,0.0,
2025-09-05T00:24:06.671Z,9,GR86-033-46,,-55.2,33.531673431396484,-86.62329864501953,-0.107,-1.145,8.35,1.0,,0.0,0.0,81.2
2025-09-05T00:24:06.714Z,9,GR86-033-46,,-51.400000000000006,33.531673431396484,-86.62327575683594,0.028,-1.09,6.61,1.0,,0.0,0.0,
2025-09-05T00:24:06.758Z,9,GR86-033-46,,-45.400000000000006,33.531673431396484,-86.62327575683594,0.016,-1.201,7.08,1.0,,0.0,0.0,
2025-09-05T00:24:06.802Z,9,GR86-033-46,,-29.9,33.53167724609375,-86.62325286865234,-0.026,-1.14,7.69,1.0,,0.0,0.0,
2025-09-05T00:24:06.845Z,9,GR86-033-46,3257.0,-15.3,33.53167724609375,-86.62325286865234,-0.082,-1.174,7.77,1.0,5727.0,0.0,0.0,
2025-09-05T00:24:06.888Z,9,GR86-033-46,,-6.800000000000001,33.53167724609375,-86.62325286865234,-0.069,-1.226,8.11,1.0,,0.0,0.0,78.93
2025-09-05T00:24:06.932Z,9,GR86-033-46,,-10.4,33.531673431396484,-86.62322998046875,-0.061,-1.128,8.49,1.0,,0.0,0.0,
2025-09-05T00:24:06.975Z,9,GR86-033-46,,-23.8,33.531673431396484,-86.62322998046875,-0.071,-1.165,9.01,1.0,,0.0,0.0,
2025-09-05T00:24:07.018Z,9,GR86-033-46,,-40.2,33.531673431396484,-86.62320709228516,-0.077,-1.171,8.15,1.0,,0.0,0.0,
2025-09-05T00:24:07.061Z,9,GR86-033-46,3261.0,-61.3,33.531673431396484,-86.62320709228516,-0.102,-1.207,11.51,1.0,5634.0,0.0,0.0,
2025-09-05T00:24:07.104Z,9,GR86-033-46,,-68.10000000000001,33.53166961669922,-86.6231918334961,-0.16,-1.193,30.27,1.0,,0.0,0.0,77.5
2025-09-05T00:24:07.148Z,9,GR86-033-46,,-68.10000000000001,33.53166961669922,-86.6231918334961,-0.185,-1.239,50.29,1.0,,0.0,0.0,
2025-09-05T00:24:07.192Z,9,GR86-033-46,,-62.5,33.53166961669922,-86.6231918334961,-0.18,-1.271,56.07,1.0,,0.0,0.0,
2025-09-05T00:24:07.235Z,9,GR86-033-46,,-56.6,33.53166580200195,-86.6231689453125,-0.12,-1.276,56.92,1.0,,0.0,0.0,
2025-09-05T00:24:07.278Z,9,GR86-033-46,3265.0,-55.0,33.53166580200195,-86.6231689453125,-0.119,-1.302,53.75,1.0,5372.0,0.0,0.0,
2025-09-05T00:24:07.321Z,9,GR86-033-46,,-55.8,33.53166198730469,-86.6231460571289,0.24,-1.185,46.36,1.0,,0.0,0.0,76.75
2025-09-05T00:24:07.365Z,9,GR86-033-46,,-51.2,33.53166198730469,-86.6231460571289,0.228,-1.131,46.78,1.0,,0.0,0.0,
2025-09-05T00:24:07.408Z,9,GR86-033-46,,-40.1,33.53165817260742,-86.62312316894531,0.277,-1.015,47.15,1.0,,0.0,0.0,
2025-09-05T00:24:07.451Z,9,GR86-033-46,,-23.200000000000003,33.53165817260742,-86.62312316894531,0.285,-1.094,47.76,1.0,,0.0,0.0,
2025-09-05T00:24:07.494Z,9,GR86-033-46,3269.0,-1.6,33.53165817260742,-86.62312316894531,0.272,-1.03,49.4,1.0,5356.0,0.0,0.0,
2025-09-05T00:24:07.537Z,9,GR86-033-46,,18.6,33.53165054321289,-86.62310791015625,0.214,-0.982,54.86,1.0,,0.0,0.0,74.8
2025-09-05T00:24:07.580Z,9,GR86-033-46,,40.2,33.53165054321289,-86.62310791015625,0.264,-0.846,55.66,1.0,,0.0,0.0,
2025-09-05T00:24:07.623Z,9,GR86-033-46,,47.5,33.53164291381836,-86.62308502197266,0.313,-0.777,56.49,1.0,,0.0,0.0,
2025-09-05T00:24:07.666Z,9,GR86-033-46,,44.900000000000006,33.53164291381836,-86.62308502197266,0.333,-0.723,64.7,1.0,,0.0,0.0,
2025-09-05T00:24:07.710Z,9,GR86-033-46,3273.0,26.8,33.53163146972656,-86.6230697631836,0.381,-0.78,84.45,1.0,5887.0,0.0,0.0,
2025-09-05T00:24:07.753Z,9,GR86-033-46,,-0.4,33.53163146972656,-86.6230697631836,0.379,-0.8300000000000001,100.0,1.0,,0.0,0.0,73.8
2025-09-05T00:24:07.796Z,9,GR86-033-46,,-27.6,33.53163146972656,-86.6230697631836,0.35,-0.918,100.0,1.0,,0.0,0.0,
2025-09-05T00:24:07.839Z,9,GR86-033-46,,-49.5,33.53162384033203,-86.623046875,0.372,-0.858,100.0,1.0,,0.0,0.0,
2025-09-05T00:24:07.882Z,9,GR86-033-46,,-66.60000000000001,33.53162384033203,-86.623046875,0.364,-0.858,100.0,1.0,,0.0,0.0,
2025-09-05T00:24:07.925Z,9,GR86-033-46,3277.0,-66.9,33.531612396240234,-86.62303161621094,0.323,-0.852,100.0,1.0,5922.0,0.0,0.0,
2025-09-05T00:24:07.968Z,9,GR86-033-46,,-61.900000000000006,33.531612396240234,-86.62303161621094,0.339,-0.781,100.0,1.0,,0.0,0.0,74.60000000000001
2025-09-05T00:24:08.011Z,9,GR86-033-46,,-54.2,33.53160095214844,-86.62301635742188,0.316,-0.719,100.0,1.0,,0.0,0.0,
2025-09-05T00:24:08.054Z,9,GR86-033-46,,-46.400000000000006,33.53160095214844,-86.62301635742188,0.356,-0.6,100.0,1.0,,0.0,0.0,
2025-09-05T00:24:08.097Z,9,GR86-033-46,,-39.0,33.53160095214844,-86.62301635742188,0.326,-0.56,100.0,1.0,,0.0,0.0,
2025-09-05T00:24:08.140Z,9,GR86-033-46,3282.0,-28.0,33.531585693359375,-86.62299346923828,0.296,-0.496,100.0,1.0,5890.0,0.0,0.0,
2025-09-05T00:24:08.183Z,9,GR86-033-46,,-22.8,33.531585693359375,-86.62299346923828,0.29,-0.422,100.0,1.0,,0.0,0.0,75.23
2025-09-05T00:24:08.227Z,9,GR86-033-46,,-20.4,33.53157424926758,-86.62297821044922,0.314,-0.408,100.0,1.0,,0.0,0.0,
2025-09-05T00:24:08.270Z,9,GR86-033-46,,-20.0,33.53157424926758,-86.62297821044922,0.335,-0.399,100.0,1.0,,0.0,0.0,
2025-09-05T00:24:08.313Z,9,GR86-033-46,,-20.0,33.53155899047852,-86.62296295166016,0.389,-0.397,100.0,1.0,,0.0,0.0,
2025-09-05T00:24:08.356Z,9,GR86-033-46,3286.0,-19.9,33.53155899047852,-86.62296295166016,0.365,-0.424,100.0,1.0,5957.0,0.0,0.0,
2025-09-05T00:24:08.401Z,9,GR86-033-46,,-18.9,33.53154754638672,-86.62294006347656,0.343,-0.418,100.0,1.0,,0.0,0.0,76.53
2025-09-05T00:24:08.444Z,9,GR86-033-46,,-17.0,33.53154754638672,-86.62294006347656,0.332,-0.377,100.0,1.0,,0.0,0.0,
2025-09-05T00:24:08.487Z,9,GR86-033-46,,-14.2,33.53154754638672,-86.62294006347656,0.336,-0.347,100.0,1.0,,0.0,0.0,
2025-09-05T00:24:08.530Z,9,GR86-033-46,,-11.2,33.531532287597656,-86.6229248046875,0.318,-0.309,100.0,1.0,,0.0,0.0,
2025-09-05T00:24:08.573Z,9,GR86-033-46,3291.0,-9.3,33.531532287597656,-86.6229248046875,0.337,-0.263,100.0,1.0,6207.0,0.0,0.0,
2025-09-05T00:24:08.616Z,9,GR86-033-46,,-8.1,33.53151321411133,-86.62290954589844,0.327,-0.229,100.0,1.0,,0.0,0.0,80.45
2025-09-05T00:24:08.659Z,9,GR86-033-46,,-7.1000000000000005,33.53151321411133,-86.62290954589844,0.356,-0.204,100.0,1.0,,0.0,0.0,
2025-09-05T00:24:08.702Z,9,GR86-033-46,,-5.1000000000000005,33.531497955322266,-86.62289428710938,0.352,-0.137,100.0,1.0,,0.0,0.0,
2025-09-05T00:24:08.745Z,9,GR86-033-46,,-4.0,33.531497955322266,-86.62289428710938,0.342,-0.121,100.0,1.0,,0.0,0.0,
2025-09-05T00:24:08.788Z,9,GR86-033-46,3295.0,-3.0,33.531497955322266,-86.62289428710938,0.335,-0.054,100.0,1.0,6360.0,0.0,0.0,
2025-09-05T00:24:08.831Z,9,GR86-033-46,,-2.4000000000000004,33.5314826965332,-86.62287902832031,0.324,-0.057,100.0,1.0,,0.0,0.0,85.67
2025-09-05T00:24:08.874Z,9,GR86-033-46,,-1.3,33.5314826965332,-86.62287902832031,0.32,-0.007,100.0,1.0,,0.0,0.0,
2025-09-05T00:24:08.918Z,9,GR86-033-46,,0.1,33.531463623046875,-86.62285614013672,0.329,-0.012,100.0,1.0,,0.0,0.0,
2025-09-05T00:24:08.961Z,9,GR86-033-46,,1.5,33.531463623046875,-86.62285614013672,0.36,0.031,100.0,1.0,,0.0,0.0,
2025-09-05T00:24:09.004Z,9,GR86-033-46,3300.0,2.3000000000000003,33.53144836425781,-86.62284088134766,0.342,0.043,41.67,1.0,6575.0,0.0,0.0,
2025-09-05T00:24:09.047Z,9,GR86-033-46,,3.3000000000000003,33.53144836425781,-86.62284088134766,0.356,0.056,0.0,1.0,,0.0,0.0,88.87
2025-09-05T00:24:09.090Z,9,GR86-033-46,,4.5,33.53144836425781,-86.62284088134766,0.312,0.083,0.0,1.0,,0.0,0.0,
2025-09-05T00:24:09.133Z,9,GR86-033-46,,5.9,33.531429290771484,-86.6228256225586,0.23,0.089,0.19,1.0,,0.0,0.0,
2025-09-05T00:24:09.176Z,9,GR86-033-46,,6.2,33.531429290771484,-86.6228256225586,-0.082,0.156,0.01,1.0,,0.0,0.0,
2025-09-05T00:24:09.219Z,9,GR86-033-46,3305.0,6.0,33.53141403198242,-86.62281036376953,-0.037,0.156,0.05,1.0,6759.0,13.885,14.42,
2025-09-05T00:24:09.262Z,9,GR86-033-46,,5.4,33.53141403198242,-86.62281036376953,-1.021,0.155,0.02,1.0,,43.89,44.13,91.89
2025-09-05T00:24:09.305Z,9,GR86-033-46,,4.0,33.531394958496094,-86.62278747558594,-1.172,0.172,0.05,1.0,,61.36,61.24,
2025-09-05T00:24:09.348Z,9,GR86-033-46,,3.7,33.531394958496094,-86.62278747558594,-1.316,0.118,0.04,1.0,,73.63,73.265,
2025-09-05T00:24:09.391Z,9,GR86-033-46,,3.7,33.531394958496094,-86.62278747558594,-1.508,0.158,0.05,1.0,,79.535,79.4,
2025-09-05T00:24:09.434Z,9,GR86-033-46,3316.0,3.7,33.531375885009766,-86.62277221679688,-1.32,0.143,0.04,1.0,6585.0,78.925,79.75,
2025-09-05T00:24:09.477Z,9,GR86-033-46,,3.9,33.531375885009766,-86.62277221679688,-1.355,0.099,0.04,1.0,,74.59,76.27,94.88
2025-09-05T00:24:09.521Z,9,GR86-033-46,,4.6000000000000005,33.5313606262207,-86.62275695800781,-1.172,0.126,0.1,1.0,,71.205,72.895,
2025-09-05T00:24:09.565Z,9,GR86-033-46,,5.4,33.5313606262207,-86.62275695800781,-1.115,0.14,0.03,1.0,,70.425,72.09,
2025-09-05T00:24:09.608Z,9,GR86-033-46,,5.7,33.531341552734375,-86.62274169921875,-1.191,0.133,0.09,1.0,,67.69500000000001,69.31,
2025-09-05T00:24:09.652Z,9,GR86-033-46,3320.0,5.7,33.531341552734375,-86.62274169921875,-1.245,0.1,0.08,1.0,6471.0,70.21000000000001,70.595,
2025-09-05T00:24:09.695Z,9,GR86-033-46,,6.800000000000001,33.531341552734375,-86.62274169921875,-0.989,0.108,0.1,1.0,,72.99,73.72,90.72
2025-09-05T00:24:09.738Z,9,GR86-033-46,,8.6,33.53132629394531,-86.62272644042969,-1.247,0.084,0.11,1.0,,73.14,73.78,
2025-09-05T00:24:09.782Z,9,GR86-033-46,,9.4,33.53132629394531,-86.62272644042969,-1.206,0.049,0.02,1.0,,80.865,80.59,
2025-09-05T00:24:09.825Z,9,GR86-033-46,,8.6,33.53131484985352,-86.62271118164062,-0.894,0.084,0.0,1.0,,76.24,77.825,
2025-09-05T00:24:09.868Z,9,GR86-033-46,3325.0,8.200000000000001,33.53131484985352,-86.62271118164062,-1.128,0.051,0.08,1.0,5673.0,71.92,74.025,
2025-09-05T00:24:09.911Z,9,GR86-033-46,,9.6,33.53131484985352,-86.62271118164062,-1.167,0.102,0.09,1.0,,66.67,69.31,82.78
2025-09-05T00:24:09.954Z,9,GR86-033-46,,10.7,33.53129959106445,-86.62269592285156,-0.953,0.138,0.08,1.0,,59.025,60.43,
2025-09-05T00:24:09.997Z,9,GR86-033-46,,11.1,33.53129959106445,-86.62269592285156,-1.145,0.134,0.06,1.0,,57.805,58.845,
2025-09-05T00:24:10.040Z,9,GR86-033-46,,12.0,33.531288146972656,-86.6226806640625,-1.127,0.14,0.05,1.0,,58.4,59.18,
2025-09-05T00:24:10.085Z,9,GR86-033-46,3328.0,11.1,33.531288146972656,-86.6226806640625,-1.088,0.178,0.04,1.0,5228.0,51.305,53.03,
2025-09-05T00:24:10.128Z,9,GR86-033-46,,9.5,33.531272888183594,-86.62266540527344,-1.071,0.149,0.06,1.0,,45.155,46.865,74.92
2025-09-05T00:24:10.171Z,9,GR86-033-46,,7.9,33.531272888183594,-86.62266540527344,-0.974,0.145,0.05,1.0,,44.085,45.0,
2025-09-05T00:24:10.214Z,9,GR86-033-46,,6.6000000000000005,33.5312614440918,-86.6226577758789,-0.991,0.115,0.03,1.0,,46.495,46.895,
2025-09-05T00:24:10.257Z,9,GR86-033-46,,6.300000000000001,33.5312614440918,-86.6226577758789,-1.094,0.12,0.03,1.0,,49.395,49.49,
2025-09-05T00:24:10.300Z,9,GR86-033-46,3332.0,6.9,33.53125,-86.62264251708984,-1.074,0.106,0.05,1.0,4701.0,50.94,51.275,
2025-09-05T00:24:10.343Z,9,GR86-033-46,,6.9,33.53125,-86.62264251708984,-1.018,0.084,0.02,1.0,,51.535,52.02,67.94
2025-09-05T00:24:10.386Z,9,GR86-033-46,,6.7,33.53125,-86.62264251708984,-1.024,0.09,0.07,1.0,,50.755,51.595,
2025-09-05T00:24:10.429Z,9,GR86-033-46,,6.4,33.53124237060547,-86.62263488769531,-1.046,0.088,0.01,1.0,,47.125,48.36,
2025-09-05T00:24:10.472Z,9,GR86-033-46,,7.9,33.53124237060547,-86.62263488769531,-0.7030000000000001,0.06,0.02,1.0,,37.92,39.035,
2025-09-05T00:24:10.515Z,9,GR86-033-46,3335.0,8.200000000000001,33.53123092651367,-86.62261962890625,-0.763,0.096,0.04,1.0,4327.0,34.15,35.02,
2025-09-05T00:24:10.558Z,9,GR86-033-46,,7.9,33.53123092651367,-86.62261962890625,-0.747,0.055,0.02,1.0,,34.305,35.145,62.0
2025-09-05T00:24:10.601Z,9,GR86-033-46,,7.4,33.53122329711914,-86.62261199951172,-0.648,0.072,0.03,1.0,,20.385,20.845,
2025-09-05T00:24:10.644Z,9,GR86-033-46,,8.4,33.53122329711914,-86.62261199951172,-0.217,0.037,0.03,1.0,,6.745,7.05,
2025-09-05T00:24:10.687Z,9,GR86-033-46,,9.4,33.53122329711914,-86.62261199951172,-0.088,0.05,26.44,1.0,,0.0,0.0,
2025-09-05T00:24:10.730Z,9,GR86-033-46,3338.0,9.4,33.531211853027344,-86.62260437011719,-0.215,0.069,73.57000000000001,1.0,3812.0,0.0,0.0,
2025-09-05T00:24:10.773Z,9,GR86-033-46,,9.4,33.531211853027344,-86.62260437011719,-0.236,0.077,100.0,1.0,,0.0,0.0,56.06
2025-09-05T00:24:10.817Z,9,GR86-033-46,,9.4,33.53120422363281,-86.62258911132812,-0.13,0.057,100.0,1.0,,0.0,0.0,
2025-09-05T00:24:10.860Z,9,GR86-033-46,,9.8,33.53120422363281,-86.62258911132812,-0.03,0.084,100.0,1.0,,0.0,0.0,
2025-09-05T00:24:10.903Z,9,GR86-033-46,,10.5,33.53120422363281,-86.62258911132812,-0.022,0.058,100.0,1.0,,0.0,0.0,
2025-09-05T00:24:10.946Z,9,GR86-033-46,3341.0,10.7,33.53119659423828,-86.6225814819336,0.141,0.08,100.0,1.0,3454.0,0.0,0.0,
2025-09-05T00:24:10.989Z,9,GR86-033-46,,10.7,33.53119659423828,-86.6225814819336,0.242,0.069,100.0,1.0,,0.0,0.0,50.43
2025-09-05T00:24:11.032Z,9,GR86-033-46,,10.4,33.53118896484375,-86.62257385253906,0.17,0.045,100.0,1.0,,0.0,0.0,
2025-09-05T00:24:11.075Z,9,GR86-033-46,,10.0,33.53118896484375,-86.62257385253906,0.022,0.086,100.0,1.0,,0.0,0.0,
2025-09-05T00:24:11.118Z,9,GR86-033-46,,9.6,33.53118133544922,-86.62256622314453,-0.046,0.046,100.0,1.0,,0.0,0.0,
2025-09-05T00:24:11.161Z,9,GR86-033-46,3343.0,7.2,33.53118133544922,-86.62256622314453,-0.017,0.087,100.0,1.0,3607.0,0.0,0.0,
2025-09-05T00:24:11.204Z,9,GR86-033-46,,4.800000000000001,33.53116989135742,-86.62255096435547,-0.033,0.047,100.0,1.0,,0.0,0.0,48.28
2025-09-05T00:24:11.247Z,9,GR86-033-46,,3.2,33.53116989135742,-86.62255096435547,-0.028,0.022,100.0,1.0,,0.0,0.0,
2025-09-05T00:24:11.290Z,9,GR86-033-46,,1.9,33.53116989135742,-86.62255096435547,-0.026,0.006,100.0,1.0,,0.0,0.0,
2025-09-05T00:24:11.333Z,9,GR86-033-46,,0.4,33.53116226196289,-86.62254333496094,-0.022,-0.003,100.0,1.0,,0.0,0.0,
2025-09-05T00:24:11.376Z,9,GR86-033-46,3346.0,-0.9,33.53116226196289,-86.62254333496094,0.071,-0.015,100.0,1.0,3624.0,0.0,0.0,
2025-09-05T00:24:11.419Z,9,GR86-033-46,,-1.6,33.53115463256836,-86.6225357055664,0.148,-0.043,100.0,1.0,,0.0,0.0,47.92
2025-09-05T00:24:11.462Z,9,GR86-033-46,,-3.0,33.53115463256836,-86.6225357055664,0.085,-0.04,100.0,1.0,,0.0,0.0,
2025-09-05T00:24:11.505Z,9,GR86-033-46,,-3.1,33.53114318847656,-86.62252044677734,-0.018,-0.039,100.0,1.0,,0.0,0.0,
2025-09-05T00:24:11.548Z,9,GR86-033-46,,-3.1,33.53114318847656,-86.62252044677734,-0.024,-0.037,100.0,1.0,,0.0,0.0,
2025-09-05T00:24:11.591Z,9,GR86-033-46,3349.0,-3.1,33.53114318847656,-86.62252044677734,-0.026,-0.049,100.0,1.0,3650.0,0.0,0.0,
2025-09-05T00:24:11.634Z,9,GR86-033-46,,-3.0,33.53113555908203,-86.62251281738281,-0.116,-0.037,100.0,1.0,,0.0,0.0,50.09
2025-09-05T00:24:11.677Z,9,GR86-033-46,,-2.6,33.53113555908203,-86.62251281738281,-0.207,-0.036,100.0,1.0,,0.0,0.0,
2025-09-05T00:24:11.722Z,9,GR86-033-46,,-2.1,33.5311279296875,-86.62249755859375,-0.136,-0.029,100.0,1.0,,0.0,0.0,
2025-09-05T00:24:11.765Z,9,GR86-033-46,,-1.8,33.5311279296875,-86.62249755859375,-0.05,-0.038,100.0,1.0,,0.0,0.0,
2025-09-05T00:24:11.808Z,9,GR86-033-46,3352.0,-1.2000000000000002,33.5311164855957,-86.62248992919922,-0.028,-0.022,100.0,1.0,3805.0,0.0,0.0,
2025-09-05T00:24:11.851Z,9,GR86-033-46,,-0.9,33.5311164855957,-86.62248992919922,-0.029,-0.022,100.0,1.0,,0.0,0.0,51.33
2025-09-05T00:24:11.894Z,9,GR86-033-46,,-0.6000000000000001,33.5311164855957,-86.62248992919922,-0.027,-0.034,100.0,1.0,,0.0,0.0,
2025-09-05T00:24:11.937Z,9,GR86-033-46,,0.4,33.53110885620117,-86.62248229980469,-0.032,-0.023,100.0,1.0,,0.0,0.0,
2025-09-05T00:24:11.980Z,9,GR86-033-46,,1.9,33.53110885620117,-86.62248229980469,-0.027,-0.015,100.0,1.0,,0.0,0.0,
2025-09-05T00:24:12.023Z,9,GR86-033-46,3357.0,2.9000000000000004,33.53110122680664,-86.62246704101562,-0.025,0.005,100.0,1.0,3898.0,0.0,0.0,
2025-09-05T00:24:12.066Z,9,GR86-033-46,,4.6000000000000005,33.53110122680664,-86.62246704101562,-0.062,0.009,100.0,1.0,,0.0,0.0,51.77
2025-09-05T00:24:12.110Z,9,GR86-033-46,,7.300000000000001,33.531089782714844,-86.6224594116211,-0.144,0.016,100.0,1.0,,0.0,0.0,
2025-09-05T00:24:12.153Z,9,GR86-033-46,,11.2,33.531089782714844,-86.6224594116211,-0.153,0.055,100.0,1.0,,0.0,0.0,
2025-09-05T00:24:12.196Z,9,GR86-033-46,,15.8,33.531089782714844,-86.6224594116211,-0.135,0.073,100.0,1.0,,0.0,0.0,
2025-09-05T00:24:12.239Z,9,GR86-033-46,3360.0,20.4,33.53108215332031,-86.62244415283203,-0.069,0.12,100.0,1.0,3786.0,0.0,0.0,
2025-09-05T00:24:12.282Z,9,GR86-033-46,,25.700000000000003,33.53108215332031,-86.62244415283203,-0.038,0.193,100.0,1.0,,0.0,0.0,52.14
2025-09-05T00:24:12.325Z,9,GR86-033-46,,29.0,33.53107070922852,-86.6224365234375,-0.045,0.247,100.0,1.0,,0.0,0.0,
2025-09-05T00:24:12.368Z,9,GR86-033-46,,33.5,33.53107070922852,-86.6224365234375,-0.079,0.258,100.0,1.0,,0.0,0.0,
2025-09-05T00:24:12.411Z,9,GR86-033-46,,39.1,33.531063079833984,-86.62242889404297,-0.101,0.297,100.0,1.0,,0.0,0.0,
2025-09-05T00:24:12.454Z,9,GR86-033-46,3363.0,44.400000000000006,33.531063079833984,-86.62242889404297,-0.103,0.343,100.0,1.0,3901.0,0.0,0.0,
2025-09-05T00:24:12.497Z,9,GR86-033-46,,47.900000000000006,33.531063079833984,-86.62242889404297,-0.111,0.428,100.0,1.0,,0.0,0.0,52.620000000000005
2025-09-05T00:24:12.540Z,9,GR86-033-46,,50.6,33.53105163574219,-86.6224136352539,-0.077,0.438,100.0,1.0,,0.0,0.0,
2025-09-05T00:24:12.583Z,9,GR86-033-46,,53.3,33.53105163574219,-86.6224136352539,-0.066,0.458,100.0,1.0,,0.0,0.0,
2025-09-05T00:24:12.626Z,9,GR86-033-46,,57.6,33.531044006347656,-86.62240600585938,-0.095,0.47,100.0,1.0,,0.0,0.0,
2025-09-05T00:24:12.669Z,9,GR86-033-46,3366.0,62.7,33.531044006347656,-86.62240600585938,-0.118,0.511,100.0,1.0,3853.0,0.0,0.0,
2025-09-05T00:24:12.712Z,9,GR86-033-46,,67.2,33.531036376953125,-86.62239074707031,-0.152,0.559,100.0,1.0,,0.0,0.0,52.85
2025-09-05T00:24:12.755Z,9,GR86-033-46,,70.2,33.531036376953125,-86.62239074707031,-0.164,0.608,100.0,1.0,,0.0,0.0,
2025-09-05T00:24:12.799Z,9,GR86-033-46,,72.0,33.531036376953125,-86.62239074707031,-0.145,0.613,100.0,1.0,,0.0,0.0,
2025-09-05T00:24:12.842Z,9,GR86-033-46,,74.4,33.531028747558594,-86.62238311767578,-0.125,0.651,100.0,1.0,,0.0,0.0,
2025-09-05T00:24:12.885Z,9,GR86-033-46,3369.0,75.5,33.531028747558594,-86.62238311767578,-0.116,0.659,100.0,1.0,3875.0,0.0,0.0,
2025-09-05T00:24:12.928Z,9,GR86-033-46,,76.2,33.5310173034668,-86.62236785888672,-0.124,0.654,100.0,1.0,,0.0,0.0,53.42
2025-09-05T00:24:12.971Z,9,GR86-033-46,,76.5,33.5310173034668,-86.62236785888672,-0.132,0.672,100.0,1.0,,0.0,0.0,
2025-09-05T00:24:13.015Z,9,GR86-033-46,,77.0,33.531009674072266,-86.62235260009766,-0.146,0.683,100.0,1.0,,0.0,0.0,
2025-09-05T00:24:13.058Z,9,GR86-033-46,,78.4,33.531009674072266,-86.62235260009766,-0.146,0.6890000000000001,100.0,1.0,,0.0,0.0,
2025-09-05T00:24:13.102Z,9,GR86-033-46,3372.0,82.5,33.531002044677734,-86.62234497070312,-0.137,0.6950000000000001,100.0,1.0,3885.0,0.0,0.0,
2025-09-05T00:24:13.145Z,9,GR86-033-46,,86.5,33.531002044677734,-86.62234497070312,-0.132,0.6950000000000001,100.0,1.0,,0.0,0.0,53.92
2025-09-05T00:24:13.188Z,9,GR86-033-46,,89.80000000000001,33.531002044677734,-86.62234497070312,-0.142,0.754,100.0,1.0,,0.0,0.0,
2025-09-05T00:24:13.232Z,9,GR86-033-46,,91.4,33.53099822998047,-86.62232971191406,-0.143,0.778,100.0,1.0,,0.0,0.0,
2025-09-05T00:24:13.275Z,9,GR86-033-46,,91.4,33.53099822998047,-86.62232971191406,-0.125,0.786,100.0,1.0,,0.0,0.0,
2025-09-05T00:24:13.318Z,9,GR86-033-46,3375.0,91.4,33.53099060058594,-86.622314453125,-0.107,0.771,100.0,1.0,3854.0,0.0,0.0,
2025-09-05T00:24:13.361Z,9,GR86-033-46,,92.0,33.53099060058594,-86.622314453125,-0.094,0.811,100.0,1.0,,0.0,0.0,54.06
2025-09-05T00:24:13.405Z,9,GR86-033-46,,92.2,33.530982971191406,-86.62230682373047,-0.093,0.757,100.0,1.0,,0.0,0.0,
2025-09-05T00:24:13.448Z,9,GR86-033-46,,93.2,33.530982971191406,-86.62230682373047,-0.133,0.8230000000000001,100.0,1.0,,0.0,0.0,
2025-09-05T00:24:13.491Z,9,GR86-033-46,,94.6,33.530982971191406,-86.62230682373047,-0.102,0.841,100.0,1.0,,0.0,0.0,
2025-09-05T00:24:13.534Z,9,GR86-033-46,3378.0,96.5,33.53097915649414,-86.6222915649414,-0.126,0.783,100.0,1.0,3840.0,0.0,0.0,
2025-09-05T00:24:13.577Z,9,GR86-033-46,,98.4,33.53097915649414,-86.6222915649414,-0.114,0.8,100.0,1.0,,0.0,0.0,53.89
2025-09-05T00:24:13.622Z,9,GR86-033-46,,99.2,33.530975341796875,-86.62227630615234,-0.105,0.8210000000000001,100.0,1.0,,0.0,0.0,
2025-09-05T00:24:13.665Z,9,GR86-033-46,,99.0,33.530975341796875,-86.62227630615234,-0.135,0.859,100.0,1.0,,0.0,0.0,
2025-09-05T00:24:13.708Z,9,GR86-033-46,,99.0,33.53097152709961,-86.62226104736328,-0.13,0.849,100.0,1.0,,0.0,0.0,
2025-09-05T00:24:13.751Z,9,GR86-033-46,3381.0,98.9,33.53097152709961,-86.62226104736328,-0.148,0.8150000000000001,100.0,1.0,3821.0,0.0,0.0,
2025-09-05T00:24:13.794Z,9,GR86-033-46,,98.6,33.53097152709961,-86.62226104736328,-0.139,0.8250000000000001,100.0,1.0,,0.0,0.0,53.82
2025-09-05T00:24:13.837Z,9,GR86-033-46,,97.2,33.530967712402344,-86.62224578857422,-0.106,0.8290000000000001,100.0,1.0,,0.0,0.0,
2025-09-05T00:24:13.880Z,9,GR86-033-46,,94.8,33.530967712402344,-86.62224578857422,-0.075,0.772,100.0,1.0,,0.0,0.0,
2025-09-05T00:24:13.923Z,9,GR86-033-46,,93.0,33.53096389770508,-86.62223052978516,-0.07,0.787,100.0,1.0,,0.0,0.0,
2025-09-05T00:24:13.966Z,9,GR86-033-46,3384.0,90.7,33.53096389770508,-86.62223052978516,-0.088,0.761,100.0,1.0,3814.0,0.0,0.0,
2025-09-05T00:24:14.009Z,9,GR86-033-46,,87.7,33.53096389770508,-86.6222152709961,-0.1,0.739,100.0,1.0,,0.0,0.0,53.66
2025-09-05T00:24:14.052Z,9,GR86-033-46,,83.80000000000001,33.53096389770508,-86.6222152709961,-0.101,0.7010000000000001,100.0,1.0,,0.0,0.0,
2025-09-05T00:24:14.095Z,9,GR86-033-46,,79.9,33.53096389770508,-86.6222152709961,-0.099,0.6920000000000001,100.0,1.0,,0.0,0.0,
2025-09-05T00:24:14.138Z,9,GR86-033-46,,76.10000000000001,33.53096008300781,-86.62220001220703,-0.096,0.666,100.0,1.0,,0.0,0.0,
2025-09-05T00:24:14.181Z,9,GR86-033-46,3387.0,72.9,33.53096008300781,-86.62220001220703,-0.075,0.596,100.0,1.0,3809.0,0.0,0.0,
2025-09-05T00:24:14.225Z,9,GR86-033-46,,72.5,33.53096008300781,-86.6221923828125,-0.073,0.5650000000000001,100.0,1.0,,0.0,0.0,52.91
2025-09-05T00:24:14.268Z,9,GR86-033-46,,72.5,33.53096008300781,-86.6221923828125,-0.076,0.595,100.0,1.0,,0.0,0.0,
2025-09-05T00:24:14.311Z,9,GR86-033-46,,72.5,33.53096008300781,-86.62217712402344,-0.083,0.59,100.0,1.0,,0.0,0.0,
2025-09-05T00:24:14.354Z,9,GR86-033-46,,72.7,33.53096008300781,-86.62217712402344,-0.077,0.585,100.0,1.0,,0.0,0.0,
2025-09-05T00:24:14.397Z,9,GR86-033-46,3390.0,73.4,33.53096008300781,-86.62217712402344,-0.08,0.548,100.0,1.0,3724.0,0.0,0.0,
2025-09-05T00:24:14.440Z,9,GR86-033-46,,74.4,33.53096008300781,-86.62216186523438,-0.076,0.589,100.0,1.0,,0.0,0.0,52.27
2025-09-05T00:24:14.483Z,9,GR86-033-46,,74.4,33.53096008300781,-86.62216186523438,-0.079,0.592,100.0,1.0,,0.0,0.0,
2025-09-05T00:24:14.526Z,9,GR86-033-46,,74.2,33.53096389770508,-86.62214660644531,-0.078,0.583,100.0,1.0,,0.0,0.0,
2025-09-05T00:24:14.570Z,9,GR86-033-46,,73.5,33.53096389770508,-86.62214660644531,-0.085,0.598,100.0,1.0,,0.0,0.0,
2025-09-05T00:24:14.613Z,9,GR86-033-46,3393.0,71.10000000000001,33.53096389770508,-86.62213134765625,-0.088,0.601,100.0,1.0,3717.0,0.0,0.0,
2025-09-05T00:24:14.656Z,9,GR86-033-46,,69.0,33.53096389770508,-86.62213134765625,-0.085,0.624,100.0,1.0,,0.0,0.0,51.63
2025-09-05T00:24:14.699Z,9,GR86-033-46,,66.2,33.53096389770508,-86.62213134765625,-0.09,0.5670000000000001,100.0,1.0,,0.0,0.0,
2025-09-05T00:24:14.742Z,9,GR86-033-46,,63.1,33.53096389770508,-86.62211608886719,-0.077,0.556,100.0,1.0,,0.0,0.0,
2025-09-05T00:24:14.785Z,9,GR86-033-46,,61.5,33.53096389770508,-86.62211608886719,-0.071,0.527,100.0,1.0,,0.0,0.0,
2025-09-05T00:24:14.828Z,9,GR86-033-46,3399.0,59.7,33.530967712402344,-86.62210083007812,-0.069,0.545,100.0,1.0,3649.0,0.0,0.0,
2025-09-05T00:24:14.871Z,9,GR86-033-46,,57.900000000000006,33.530967712402344,-86.62210083007812,-0.08,0.51,100.0,1.0,,0.0,0.0,51.26
2025-09-05T00:24:14.914Z,9,GR86-033-46,,56.5,33.53097152709961,-86.62208557128906,-0.076,0.503,100.0,1.0,,0.0,0.0,
2025-09-05T00:24:14.957Z,9,GR86-033-46,,56.3,33.53097152709961,-86.62208557128906,-0.077,0.475,100.0,1.0,,0.0,0.0,
2025-09-05T00:24:15.001Z,9,GR86-033-46,,56.0,33.530975341796875,-86.6220703125,-0.078,0.5,100.0,1.0,,0.0,0.0,
2025-09-05T00:24:15.044Z,9,GR86-033-46,3401.0,54.7,33.530975341796875,-86.6220703125,-0.069,0.5,100.0,1.0,3658.0,0.0,0.0,
2025-09-05T00:24:15.087Z,9,GR86-033-46,,52.2,33.530975341796875,-86.6220703125,-0.071,0.477,100.0,1.0,,0.0,0.0,50.99
2025-09-05T00:24:15.130Z,9,GR86-033-46,,49.2,33.53097915649414,-86.62206268310547,-0.072,0.428,100.0,1.0,,0.0,0.0,
2025-09-05T00:24:15.173Z,9,GR86-033-46,,46.400000000000006,33.53097915649414,-86.62206268310547,-0.074,0.432,100.0,1.0,,0.0,0.0,
2025-09-05T00:24:15.216Z,9,GR86-033-46,,44.1,33.530982971191406,-86.6220474243164,-0.073,0.421,100.0,1.0,,0.0,0.0,
2025-09-05T00:24:15.259Z,9,GR86-033-46,3404.0,43.6,33.530982971191406,-86.6220474243164,-0.075,0.395,100.0,1.0,3645.0,0.0,0.0,
2025-09-05T00:24:15.302Z,9,GR86-033-46,,43.5,33.53098678588867,-86.62203216552734,-0.066,0.377,100.0,1.0,,0.0,0.0,50.63
2025-09-05T00:24:15.345Z,9,GR86-033-46,,42.7,33.53098678588867,-86.62203216552734,-0.064,0.391,100.0,1.0,,0.0,0.0,
2025-09-05T00:24:15.388Z,9,GR86-033-46,,41.6,33.53098678588867,-86.62203216552734,-0.066,0.385,100.0,1.0,,0.0,0.0,
2025-09-05T00:24:15.431Z,9,GR86-033-46,,40.7,33.53099060058594,-86.62201690673828,-0.064,0.367,100.0,1.0,,0.0,0.0,
2025-09-05T00:24:15.474Z,9,GR86-033-46,3407.0,39.8,33.53099060058594,-86.62201690673828,-0.06,0.363,100.0,1.0,3624.0,0.0,0.0,
2025-09-05T00:24:15.517Z,9,GR86-033-46,,38.8,33.53099822998047,-86.62200927734375,-0.065,0.351,100.0,1.0,,0.0,0.0,50.33
2025-09-05T00:24:15.560Z,9,GR86-033-46,,38.0,33.53099822998047,-86.62200927734375,-0.053,0.347,100.0,1.0,,0.0,0.0,
2025-09-05T00:24:15.603Z,9,GR86-033-46,,37.2,33.531002044677734,-86.62199401855469,-0.053,0.344,100.0,1.0,,0.0,0.0,
2025-09-05T00:24:15.646Z,9,GR86-033-46,,36.4,33.531002044677734,-86.62199401855469,-0.057,0.347,100.0,1.0,,0.0,0.0,
2025-09-05T00:24:15.689Z,9,GR86-033-46,3410.0,35.800000000000004,33.531002044677734,-86.62199401855469,-0.057,0.31,100.0,1.0,3608.0,0.0,0.0,
2025-09-05T00:24:15.732Z,9,GR86-033-46,,35.4,33.531005859375,-86.62197875976562,-0.064,0.314,100.0,1.0,,0.0,0.0,49.91
2025-09-05T00:24:15.775Z,9,GR86-033-46,,34.4,33.531005859375,-86.62197875976562,-0.062,0.332,100.0,1.0,,0.0,0.0,
2025-09-05T00:24:15.818Z,9,GR86-033-46,,33.0,33.53101348876953,-86.6219711303711,-0.071,0.322,100.0,1.0,,0.0,0.0,
2025-09-05T00:24:15.861Z,9,GR86-033-46,,31.5,33.53101348876953,-86.6219711303711,-0.059,0.288,100.0,1.0,,0.0,0.0,
2025-09-05T00:24:15.904Z,9,GR86-033-46,3413.0,30.5,33.53101348876953,-86.6219711303711,-0.048,0.286,100.0,1.0,3583.0,0.0,0.0,
2025-09-05T00:24:15.947Z,9,GR86-033-46,,29.200000000000003,33.5310173034668,-86.62195587158203,-0.048,0.29,100.0,1.0,,0.0,0.0,49.56
2025-09-05T00:24:15.990Z,9,GR86-033-46,,28.1,33.5310173034668,-86.62195587158203,-0.041,0.289,100.0,1.0,,0.0,0.0,
2025-09-05T00:24:16.033Z,9,GR86-033-46,,27.200000000000003,33.53102493286133,-86.62194061279297,-0.052,0.25,100.0,1.0,,0.0,0.0,
2025-09-05T00:24:16.076Z,9,GR86-033-46,,26.4,33.53102493286133,-86.62194061279297,-0.061,0.233,100.0,1.0,,0.0,0.0,
2025-09-05T00:24:16.122Z,9,GR86-033-46,3415.0,25.4,33.53103256225586,-86.62193298339844,-0.068,0.242,100.0,1.0,3556.0,0.0,0.0,
2025-09-05T00:24:16.165Z,9,GR86-033-46,,24.700000000000003,33.53103256225586,-86.62193298339844,-0.068,0.253,100.0,1.0,,0.0,0.0,49.14
2025-09-05T00:24:16.208Z,9,GR86-033-46,,23.6,33.531036376953125,-86.62191772460938,-0.042,0.225,100.0,1.0,,0.0,0.0,
2025-09-05T00:24:16.251Z,9,GR86-033-46,,22.4,33.531036376953125,-86.62191772460938,-0.032,0.2,100.0,1.0,,0.0,0.0,
2025-09-05T00:24:16.295Z,9,GR86-033-46,,21.6,33.531036376953125,-86.62191772460938,-0.028,0.187,100.0,1.0,,0.0,0.0,
2025-09-05T00:24:16.338Z,9,GR86-033-46,3418.0,20.700000000000003,33.531044006347656,-86.62191009521484,-0.029,0.199,100.0,1.0,3519.0,0.0,0.0,
2025-09-05T00:24:16.382Z,9,GR86-033-46,,19.6,33.531044006347656,-86.62191009521484,-0.027,0.2,100.0,1.0,,0.0,0.0,48.29
2025-09-05T00:24:16.425Z,9,GR86-033-46,,18.4,33.53105163574219,-86.62189483642578,-0.024,0.189,100.0,1.0,,0.0,0.0,
2025-09-05T00:24:16.468Z,9,GR86-033-46,,17.6,33.53105163574219,-86.62189483642578,-0.023,0.177,100.0,1.0,,0.0,0.0,
2025-09-05T00:24:16.511Z,9,GR86-033-46,,16.5,33.53105545043945,-86.62188720703125,-0.03,0.158,100.0,1.0,,0.0,0.0,
2025-09-05T00:24:16.554Z,9,GR86-033-46,3420.0,15.9,33.53105545043945,-86.62188720703125,-0.024,0.187,100.0,1.0,3497.0,0.0,0.0,
2025-09-05T00:24:16.597Z,9,GR86-033-46,,15.2,33.53105545043945,-86.62188720703125,-0.021,0.17,100.0,1.0,,0.0,0.0,47.84
2025-09-05T00:24:16.640Z,9,GR86-033-46,,14.5,33.531063079833984,-86.62187194824219,-0.024,0.156,100.0,1.0,,0.0,0.0,
2025-09-05T00:24:16.685Z,9,GR86-033-46,,14.2,33.531063079833984,-86.62187194824219,-0.023,0.134,100.0,1.0,,0.0,0.0,
2025-09-05T00:24:16.728Z,9,GR86-033-46,,14.1,33.53107070922852,-86.62186431884766,-0.027,0.153,100.0,1.0,,0.0,0.0,
2025-09-05T00:24:16.771Z,9,GR86-033-46,3423.0,13.8,33.53107070922852,-86.62186431884766,-0.02,0.157,100.0,1.0,3477.0,0.0,0.0,
2025-09-05T00:24:16.814Z,9,GR86-033-46,,13.3,33.53107833862305,-86.62185668945312,-0.028,0.144,100.0,1.0,,0.0,0.0,47.37
2025-09-05T00:24:16.857Z,9,GR86-033-46,,12.7,33.53107833862305,-86.62185668945312,-0.019,0.132,100.0,1.0,,0.0,0.0,
2025-09-05T00:24:16.900Z,9,GR86-033-46,,11.9,33.53108596801758,-86.62184143066406,-0.005,0.117,100.0,1.0,,0.0,0.0,
2025-09-05T00:24:16.943Z,9,GR86-033-46,,11.6,33.53108596801758,-86.62184143066406,0.023,0.125,100.0,1.0,,0.0,0.0,
2025-09-05T00:24:16.986Z,9,GR86-033-46,3426.0,11.3,33.53108596801758,-86.62184143066406,0.034,0.128,100.0,1.0,3487.0,0.0,0.0,
2025-09-05T00:24:17.029Z,9,GR86-033-46,,10.5,33.531089782714844,-86.62183380126953,0.017,0.136,100.0,1.0,,0.0,0.0,46.92
2025-09-05T00:24:17.072Z,9,GR86-033-46,,10.1,33.531089782714844,-86.62183380126953,-0.007,0.132,100.0,1.0,,0.0,0.0,
2025-09-05T00:24:17.115Z,9,GR86-033-46,,9.6,33.531097412109375,-86.62181854248047,-0.017,0.095,100.0,1.0,,0.0,0.0,
2025-09-05T00:24:17.158Z,9,GR86-033-46,,9.2,33.531097412109375,-86.62181854248047,-0.011,0.068,100.0,1.0,,0.0,0.0,
2025-09-05T00:24:17.201Z,9,GR86-033-46,3428.0,8.3,33.531105041503906,-86.62181091308594,-0.011,0.106,100.0,1.0,3479.0,0.0,0.0,
2025-09-05T00:24:17.244Z,9,GR86-033-46,,7.800000000000001,33.531105041503906,-86.62181091308594,-0.005,0.116,100.0,1.0,,0.0,0.0,46.77
2025-09-05T00:24:17.287Z,9,GR86-033-46,,7.2,33.531105041503906,-86.62181091308594,0.019,0.104,100.0,1.0,,0.0,0.0,
2025-09-05T00:24:17.330Z,9,GR86-033-46,,6.9,33.53111267089844,-86.62179565429688,0.043,0.066,100.0,1.0,,0.0,0.0,
2025-09-05T00:24:17.373Z,9,GR86-033-46,,6.9,33.53111267089844,-86.62179565429688,0.034,0.062,100.0,1.0,,0.0,0.0,
2025-09-05T00:24:17.416Z,9,GR86-033-46,3431.0,6.9,33.53112030029297,-86.62178802490234,0.023,0.08,100.0,1.0,3431.0,0.0,0.0,
2025-09-05T00:24:17.459Z,9,GR86-033-46,,6.9,33.53112030029297,-86.62178802490234,0.007,0.081,100.0,1.0,,0.0,0.0,46.72
2025-09-05T00:24:17.502Z,9,GR86-033-46,,6.7,33.5311279296875,-86.62178039550781,-0.004,0.099,100.0,1.0,,0.0,0.0,
2025-09-05T00:24:17.545Z,9,GR86-033-46,,6.7,33.5311279296875,-86.62178039550781,0.005,0.095,100.0,1.0,,0.0,0.0,
2025-09-05T00:24:17.588Z,9,GR86-033-46,,6.7,33.5311279296875,-86.62178039550781,0.011,0.075,100.0,1.0,,0.0,0.0,
2025-09-05T00:24:17.631Z,9,GR86-033-46,3436.0,6.7,33.53113555908203,-86.62176513671875,0.026,0.092,100.0,1.0,3418.0,0.0,0.0,
2025-09-05T00:24:17.674Z,9,GR86-033-46,,6.7,33.53113555908203,-86.62176513671875,0.021,0.08,100.0,1.0,,0.0,0.0,46.65
2025-09-05T00:24:17.717Z,9,GR86-033-46,,6.7,33.53114318847656,-86.62175750732422,0.023,0.071,100.0,1.0,,0.0,0.0,
2025-09-05T00:24:17.760Z,9,GR86-033-46,,6.7,33.53114318847656,-86.62175750732422,0.028,0.058,100.0,1.0,,0.0,0.0,
2025-09-05T00:24:17.804Z,9,GR86-033-46,,6.7,33.53114700317383,-86.62174224853516,0.033,0.097,100.0,1.0,,0.0,0.0,
2025-09-05T00:24:17.847Z,9,GR86-033-46,3439.0,6.7,33.53114700317383,-86.62174224853516,0.03,0.094,100.0,1.0,3445.0,0.0,0.0,
2025-09-05T00:24:17.890Z,9,GR86-033-46,,6.7,33.53114700317383,-86.62174224853516,0.025,0.069,100.0,1.0,,0.0,0.0,46.68
2025-09-05T00:24:17.933Z,9,GR86-033-46,,6.7,33.53115463256836,-86.62173461914062,0.033,0.056,100.0,1.0,,0.0,0.0,
2025-09-05T00:24:17.977Z,9,GR86-033-46,,6.7,33.53115463256836,-86.62173461914062,0.033,0.075,100.0,1.0,,0.0,0.0,
2025-09-05T00:24:18.022Z,9,GR86-033-46,,6.7,33.53116226196289,-86.6217269897461,0.025,0.106,100.0,1.0,,0.0,0.0,
2025-09-05T00:24:18.065Z,9,GR86-033-46,3441.0,6.800000000000001,33.53116226196289,-86.6217269897461,0.033,0.09,100.0,1.0,3446.0,0.0,0.0,
2025-09-05T00:24:18.108Z,9,GR86-033-46,,6.9,33.53116989135742,-86.62171173095703,0.033,0.088,100.0,1.0,,0.0,0.0,46.83
2025-09-05T00:24:18.151Z,9,GR86-033-46,,6.9,33.53116989135742,-86.62171173095703,0.036,0.06,100.0,1.0,,0.0,0.0,
2025-09-05T00:24:18.194Z,9,GR86-033-46,,6.9,33.53116989135742,-86.62171173095703,0.036,0.079,100.0,1.0,,0.0,0.0,
2025-09-05T00:24:18.237Z,9,GR86-033-46,,6.9,33.53117752075195,-86.6217041015625,0.049,0.088,100.0,1.0,,0.0,0.0,
2025-09-05T00:24:18.280Z,9,GR86-033-46,3444.0,7.0,33.53117752075195,-86.6217041015625,0.057,0.095,100.0,1.0,3483.0,0.0,0.0,
2025-09-05T00:24:18.366Z,9,GR86-033-46,,7.0,33.531185150146484,-86.62168884277344,0.05,0.092,100.0,1.0,,0.0,0.0,47.0
2025-09-05T00:24:18.410Z,9,GR86-033-46,,7.0,33.531192779541016,-86.6216812133789,0.038,0.098,100.0,1.0,,0.0,0.0,
2025-09-05T00:24:18.453Z,9,GR86-033-46,,7.0,33.531192779541016,-86.6216812133789,0.038,0.079,100.0,1.0,,0.0,0.0,
2025-09-05T00:24:18.496Z,9,GR86-033-46,3447.0,7.0,33.531192779541016,-86.6216812133789,0.041,0.095,100.0,1.0,3511.0,0.0,0.0,
2025-09-05T00:24:18.539Z,9,GR86-033-46,,7.0,33.53120040893555,-86.62167358398438,0.056,0.087,100.0,1.0,,0.0,0.0,47.31
2025-09-05T00:24:18.582Z,9,GR86-033-46,,7.4,33.53120040893555,-86.62167358398438,0.057,0.096,100.0,1.0,,0.0,0.0,
2025-09-05T00:24:18.625Z,9,GR86-033-46,,7.7,33.53120803833008,-86.62165832519531,0.046,0.094,100.0,1.0,,0.0,0.0,
2025-09-05T00:24:18.668Z,9,GR86-033-46,,8.4,33.53120803833008,-86.62165832519531,0.049,0.083,100.0,1.0,,0.0,0.0,
2025-09-05T00:24:18.711Z,9,GR86-033-46,3449.0,9.3,33.53121566772461,-86.62165069580078,0.04,0.105,100.0,1.0,3506.0,0.0,0.0,
2025-09-05T00:24:18.754Z,9,GR86-033-46,,10.0,33.53121566772461,-86.62165069580078,0.04,0.112,100.0,1.0,,0.0,0.0,47.54
2025-09-05T00:24:18.797Z,9,GR86-033-46,,10.3,33.53121566772461,-86.62165069580078,0.042,0.116,100.0,1.0,,0.0,0.0,
2025-09-05T00:24:18.840Z,9,GR86-033-46,,10.3,33.53122329711914,-86.62163543701172,0.05,0.12,100.0,1.0,,0.0,0.0,
2025-09-05T00:24:18.883Z,9,GR86-033-46,,10.3,33.53122329711914,-86.62163543701172,0.055,0.132,100.0,1.0,,0.0,0.0,
2025-09-05T00:24:18.926Z,9,GR86-033-46,3452.0,10.3,33.53123092651367,-86.62162780761719,0.055,0.124,100.0,1.0,3537.0,0.0,0.0,
2025-09-05T00:24:18.969Z,9,GR86-033-46,,10.3,33.53123092651367,-86.62162780761719,0.058,0.113,100.0,1.0,,0.0,0.0,47.84
2025-09-05T00:24:19.012Z,9,GR86-033-46,,10.3,33.5312385559082,-86.62162017822266,0.053,0.116,100.0,1.0,,0.0,0.0,
2025-09-05T00:24:19.055Z,9,GR86-033-46,,10.2,33.5312385559082,-86.62162017822266,0.05,0.123,100.0,1.0,,0.0,0.0,
2025-09-05T00:24:19.099Z,9,GR86-033-46,,9.5,33.5312385559082,-86.62162017822266,0.044,0.12,100.0,1.0,,0.0,0.0,
2025-09-05T00:24:19.142Z,9,GR86-033-46,3455.0,8.6,33.531246185302734,-86.6216049194336,0.041,0.118,100.0,1.0,3559.0,0.0,0.0,
2025-09-05T00:24:19.185Z,9,GR86-033-46,,8.200000000000001,33.531246185302734,-86.6216049194336,0.047,0.106,100.0,1.0,,0.0,0.0,48.16
2025-09-05T00:24:19.228Z,9,GR86-033-46,,8.200000000000001,33.531253814697266,-86.62159729003906,0.058,0.099,100.0,1.0,,0.0,0.0,
2025-09-05T00:24:19.271Z,9,GR86-033-46,,7.9,33.531253814697266,-86.62159729003906,0.063,0.098,100.0,1.0,,0.0,0.0,
2025-09-05T00:24:19.314Z,9,GR86-033-46,,7.4,33.53126525878906,-86.62158966064453,0.054,0.115,100.0,1.0,,0.0,0.0,
2025-09-05T00:24:19.358Z,9,GR86-033-46,3457.0,6.800000000000001,33.53126525878906,-86.62158966064453,0.039,0.104,100.0,1.0,3580.0,0.0,0.0,
2025-09-05T00:24:19.402Z,9,GR86-033-46,,5.800000000000001,33.531272888183594,-86.62157440185547,0.036,0.078,100.0,1.0,,0.0,0.0,48.46
2025-09-05T00:24:19.445Z,9,GR86-033-46,,5.4,33.531272888183594,-86.62157440185547,0.037,0.079,100.0,1.0,,0.0,0.0,
2025-09-05T00:24:19.488Z,9,GR86-033-46,,5.1000000000000005,33.531272888183594,-86.62157440185547,0.039,0.078,100.0,1.0,,0.0,0.0,
2025-09-05T00:24:19.532Z,9,GR86-033-46,,5.0,33.531280517578125,-86.62156677246094,0.046,0.088,100.0,1.0,,0.0,0.0,
2025-09-05T00:24:19.575Z,9,GR86-033-46,3460.0,4.7,33.531280517578125,-86.62156677246094,0.049,0.079,100.0,1.0,3617.0,0.0,0.0,
2025-09-05T00:24:19.618Z,9,GR86-033-46,,4.5,33.531288146972656,-86.62155151367188,0.041,0.086,100.0,1.0,,0.0,0.0,48.78
2025-09-05T00:24:19.661Z,9,GR86-033-46,,4.3,33.531288146972656,-86.62155151367188,0.038,0.068,100.0,1.0,,0.0,0.0,
2025-09-05T00:24:19.704Z,9,GR86-033-46,,4.2,33.53129577636719,-86.62154388427734,0.032,0.084,100.0,1.0,,0.0,0.0,
2025-09-05T00:24:19.747Z,9,GR86-033-46,,3.9,33.53129577636719,-86.62154388427734,0.045,0.081,100.0,1.0,,0.0,0.0,
2025-09-05T00:24:19.790Z,9,GR86-033-46,3463.0,3.6,33.53129577636719,-86.62154388427734,0.042,0.08,100.0,1.0,3624.0,0.0,0.0,
2025-09-05T00:24:19.835Z,9,GR86-033-46,,3.3000000000000003,33.53130340576172,-86.62153625488281,0.048,0.065,100.0,1.0,,0.0,0.0,49.41
2025-09-05T00:24:19.879Z,9,GR86-033-46,,2.8000000000000003,33.53130340576172,-86.62153625488281,0.039,0.064,100.0,1.0,,0.0,0.0,
2025-09-05T00:24:19.922Z,9,GR86-033-46,,2.3000000000000003,33.53131103515625,-86.62152099609375,0.039,0.068,100.0,1.0,,0.0,0.0,
2025-09-05T00:24:19.965Z,9,GR86-033-46,,2.3000000000000003,33.53131103515625,-86.62152099609375,0.038,0.061,100.0,1.0,,0.0,0.0,
2025-09-05T00:24:20.008Z,9,GR86-033-46,3466.0,2.3000000000000003,33.53132247924805,-86.62151336669922,0.037,0.05,100.0,1.0,3644.0,0.0,0.0,
2025-09-05T00:24:20.051Z,9,GR86-033-46,,2.3000000000000003,33.53132247924805,-86.62151336669922,0.036,0.055,100.0,1.0,,0.0,0.0,49.68
2025-09-05T00:24:20.094Z,9,GR86-033-46,,2.3000000000000003,33.53132247924805,-86.62151336669922,0.038,0.076,100.0,1.0,,0.0,0.0,
2025-09-05T00:24:20.137Z,9,GR86-033-46,,2.2,33.53133010864258,-86.62149810791016,0.03,0.065,100.0,1.0,,0.0,0.0,
2025-09-05T00:24:20.180Z,9,GR86-033-46,,2.2,33.53133010864258,-86.62149810791016,0.028,0.064,100.0,1.0,,0.0,0.0,
2025-09-05T00:24:20.223Z,9,GR86-033-46,3471.0,2.2,33.53133773803711,-86.62149047851562,0.026,0.056,100.0,1.0,3690.0,0.0,0.0,
2025-09-05T00:24:20.267Z,9,GR86-033-46,,2.2,33.53133773803711,-86.62149047851562,0.022,0.084,100.0,1.0,,0.0,0.0,49.95
2025-09-05T00:24:20.310Z,9,GR86-033-46,,2.2,33.53134536743164,-86.62147521972656,0.023,0.071,100.0,1.0,,0.0,0.0,
2025-09-05T00:24:20.353Z,9,GR86-033-46,,2.2,33.53134536743164,-86.62147521972656,0.023,0.07,100.0,1.0,,0.0,0.0,
2025-09-05T00:24:20.396Z,9,GR86-033-46,,2.2,33.53134536743164,-86.62147521972656,0.023,0.057,100.0,1.0,,0.0,0.0,
2025-09-05T00:24:20.439Z,9,GR86-033-46,3474.0,2.2,33.53135681152344,-86.62146759033203,0.023,0.068,100.0,1.0,3706.0,0.0,0.0,
2025-09-05T00:24:20.482Z,9,GR86-033-46,,2.0,33.53135681152344,-86.62146759033203,0.013,0.071,100.0,1.0,,0.0,0.0,50.2
2025-09-05T00:24:20.525Z,9,GR86-033-46,,2.0,33.53136444091797,-86.6214599609375,0.012,0.06,100.0,1.0,,0.0,0.0,
2025-09-05T00:24:20.568Z,9,GR86-033-46,,2.0,33.53136444091797,-86.6214599609375,0.008,0.076,100.0,1.0,,0.0,0.0,
2025-09-05T00:24:20.611Z,9,GR86-033-46,,2.0,33.5313720703125,-86.62144470214844,0.004,0.085,100.0,1.0,,0.0,0.0,
2025-09-05T00:24:20.654Z,9,GR86-033-46,3477.0,2.0,33.5313720703125,-86.62144470214844,-0.001,0.078,100.0,1.0,3706.0,0.0,0.0,
2025-09-05T00:24:20.697Z,9,GR86-033-46,,2.0,33.5313720703125,-86.62144470214844,0.01,0.068,100.0,1.0,,0.0,0.0,50.39
2025-09-05T00:24:20.740Z,9,GR86-033-46,,2.1,33.53137969970703,-86.6214370727539,0.016,0.071,100.0,1.0,,0.0,0.0,
2025-09-05T00:24:20.783Z,9,GR86-033-46,,2.2,33.53137969970703,-86.6214370727539,0.01,0.092,100.0,1.0,,0.0,0.0,
2025-09-05T00:24:20.827Z,9,GR86-033-46,,2.4000000000000004,33.53139114379883,-86.62142181396484,0.003,0.075,100.0,1.0,,0.0,0.0,
2025-09-05T00:24:20.870Z,9,GR86-033-46,3479.0,2.7,33.53139114379883,-86.62142181396484,0.007,0.061,100.0,1.0,3697.0,0.0,0.0,
2025-09-05T00:24:20.913Z,9,GR86-033-46,,2.8000000000000003,33.53139114379883,-86.62142181396484,0.011,0.073,100.0,1.0,,0.0,0.0,50.5
2025-09-05T00:24:20.956Z,9,GR86-033-46,,2.8000000000000003,33.53139877319336,-86.62141418457031,0.011,0.083,100.0,1.0,,0.0,0.0,
2025-09-05T00:24:20.999Z,9,GR86-033-46,,2.9000000000000004,33.53139877319336,-86.62141418457031,0.012,0.071,100.0,1.0,,0.0,0.0,
2025-09-05T00:24:21.042Z,9,GR86-033-46,,3.2,33.53140640258789,-86.62139892578125,0.017,0.075,100.0,1.0,,0.0,0.0,
2025-09-05T00:24:21.085Z,9,GR86-033-46,3482.0,3.3000000000000003,33.53140640258789,-86.62139892578125,0.011,0.064,100.0,1.0,3707.0,0.0,0.0,
2025-09-05T00:24:21.128Z,9,GR86-033-46,,3.3000000000000003,33.53141403198242,-86.62139129638672,0.003,0.08,100.0,1.0,,0.0,0.0,50.53
2025-09-05T00:24:21.171Z,9,GR86-033-46,,3.3000000000000003,33.53141403198242,-86.62139129638672,0.007,0.065,100.0,1.0,,0.0,0.0,
2025-09-05T00:24:21.214Z,9,GR86-033-46,,3.3000000000000003,33.53142166137695,-86.62138366699219,-0.007,0.096,100.0,1.0,,0.0,0.0,
2025-09-05T00:24:21.257Z,9,GR86-033-46,,3.4000000000000004,33.53142166137695,-86.62138366699219,-0.02,0.077,100.0,1.0,,0.0,0.0,
2025-09-05T00:24:21.300Z,9,GR86-033-46,3485.0,3.8,33.53143310546875,-86.62136840820312,-0.022,0.075,100.0,1.0,3723.0,0.0,0.0,
2025-09-05T00:24:21.343Z,9,GR86-033-46,,3.8,33.53143310546875,-86.62136840820312,-0.022,0.097,100.0,1.0,,0.0,0.0,50.57
2025-09-05T00:24:21.386Z,9,GR86-033-46,,3.8,33.53143310546875,-86.62136840820312,-0.023,0.099,100.0,1.0,,0.0,0.0,
2025-09-05T00:24:21.429Z,9,GR86-033-46,,3.8,33.53144073486328,-86.6213607788086,-0.026,0.09,100.0,1.0,,0.0,0.0,
2025-09-05T00:24:21.472Z,9,GR86-033-46,,3.8,33.53144073486328,-86.6213607788086,-0.023,0.073,100.0,1.0,,0.0,0.0,
2025-09-05T00:24:21.515Z,9,GR86-033-46,3488.0,3.8,33.53144836425781,-86.62134552001953,-0.023,0.102,100.0,1.0,3699.0,0.0,0.0,
2025-09-05T00:24:21.558Z,9,GR86-033-46,,3.8,33.53144836425781,-86.62134552001953,-0.022,0.097,100.0,1.0,,0.0,0.0,50.620000000000005
2025-09-05T00:24:21.601Z,9,GR86-033-46,,3.8,33.531455993652344,-86.621337890625,-0.022,0.078,100.0,1.0,,0.0,0.0,
2025-09-05T00:24:21.644Z,9,GR86-033-46,,3.8,33.531455993652344,-86.621337890625,-0.023,0.086,100.0,1.0,,0.0,0.0,
2025-09-05T00:24:21.687Z,9,GR86-033-46,,3.7,33.531455993652344,-86.621337890625,-0.023,0.097,100.0,1.0,,0.0,0.0,
2025-09-05T00:24:21.730Z,9,GR86-033-46,3491.0,3.7,33.53146743774414,-86.62133026123047,-0.028,0.08,100.0,1.0,3671.0,0.0,0.0,
2025-09-05T00:24:21.773Z,9,GR86-033-46,,3.5,33.53146743774414,-86.62133026123047,-0.022,0.071,100.0,1.0,,0.0,0.0,50.58
2025-09-05T00:24:21.817Z,9,GR86-033-46,,3.2,33.53147506713867,-86.6213150024414,-0.03,0.086,100.0,1.0,,0.0,0.0,
2025-09-05T00:24:21.860Z,9,GR86-033-46,,2.9000000000000004,33.53147506713867,-86.6213150024414,-0.033,0.087,100.0,1.0,,0.0,0.0,
2025-09-05T00:24:21.903Z,9,GR86-033-46,,2.8000000000000003,33.53147506713867,-86.6213150024414,-0.022,0.085,100.0,1.0,,0.0,0.0,
2025-09-05T00:24:21.946Z,9,GR86-033-46,3494.0,2.8000000000000003,33.5314826965332,-86.62130737304688,-0.023,0.08,100.0,1.0,3651.0,0.0,0.0,
2025-09-05T00:24:21.989Z,9,GR86-033-46,,2.8000000000000003,33.5314826965332,-86.62130737304688,-0.017,0.081,100.0,1.0,,0.0,0.0,50.4
2025-09-05T00:24:22.032Z,9,GR86-033-46,,2.8000000000000003,33.531490325927734,-86.62129211425781,-0.025,0.073,100.0,1.0,,0.0,0.0,
2025-09-05T00:24:22.075Z,9,GR86-033-46,,2.6,33.531490325927734,-86.62129211425781,-0.017,0.094,100.0,1.0,,0.0,0.0,
2025-09-05T00:24:22.118Z,9,GR86-033-46,,2.3000000000000003,33.53150177001953,-86.62128448486328,-0.029,0.076,100.0,1.0,,0.0,0.0,
2025-09-05T00:24:22.161Z,9,GR86-033-46,3496.0,2.0,33.53150177001953,-86.62128448486328,-0.023,0.08,100.0,1.0,3657.0,0.0,0.0,
2025-09-05T00:24:22.204Z,9,GR86-033-46,,1.3,33.53150939941406,-86.62127685546875,-0.016,0.08,100.0,1.0,,0.0,0.0,50.2
2025-09-05T00:24:22.248Z,9,GR86-033-46,,0.7000000000000001,33.53150939941406,-86.62127685546875,-0.026,0.086,100.0,1.0,,0.0,0.0,
2025-09-05T00:24:22.291Z,9,GR86-033-46,,0.5,33.53150939941406,-86.62127685546875,-0.021,0.06,100.0,1.0,,0.0,0.0,
2025-09-05T00:24:22.334Z,9,GR86-033-46,,0.5,33.531517028808594,-86.62126159667969,-0.024,0.047,100.0,1.0,,0.0,0.0,
2025-09-05T00:24:22.377Z,9,GR86-033-46,3499.0,0.5,33.531517028808594,-86.62126159667969,-0.022,0.072,100.0,1.0,3673.0,0.0,0.0,
2025-09-05T00:24:22.422Z,9,GR86-033-46,,0.5,33.531524658203125,-86.62125396728516,-0.024,0.083,100.0,1.0,,0.0,0.0,49.73
2025-09-05T00:24:22.465Z,9,GR86-033-46,,0.5,33.531524658203125,-86.62125396728516,-0.027,0.072,100.0,1.0,,0.0,0.0,
2025-09-05T00:24:22.508Z,9,GR86-033-46,,0.6000000000000001,33.53153610229492,-86.6212387084961,-0.018,0.059,100.0,1.0,,0.0,0.0,
2025-09-05T00:24:22.551Z,9,GR86-033-46,,0.6000000000000001,33.53153610229492,-86.6212387084961,-0.023,0.057,100.0,1.0,,0.0,0.0,
2025-09-05T00:24:22.595Z,9,GR86-033-46,3502.0,0.6000000000000001,33.53153610229492,-86.6212387084961,-0.024,0.061,100.0,1.0,3653.0,0.0,0.0,
2025-09-05T00:24:22.638Z,9,GR86-033-46,,0.6000000000000001,33.53154373168945,-86.62123107910156,-0.019,0.065,100.0,1.0,,0.0,0.0,49.53
2025-09-05T00:24:22.682Z,9,GR86-033-46,,0.6000000000000001,33.53154373168945,-86.62123107910156,-0.025,0.074,100.0,1.0,,0.0,0.0,
2025-09-05T00:24:22.725Z,9,GR86-033-46,,0.7000000000000001,33.531551361083984,-86.62122344970703,-0.014,0.062,100.0,1.0,,0.0,0.0,
2025-09-05T00:24:22.768Z,9,GR86-033-46,,0.8,33.531551361083984,-86.62122344970703,-0.002,0.052,100.0,1.0,,0.0,0.0,
2025-09-05T00:24:22.811Z,9,GR86-033-46,3505.0,0.7000000000000001,33.53155899047852,-86.62120819091797,0.003,0.079,100.0,1.0,3648.0,0.0,0.0,
2025-09-05T00:24:22.854Z,9,GR86-033-46,,0.8,33.53155899047852,-86.62120819091797,-0.001,0.065,100.0,1.0,,0.0,0.0,49.34
2025-09-05T00:24:22.897Z,9,GR86-033-46,,1.0,33.53155899047852,-86.62120819091797,-0.014,0.062,100.0,1.0,,0.0,0.0,
2025-09-05T00:24:22.940Z,9,GR86-033-46,,1.0,33.53156661987305,-86.62120056152344,-0.021,0.053,100.0,1.0,,0.0,0.0,
2025-09-05T00:24:23.028Z,9,GR86-033-46,3510.0,1.0,33.531578063964844,-86.6211929321289,-0.015,0.08,100.0,1.0,3615.0,0.0,0.0,
2025-09-05T00:24:23.071Z,9,GR86-033-46,,1.0,33.531578063964844,-86.6211929321289,-0.013,0.07,100.0,1.0,,0.0,0.0,49.11
2025-09-05T00:24:23.114Z,9,GR86-033-46,,1.0,33.531585693359375,-86.62117767333984,0.003,0.056,100.0,1.0,,0.0,0.0,
2025-09-05T00:24:23.157Z,9,GR86-033-46,,1.0,33.531585693359375,-86.62117767333984,0.006,0.058,100.0,1.0,,0.0,0.0,
2025-09-05T00:24:23.200Z,9,GR86-033-46,,1.0,33.531593322753906,-86.62117004394531,-0.005,0.063,100.0,1.0,,0.0,0.0,
2025-09-05T00:24:23.244Z,9,GR86-033-46,3513.0,1.0,33.531593322753906,-86.62117004394531,-0.004,0.073,100.0,1.0,3607.0,0.0,0.0,
2025-09-05T00:24:23.287Z,9,GR86-033-46,,1.0,33.531593322753906,-86.62117004394531,-0.01,0.074,100.0,1.0,,0.0,0.0,49.02
2025-09-05T00:24:23.330Z,9,GR86-033-46,,1.0,33.53160095214844,-86.62116241455078,-0.002,0.069,100.0,1.0,,0.0,0.0,
2025-09-05T00:24:23.373Z,9,GR86-033-46,,1.0,33.53160095214844,-86.62116241455078,-0.006,0.058,100.0,1.0,,0.0,0.0,
2025-09-05T00:24:23.416Z,9,GR86-033-46,,0.9,33.53160858154297,-86.62114715576172,0.016,0.07,100.0,1.0,,0.0,0.0,
2025-09-05T00:24:23.459Z,9,GR86-033-46,3515.0,0.9,33.53160858154297,-86.62114715576172,0.01,0.068,100.0,1.0,3591.0,0.0,0.0,
2025-09-05T00:24:23.502Z,9,GR86-033-46,,0.9,33.531620025634766,-86.62113952636719,-0.011,0.058,100.0,1.0,,0.0,0.0,48.88
2025-09-05T00:24:23.545Z,9,GR86-033-46,,0.6000000000000001,33.531620025634766,-86.62113952636719,-0.016,0.059,100.0,1.0,,0.0,0.0,
2025-09-05T00:24:23.588Z,9,GR86-033-46,,0.3,33.531620025634766,-86.62113952636719,-0.004,0.073,100.0,1.0,,0.0,0.0,
2025-09-05T00:24:23.631Z,9,GR86-033-46,,0.1,33.5316276550293,-86.62112426757812,0.011,0.069,100.0,1.0,,0.0,0.0,
2025-09-05T00:24:23.674Z,9,GR86-033-46,3518.0,0.1,33.5316276550293,-86.62112426757812,0.018,0.035,100.0,1.0,3604.0,0.0,0.0,
2025-09-05T00:24:23.717Z,9,GR86-033-46,,0.0,33.53163528442383,-86.6211166381836,0.023,0.054,100.0,1.0,,0.0,0.0,48.81
2025-09-05T00:24:23.760Z,9,GR86-033-46,,-0.3,33.53163528442383,-86.6211166381836,0.014,0.064,100.0,1.0,,0.0,0.0,
2025-09-05T00:24:23.804Z,9,GR86-033-46,,-0.3,33.53164291381836,-86.62110900878906,0.0,0.049,100.0,1.0,,0.0,0.0,
2025-09-05T00:24:23.847Z,9,GR86-033-46,,-0.3,33.53164291381836,-86.62110900878906,0.005,0.051,100.0,1.0,,0.0,0.0,
2025-09-05T00:24:23.891Z,9,GR86-033-46,3521.0,-0.3,33.53164291381836,-86.62110900878906,0.004,0.061,100.0,1.0,3602.0,0.0,0.0,
2025-09-05T00:24:23.934Z,9,GR86-033-46,,-0.3,33.53165435791016,-86.62109375,0.004,0.064,100.0,1.0,,0.0,0.0,48.76
2025-09-05T00:24:23.977Z,9,GR86-033-46,,-0.3,33.53165435791016,-86.62109375,0.013,0.044,100.0,1.0,,0.0,0.0,
2025-09-05T00:24:24.022Z,9,GR86-033-46,,-0.3,33.53166198730469,-86.62108612060547,0.019,0.06,100.0,1.0,,0.0,0.0,
2025-09-05T00:24:24.065Z,9,GR86-033-46,,-0.3,33.53166198730469,-86.62108612060547,0.017,0.068,100.0,1.0,,0.0,0.0,
2025-09-05T00:24:24.108Z,9,GR86-033-46,3524.0,-0.3,33.53166961669922,-86.6210708618164,0.011,0.052,100.0,1.0,3578.0,0.0,0.0,
2025-09-05T00:24:24.151Z,9,GR86-033-46,,-0.3,33.53166961669922,-86.6210708618164,0.014,0.049,100.0,1.0,,0.0,0.0,48.76
2025-09-05T00:24:24.194Z,9,GR86-033-46,,-0.3,33.53166961669922,-86.6210708618164,0.006,0.052,100.0,1.0,,0.0,0.0,
2025-09-05T00:24:24.237Z,9,GR86-033-46,,-0.3,33.53167724609375,-86.62106323242188,0.004,0.067,100.0,1.0,,0.0,0.0,
2025-09-05T00:24:24.280Z,9,GR86-033-46,,-0.3,33.53167724609375,-86.62106323242188,0.003,0.049,100.0,1.0,,0.0,0.0,
2025-09-05T00:24:24.323Z,9,GR86-033-46,3526.0,-0.3,33.53168487548828,-86.62105560302734,0.0,0.054,100.0,1.0,3590.0,0.0,0.0,
2025-09-05T00:24:24.367Z,9,GR86-033-46,,-0.3,33.53168487548828,-86.62105560302734,0.013,0.049,100.0,1.0,,0.0,0.0,48.78
2025-09-05T00:24:24.410Z,9,GR86-033-46,,-0.3,33.53169631958008,-86.62104034423828,0.021,0.054,100.0,1.0,,0.0,0.0,
2025-09-05T00:24:24.453Z,9,GR86-033-46,,-0.3,33.53169631958008,-86.62104034423828,0.022,0.057,100.0,1.0,,0.0,0.0,
2025-09-05T00:24:24.496Z,9,GR86-033-46,,-0.2,33.53169631958008,-86.62104034423828,0.012,0.056,100.0,1.0,,0.0,0.0,
2025-09-05T00:24:24.539Z,9,GR86-033-46,3529.0,0.0,33.53170394897461,-86.62103271484375,0.009,0.062,100.0,1.0,3584.0,0.0,0.0,
2025-09-05T00:24:24.582Z,9,GR86-033-46,,0.2,33.53170394897461,-86.62103271484375,0.004,0.058,100.0,1.0,,0.0,0.0,48.81
2025-09-05T00:24:24.625Z,9,GR86-033-46,,0.2,33.53171157836914,-86.62101745605469,0.015,0.071,100.0,1.0,,0.0,0.0,
2025-09-05T00:24:24.668Z,9,GR86-033-46,,0.4,33.53171157836914,-86.62101745605469,0.022,0.064,100.0,1.0,,0.0,0.0,
2025-09-05T00:24:24.711Z,9,GR86-033-46,,0.5,33.53171920776367,-86.62100982666016,0.024,0.053,100.0,1.0,,0.0,0.0,
2025-09-05T00:24:24.754Z,9,GR86-033-46,3532.0,0.9,33.53171920776367,-86.62100982666016,0.02,0.061,100.0,1.0,3596.0,0.0,0.0,
2025-09-05T00:24:24.797Z,9,GR86-033-46,,0.9,33.53171920776367,-86.62100982666016,0.015,0.084,100.0,1.0,,0.0,0.0,48.85
2025-09-05T00:24:24.840Z,9,GR86-033-46,,1.0,33.5317268371582,-86.62100219726562,0.007,0.065,100.0,1.0,,0.0,0.0,
2025-09-05T00:24:24.883Z,9,GR86-033-46,,1.0,33.5317268371582,-86.62100219726562,0.016,0.073,100.0,1.0,,0.0,0.0,
2025-09-05T00:24:24.926Z,9,GR86-033-46,,1.0,33.53173828125,-86.62098693847656,0.023,0.071,100.0,1.0,,0.0,0.0,
2025-09-05T00:24:24.969Z,9,GR86-033-46,3534.0,1.3,33.53173828125,-86.62098693847656,0.029,0.077,100.0,1.0,3602.0,0.0,0.0,
2025-09-05T00:24:25.012Z,9,GR86-033-46,,1.8,33.53174591064453,-86.62097930908203,0.023,0.058,100.0,1.0,,0.0,0.0,48.91
2025-09-05T00:24:25.055Z,9,GR86-033-46,,2.2,33.53174591064453,-86.62097930908203,0.025,0.078,100.0,1.0,,0.0,0.0,
2025-09-05T00:24:25.098Z,9,GR86-033-46,,2.3000000000000003,33.53174591064453,-86.62097930908203,0.022,0.073,100.0,1.0,,0.0,0.0,
2025-09-05T00:24:25.141Z,9,GR86-033-46,,2.4000000000000004,33.53175354003906,-86.62096405029297,0.021,0.084,100.0,1.0,,0.0,0.0,
2025-09-05T00:24:25.184Z,9,GR86-033-46,3537.0,2.4000000000000004,33.53175354003906,-86.62096405029297,0.012,0.074,100.0,1.0,3594.0,0.0,0.0,
2025-09-05T00:24:25.227Z,9,GR86-033-46,,2.4000000000000004,33.531761169433594,-86.62095642089844,0.013,0.081,100.0,1.0,,0.0,0.0,49.04
2025-09-05T00:24:25.270Z,9,GR86-033-46,,2.4000000000000004,33.531761169433594,-86.62095642089844,0.017,0.069,100.0,1.0,,0.0,0.0,
2025-09-05T00:24:25.313Z,9,GR86-033-46,,2.3000000000000003,33.531768798828125,-86.6209487915039,0.022,0.071,100.0,1.0,,0.0,0.0,
2025-09-05T00:24:25.356Z,9,GR86-033-46,,2.3000000000000003,33.531768798828125,-86.6209487915039,0.033,0.076,100.0,1.0,,0.0,0.0,
2025-09-05T00:24:25.399Z,9,GR86-033-46,3540.0,2.3000000000000003,33.531768798828125,-86.6209487915039,0.022,0.073,100.0,1.0,3609.0,0.0,0.0,
2025-09-05T00:24:25.442Z,9,GR86-033-46,,2.3000000000000003,33.53178024291992,-86.62093353271484,0.023,0.061,100.0,1.0,,0.0,0.0,49.15
2025-09-05T00:24:25.485Z,9,GR86-033-46,,2.2,33.53178024291992,-86.62093353271484,0.021,0.077,100.0,1.0,,0.0,0.0,
2025-09-05T00:24:25.528Z,9,GR86-033-46,,2.2,33.53178787231445,-86.62092590332031,0.015,0.078,100.0,1.0,,0.0,0.0,
2025-09-05T00:24:25.571Z,9,GR86-033-46,,2.2,33.53178787231445,-86.62092590332031,0.019,0.077,100.0,1.0,,0.0,0.0,
2025-09-05T00:24:25.615Z,9,GR86-033-46,3543.0,2.2,33.531795501708984,-86.62091827392578,0.023,0.061,100.0,1.0,3618.0,0.0,0.0,
2025-09-05T00:24:25.658Z,9,GR86-033-46,,2.0,33.531795501708984,-86.62091827392578,0.03,0.071,100.0,1.0,,0.0,0.0,49.23
2025-09-05T00:24:25.702Z,9,GR86-033-46,,2.0,33.53180313110352,-86.62090301513672,0.03,0.073,100.0,1.0,,0.0,0.0,
2025-09-05T00:24:25.745Z,9,GR86-033-46,,2.0,33.53180313110352,-86.62090301513672,0.028,0.062,100.0,1.0,,0.0,0.0,
2025-09-05T00:24:25.788Z,9,GR86-033-46,,2.0,33.53180313110352,-86.62090301513672,0.023,0.068,100.0,1.0,,0.0,0.0,
2025-09-05T00:24:25.832Z,9,GR86-033-46,3548.0,2.0,33.53181076049805,-86.62089538574219,0.018,0.072,100.0,1.0,3643.0,0.0,0.0,
2025-09-05T00:24:25.875Z,9,GR86-033-46,,2.0,33.53181076049805,-86.62089538574219,0.014,0.076,100.0,1.0,,0.0,0.0,49.370000000000005
2025-09-05T00:24:25.918Z,9,GR86-033-46,,2.0,33.53181076049805,-86.62089538574219,0.031,0.059,100.0,1.0,,0.0,0.0,
2025-09-05T00:24:25.961Z,9,GR86-033-46,,1.9,33.531822204589844,-86.62088775634766,0.041,0.085,100.0,1.0,,0.0,0.0,
2025-09-05T00:24:26.004Z,9,GR86-033-46,,1.9,33.531829833984375,-86.6208724975586,0.038,0.075,100.0,1.0,,0.0,0.0,
2025-09-05T00:24:26.048Z,9,GR86-033-46,3551.0,1.9,33.531829833984375,-86.6208724975586,0.041,0.074,100.0,1.0,3646.0,0.0,0.0,
2025-09-05T00:24:26.134Z,9,GR86-033-46,,1.8,33.531829833984375,-86.6208724975586,0.027,0.076,100.0,1.0,,0.0,0.0,49.51
2025-09-05T00:24:26.178Z,9,GR86-033-46,,1.8,33.531837463378906,-86.62086486816406,0.012,0.065,100.0,1.0,,0.0,0.0,
2025-09-05T00:24:26.222Z,9,GR86-033-46,,1.3,33.53184509277344,-86.620849609375,0.025,0.071,100.0,1.0,,0.0,0.0,
2025-09-05T00:24:26.265Z,9,GR86-033-46,3554.0,0.9,33.53184509277344,-86.620849609375,0.029,0.066,100.0,1.0,3668.0,0.0,0.0,
2025-09-05T00:24:26.308Z,9,GR86-033-46,,0.9,33.531856536865234,-86.62084197998047,0.03,0.082,100.0,1.0,,0.0,0.0,49.65
2025-09-05T00:24:26.351Z,9,GR86-033-46,,0.9,33.531856536865234,-86.62084197998047,0.034,0.052,100.0,1.0,,0.0,0.0,
2025-09-05T00:24:26.394Z,9,GR86-033-46,,0.9,33.531856536865234,-86.62084197998047,0.016,0.06,100.0,1.0,,0.0,0.0,
2025-09-05T00:24:26.480Z,9,GR86-033-46,3556.0,0.4,33.531864166259766,-86.62083435058594,0.028,0.068,100.0,1.0,3684.0,0.0,0.0,
2025-09-05T00:24:26.523Z,9,GR86-033-46,,0.4,33.5318717956543,-86.62081909179688,0.033,0.059,100.0,1.0,,0.0,0.0,49.8
2025-09-05T00:24:26.566Z,9,GR86-033-46,,0.4,33.5318717956543,-86.62081909179688,0.028,0.047,100.0,1.0,,0.0,0.0,
2025-09-05T00:24:26.610Z,9,GR86-033-46,,0.4,33.53187942504883,-86.62081146240234,0.023,0.058,100.0,1.0,,0.0,0.0,
2025-09-05T00:24:26.653Z,9,GR86-033-46,,0.4,33.53187942504883,-86.62081146240234,0.015,0.062,100.0,1.0,,0.0,0.0,
2025-09-05T00:24:26.696Z,9,GR86-033-46,3559.0,0.4,33.53187942504883,-86.62081146240234,0.01,0.068,100.0,1.0,3661.0,0.0,0.0,
2025-09-05T00:24:26.739Z,9,GR86-033-46,,0.4,33.53188705444336,-86.62080383300781,0.007,0.052,100.0,1.0,,0.0,0.0,49.92
2025-09-05T00:24:26.782Z,9,GR86-033-46,,0.4,33.53188705444336,-86.62080383300781,0.01,0.061,100.0,1.0,,0.0,0.0,
2025-09-05T00:24:26.825Z,9,GR86-033-46,,0.4,33.53189849853516,-86.62078857421875,0.023,0.079,100.0,1.0,,0.0,0.0,
2025-09-05T00:24:26.868Z,9,GR86-033-46,,0.4,33.53189849853516,-86.62078857421875,0.025,0.066,100.0,1.0,,0.0,0.0,
2025-09-05T00:24:26.911Z,9,GR86-033-46,3562.0,0.4,33.53190612792969,-86.62078094482422,0.013,0.057,100.0,1.0,3671.0,0.0,0.0,
2025-09-05T00:24:26.954Z,9,GR86-033-46,,0.4,33.53190612792969,-86.62078094482422,0.012,0.061,100.0,1.0,,0.0,0.0,50.03
2025-09-05T00:24:26.997Z,9,GR86-033-46,,0.4,33.53190612792969,-86.62078094482422,0.008,0.071,100.0,1.0,,0.0,0.0,
2025-09-05T00:24:27.040Z,9,GR86-033-46,,0.4,33.53191375732422,-86.62076568603516,0.001,0.069,100.0,1.0,,0.0,0.0,
2025-09-05T00:24:27.083Z,9,GR86-033-46,,0.4,33.53191375732422,-86.62076568603516,0.008,0.059,100.0,1.0,,0.0,0.0,
2025-09-05T00:24:27.126Z,9,GR86-033-46,3565.0,0.4,33.53192138671875,-86.62075805664062,0.01,0.056,100.0,1.0,3700.0,0.0,0.0,
2025-09-05T00:24:27.170Z,9,GR86-033-46,,0.4,33.53192138671875,-86.62075805664062,0.01,0.061,100.0,1.0,,0.0,0.0,50.17
2025-09-05T00:24:27.213Z,9,GR86-033-46,,0.3,33.53193283081055,-86.6207504272461,0.013,0.074,100.0,1.0,,0.0,0.0,
2025-09-05T00:24:27.256Z,9,GR86-033-46,,0.3,33.53193283081055,-86.6207504272461,0.007,0.078,100.0,1.0,,0.0,0.0,
2025-09-05T00:24:27.299Z,9,GR86-033-46,,0.3,33.53193283081055,-86.6207504272461,0.002,0.064,100.0,1.0,,0.0,0.0,
2025-09-05T00:24:27.342Z,9,GR86-033-46,3568.0,0.3,33.53194046020508,-86.62073516845703,0.006,0.063,100.0,1.0,3698.0,0.0,0.0,
2025-09-05T00:24:27.385Z,9,GR86-033-46,,0.3,33.53194046020508,-86.62073516845703,0.007,0.081,100.0,1.0,,0.0,0.0,50.27
2025-09-05T00:24:27.428Z,9,GR86-033-46,,0.3,33.53194808959961,-86.6207275390625,0.013,0.072,100.0,1.0,,0.0,0.0,
2025-09-05T00:24:27.471Z,9,GR86-033-46,,0.3,33.53194808959961,-86.6207275390625,0.015,0.064,100.0,1.0,,0.0,0.0,
2025-09-05T00:24:27.514Z,9,GR86-033-46,,0.3,33.53195571899414,-86.62071228027344,0.007,0.064,100.0,1.0,,0.0,0.0,
2025-09-05T00:24:27.557Z,9,GR86-033-46,3570.0,0.3,33.53195571899414,-86.62071228027344,0.017,0.074,100.0,1.0,3696.0,0.0,0.0,
2025-09-05T00:24:27.600Z,9,GR86-033-46,,0.3,33.53196716308594,-86.6207046508789,0.005,0.07,100.0,1.0,,0.0,0.0,50.31
2025-09-05T00:24:27.644Z,9,GR86-033-46,,0.3,33.53196716308594,-86.6207046508789,0.005,0.062,100.0,1.0,,0.0,0.0,
2025-09-05T00:24:27.687Z,9,GR86-033-46,,0.3,33.53196716308594,-86.6207046508789,0.014,0.074,100.0,1.0,,0.0,0.0,
2025-09-05T00:24:27.730Z,9,GR86-033-46,,0.3,33.53197479248047,-86.62069702148438,0.01,0.054,100.0,1.0,,0.0,0.0,
2025-09-05T00:24:27.773Z,9,GR86-033-46,3573.0,0.3,33.53197479248047,-86.62069702148438,0.011,0.074,100.0,1.0,3720.0,0.0,0.0,
2025-09-05T00:24:27.816Z,9,GR86-033-46,,0.3,33.531982421875,-86.62068176269531,0.007,0.064,100.0,1.0,,0.0,0.0,50.36
2025-09-05T00:24:27.860Z,9,GR86-033-46,,0.7000000000000001,33.531982421875,-86.62068176269531,-0.02,0.073,100.0,1.0,,0.0,0.0,
2025-09-05T00:24:27.903Z,9,GR86-033-46,,1.2000000000000002,33.53199005126953,-86.62067413330078,-0.023,0.07,100.0,1.0,,0.0,0.0,
2025-09-05T00:24:27.946Z,9,GR86-033-46,,1.2000000000000002,33.53199005126953,-86.62067413330078,-0.027,0.08,100.0,1.0,,0.0,0.0,
2025-09-05T00:24:27.989Z,9,GR86-033-46,3576.0,1.2000000000000002,33.53199005126953,-86.62067413330078,-0.026,0.061,100.0,1.0,3712.0,0.0,0.0,
2025-09-05T00:24:28.032Z,9,GR86-033-46,,1.2000000000000002,33.53200149536133,-86.62065887451172,-0.027,0.073,100.0,1.0,,0.0,0.0,50.4
2025-09-05T00:24:28.075Z,9,GR86-033-46,,1.2000000000000002,33.53200149536133,-86.62065887451172,-0.021,0.066,100.0,1.0,,0.0,0.0,
2025-09-05T00:24:28.118Z,9,GR86-033-46,,1.2000000000000002,33.53200912475586,-86.62065124511719,-0.021,0.089,100.0,1.0,,0.0,0.0,
2025-09-05T00:24:28.161Z,9,GR86-033-46,,1.3,33.53200912475586,-86.62065124511719,-0.03,0.053,100.0,1.0,,0.0,0.0,
2025-09-05T00:24:28.204Z,9,GR86-033-46,3579.0,1.4,33.53201675415039,-86.62064361572266,-0.026,0.065,100.0,1.0,3676.0,0.0,0.0,
2025-09-05T00:24:28.248Z,9,GR86-033-46,,1.4,33.53201675415039,-86.62064361572266,-0.021,0.07,100.0,1.0,,0.0,0.0,50.370000000000005
2025-09-05T00:24:28.291Z,9,GR86-033-46,,1.3,33.53201675415039,-86.62064361572266,-0.028,0.079,100.0,1.0,,0.0,0.0,
2025-09-05T00:24:28.334Z,9,GR86-033-46,,1.4,33.53202438354492,-86.6206283569336,-0.027,0.071,100.0,1.0,,0.0,0.0,
2025-09-05T00:24:28.377Z,9,GR86-033-46,,1.4,33.53202438354492,-86.6206283569336,-0.027,0.057,100.0,1.0,,0.0,0.0,
2025-09-05T00:24:28.422Z,9,GR86-033-46,3584.0,1.4,33.53203582763672,-86.62062072753906,-0.02,0.084,100.0,1.0,3669.0,0.0,0.0,
2025-09-05T00:24:28.465Z,9,GR86-033-46,,1.4,33.53203582763672,-86.62062072753906,-0.023,0.071,100.0,1.0,,0.0,0.0,50.19
2025-09-05T00:24:28.508Z,9,GR86-033-46,,1.4,33.53204345703125,-86.62060546875,-0.026,0.059,100.0,1.0,,0.0,0.0,
2025-09-05T00:24:28.552Z,9,GR86-033-46,,1.4,33.53204345703125,-86.62060546875,-0.023,0.072,100.0,1.0,,0.0,0.0,
2025-09-05T00:24:28.595Z,9,GR86-033-46,,1.3,33.53204345703125,-86.62060546875,-0.023,0.077,100.0,1.0,,0.0,0.0,
2025-09-05T00:24:28.638Z,9,GR86-033-46,3587.0,1.3,33.53205108642578,-86.62059783935547,-0.023,0.081,100.0,1.0,3663.0,0.0,0.0,
2025-09-05T00:24:28.682Z,9,GR86-033-46,,1.3,33.53205108642578,-86.62059783935547,-0.018,0.062,100.0,1.0,,0.0,0.0,49.98
2025-09-05T00:24:28.725Z,9,GR86-033-46,,1.3,33.53205871582031,-86.62059020996094,-0.028,0.08,100.0,1.0,,0.0,0.0,
2025-09-05T00:24:28.768Z,9,GR86-033-46,,1.3,33.53205871582031,-86.62059020996094,-0.015,0.073,100.0,1.0,,0.0,0.0,
2025-09-05T00:24:28.811Z,9,GR86-033-46,,1.3,33.532066345214844,-86.62057495117188,0.011,0.072,100.0,1.0,,0.0,0.0,
2025-09-05T00:24:28.854Z,9,GR86-033-46,3590.0,1.3,33.532066345214844,-86.62057495117188,0.019,0.073,100.0,1.0,3662.0,0.0,0.0,
2025-09-05T00:24:28.897Z,9,GR86-033-46,,1.3,33.532066345214844,-86.62057495117188,0.004,0.08,100.0,1.0,,0.0,0.0,49.75
2025-09-05T00:24:28.940Z,9,GR86-033-46,,1.3,33.53207778930664,-86.62056732177734,-0.02,0.074,100.0,1.0,,0.0,0.0,
2025-09-05T00:24:28.985Z,9,GR86-033-46,,1.3,33.53207778930664,-86.62056732177734,-0.021,0.076,100.0,1.0,,0.0,0.0,
2025-09-05T00:24:29.028Z,9,GR86-033-46,,1.3,33.53208541870117,-86.62055969238281,-0.022,0.079,100.0,1.0,,0.0,0.0,
2025-09-05T00:24:29.071Z,9,GR86-033-46,3593.0,1.3,33.53208541870117,-86.62055969238281,-0.02,0.083,100.0,1.0,3671.0,0.0,0.0,
2025-09-05T00:24:29.114Z,9,GR86-033-46,,1.3,33.5320930480957,-86.62054443359375,-0.016,0.076,100.0,1.0,,0.0,0.0,49.56
2025-09-05T00:24:29.157Z,9,GR86-033-46,,1.4,33.5320930480957,-86.62054443359375,0.01,0.089,100.0,1.0,,0.0,0.0,
2025-09-05T00:24:29.200Z,9,GR86-033-46,,1.4,33.532100677490234,-86.62053680419922,0.016,0.08,100.0,1.0,,0.0,0.0,
2025-09-05T00:24:29.244Z,9,GR86-033-46,,1.4,33.532100677490234,-86.62053680419922,0.009,0.077,100.0,1.0,,0.0,0.0,
2025-09-05T00:24:29.287Z,9,GR86-033-46,3595.0,1.4,33.532100677490234,-86.62053680419922,-0.001,0.078,100.0,1.0,3623.0,0.0,0.0,
2025-09-05T00:24:29.330Z,9,GR86-033-46,,1.4,33.532108306884766,-86.62052154541016,-0.009,0.084,100.0,1.0,,0.0,0.0,49.48
2025-09-05T00:24:29.373Z,9,GR86-033-46,,1.4,33.532108306884766,-86.62052154541016,-0.012,0.073,100.0,1.0,,0.0,0.0,
2025-09-05T00:24:29.416Z,9,GR86-033-46,,1.4,33.53211975097656,-86.62051391601562,-0.002,0.069,100.0,1.0,,0.0,0.0,
2025-09-05T00:24:29.459Z,9,GR86-033-46,,1.4,33.53211975097656,-86.62051391601562,0.012,0.077,100.0,1.0,,0.0,0.0,
2025-09-05T00:24:29.502Z,9,GR86-033-46,3598.0,1.4,33.532127380371094,-86.6205062866211,-0.001,0.073,100.0,1.0,3627.0,0.0,0.0,
2025-09-05T00:24:29.545Z,9,GR86-033-46,,1.4,33.532127380371094,-86.6205062866211,-0.003,0.068,100.0,1.0,,0.0,0.0,49.35
2025-09-05T00:24:29.588Z,9,GR86-033-46,,1.4,33.532127380371094,-86.6205062866211,0.006,0.08,100.0,1.0,,0.0,0.0,
2025-09-05T00:24:29.631Z,9,GR86-033-46,,1.4,33.532135009765625,-86.62049102783203,0.009,0.077,100.0,1.0,,0.0,0.0,
2025-09-05T00:24:29.674Z,9,GR86-033-46,,1.4,33.532135009765625,-86.62049102783203,0.015,0.072,100.0,1.0,,0.0,0.0,
2025-09-05T00:24:29.717Z,9,GR86-033-46,3601.0,1.4,33.53214263916016,-86.6204833984375,0.013,0.076,100.0,1.0,3631.0,0.0,0.0,
2025-09-05T00:24:29.760Z,9,GR86-033-46,,1.4,33.53214263916016,-86.6204833984375,0.003,0.068,100.0,1.0,,0.0,0.0,49.29
2025-09-05T00:24:29.804Z,9,GR86-033-46,,1.4,33.53215026855469,-86.62047576904297,0.001,0.075,100.0,1.0,,0.0,0.0,
2025-09-05T00:24:29.848Z,9,GR86-033-46,,1.4,33.53215026855469,-86.62047576904297,-0.004,0.063,100.0,1.0,,0.0,0.0,
2025-09-05T00:24:29.891Z,9,GR86-033-46,,1.4,33.53215026855469,-86.62047576904297,0.008,0.075,100.0,1.0,,0.0,0.0,
2025-09-05T00:24:29.934Z,9,GR86-033-46,3604.0,1.4,33.532161712646484,-86.6204605102539,0.018,0.061,100.0,1.0,3637.0,0.0,0.0,
2025-09-05T00:24:29.977Z,9,GR86-033-46,,1.4,33.532161712646484,-86.6204605102539,0.014,0.066,100.0,1.0,,0.0,0.0,49.26
2025-09-05T00:24:30.022Z,9,GR86-033-46,,1.4,33.532169342041016,-86.62045288085938,0.009,0.064,100.0,1.0,,0.0,0.0,
2025-09-05T00:24:30.065Z,9,GR86-033-46,,1.4,33.532169342041016,-86.62045288085938,0.005,0.073,100.0,1.0,,0.0,0.0,
2025-09-05T00:24:30.108Z,9,GR86-033-46,,1.3,33.53217697143555,-86.62043762207031,0.001,0.058,100.0,1.0,,0.0,0.0,
2025-09-05T00:24:30.151Z,9,GR86-033-46,3606.0,1.3,33.53217697143555,-86.62043762207031,0.007,0.074,100.0,1.0,3624.0,0.0,0.0,
2025-09-05T00:24:30.194Z,9,GR86-033-46,,1.3,33.53217697143555,-86.62043762207031,0.019,0.075,100.0,1.0,,0.0,0.0,49.25
2025-09-05T00:24:30.237Z,9,GR86-033-46,,1.4,33.53218460083008,-86.62042999267578,0.01,0.079,100.0,1.0,,0.0,0.0,
2025-09-05T00:24:30.280Z,9,GR86-033-46,,1.4,33.53218460083008,-86.62042999267578,0.006,0.038,100.0,1.0,,0.0,0.0,
2025-09-05T00:24:30.323Z,9,GR86-033-46,,1.4,33.53219223022461,-86.62042236328125,0.008,0.077,100.0,1.0,,0.0,0.0,
2025-09-05T00:24:30.367Z,9,GR86-033-46,3609.0,1.4,33.53219223022461,-86.62042236328125,0.014,0.066,100.0,1.0,3620.0,0.0,0.0,
2025-09-05T00:24:30.410Z,9,GR86-033-46,,1.4,33.532203674316406,-86.62040710449219,0.009,0.087,100.0,1.0,,0.0,0.0,49.26
2025-09-05T00:24:30.453Z,9,GR86-033-46,,1.4,33.532203674316406,-86.62040710449219,0.019,0.045,100.0,1.0,,0.0,0.0,
2025-09-05T00:24:30.496Z,9,GR86-033-46,,1.4,33.532203674316406,-86.62040710449219,0.011,0.065,100.0,1.0,,0.0,0.0,
2025-09-05T00:24:30.540Z,9,GR86-033-46,,1.4,33.53221130371094,-86.62039947509766,0.003,0.069,100.0,1.0,,0.0,0.0,
2025-09-05T00:24:30.583Z,9,GR86-033-46,3612.0,1.5,33.53221130371094,-86.62039947509766,0.005,0.069,100.0,1.0,3617.0,0.0,0.0,
2025-09-05T00:24:30.626Z,9,GR86-033-46,,1.5,33.53221893310547,-86.62039184570312,0.014,0.073,100.0,1.0,,0.0,0.0,49.25
2025-09-05T00:24:30.669Z,9,GR86-033-46,,1.5,33.53221893310547,-86.62039184570312,0.009,0.073,100.0,1.0,,0.0,0.0,
2025-09-05T00:24:30.712Z,9,GR86-033-46,,1.5,33.5322265625,-86.62037658691406,0.004,0.057,100.0,1.0,,0.0,0.0,
2025-09-05T00:24:30.755Z,9,GR86-033-46,,1.6,33.5322265625,-86.62037658691406,0.006,0.051,100.0,1.0,,0.0,0.0,
2025-09-05T00:24:30.799Z,9,GR86-033-46,3614.0,1.6,33.5322265625,-86.62037658691406,0.011,0.071,100.0,1.0,3618.0,0.0,0.0,
2025-09-05T00:24:30.842Z,9,GR86-033-46,,1.6,33.53223419189453,-86.62036895751953,0.015,0.078,100.0,1.0,,0.0,0.0,49.29
2025-09-05T00:24:30.885Z,9,GR86-033-46,,1.7000000000000002,33.53223419189453,-86.62036895751953,0.016,0.056,100.0,1.0,,0.0,0.0,
2025-09-05T00:24:30.928Z,9,GR86-033-46,,1.8,33.53224563598633,-86.62035369873047,0.015,0.073,100.0,1.0,,0.0,0.0,
2025-09-05T00:24:30.971Z,9,GR86-033-46,,1.8,33.53224563598633,-86.62035369873047,0.014,0.07,100.0,1.0,,0.0,0.0,
2025-09-05T00:24:31.015Z,9,GR86-033-46,3617.0,1.9,33.53225326538086,-86.62034606933594,0.0,0.081,100.0,1.0,3625.0,0.0,0.0,
2025-09-05T00:24:31.058Z,9,GR86-033-46,,2.0,33.53225326538086,-86.62034606933594,0.007,0.069,100.0,1.0,,0.0,0.0,49.31
2025-09-05T00:24:31.102Z,9,GR86-033-46,,2.0,33.53226089477539,-86.6203384399414,0.012,0.071,100.0,1.0,,0.0,0.0,
2025-09-05T00:24:31.145Z,9,GR86-033-46,,2.0,33.53226089477539,-86.6203384399414,0.02,0.071,100.0,1.0,,0.0,0.0,
2025-09-05T00:24:31.188Z,9,GR86-033-46,,2.0,33.53226089477539,-86.6203384399414,0.022,0.072,100.0,1.0,,0.0,0.0,
2025-09-05T00:24:31.232Z,9,GR86-033-46,3623.0,2.0,33.53226852416992,-86.62032318115234,0.024,0.077,100.0,1.0,3615.0,0.0,0.0,
2025-09-05T00:24:31.275Z,9,GR86-033-46,,2.2,33.53226852416992,-86.62032318115234,0.014,0.069,100.0,1.0,,0.0,0.0,49.34
2025-09-05T00:24:31.319Z,9,GR86-033-46,,2.3000000000000003,33.53227615356445,-86.62031555175781,0.008,0.06,100.0,1.0,,0.0,0.0,
2025-09-05T00:24:31.362Z,9,GR86-033-46,,2.3000000000000003,33.53227615356445,-86.62031555175781,0.015,0.079,100.0,1.0,,0.0,0.0,
2025-09-05T00:24:31.448Z,9,GR86-033-46,3625.0,2.3000000000000003,33.53228759765625,-86.62030792236328,0.016,0.08,100.0,1.0,3626.0,0.0,0.0,
2025-09-05T00:24:31.491Z,9,GR86-033-46,,2.3000000000000003,33.53228759765625,-86.62030792236328,0.021,0.058,100.0,1.0,,0.0,0.0,49.4
2025-09-05T00:24:31.534Z,9,GR86-033-46,,2.3000000000000003,33.53229522705078,-86.62029266357422,0.014,0.063,100.0,1.0,,0.0,0.0,
2025-09-05T00:24:31.578Z,9,GR86-033-46,,2.3000000000000003,33.53229522705078,-86.62029266357422,0.017,0.07,100.0,1.0,,0.0,0.0,
2025-09-05T00:24:31.622Z,9,GR86-033-46,,2.3000000000000003,33.53230285644531,-86.62028503417969,0.02,0.067,100.0,1.0,,0.0,0.0,
2025-09-05T00:24:31.665Z,9,GR86-033-46,3628.0,2.3000000000000003,33.53230285644531,-86.62028503417969,0.024,0.077,100.0,1.0,3642.0,0.0,0.0,
2025-09-05T00:24:31.708Z,9,GR86-033-46,,2.3000000000000003,33.532310485839844,-86.62026977539062,0.019,0.068,100.0,1.0,,0.0,0.0,49.45
2025-09-05T00:24:31.751Z,9,GR86-033-46,,2.3000000000000003,33.532310485839844,-86.62026977539062,0.02,0.075,100.0,1.0,,0.0,0.0,
2025-09-05T00:24:31.794Z,9,GR86-033-46,,2.3000000000000003,33.532310485839844,-86.62026977539062,0.019,0.067,100.0,1.0,,0.0,0.0,
2025-09-05T00:24:31.837Z,9,GR86-033-46,,2.3000000000000003,33.532318115234375,-86.6202621459961,0.018,0.083,100.0,1.0,,0.0,0.0,
2025-09-05T00:24:31.880Z,9,GR86-033-46,3631.0,2.3000000000000003,33.532318115234375,-86.6202621459961,0.006,0.067,100.0,1.0,3646.0,0.0,0.0,
2025-09-05T00:24:31.923Z,9,GR86-033-46,,2.3000000000000003,33.53232955932617,-86.62025451660156,0.018,0.067,100.0,1.0,,0.0,0.0,49.51
2025-09-05T00:24:31.966Z,9,GR86-033-46,,2.3000000000000003,33.53232955932617,-86.62025451660156,0.022,0.077,100.0,1.0,,0.0,0.0,
2025-09-05T00:24:32.053Z,9,GR86-033-46,,2.3000000000000003,33.5323371887207,-86.6202392578125,0.021,0.068,100.0,1.0,,0.0,0.0,
2025-09-05T00:24:32.096Z,9,GR86-033-46,3634.0,2.3000000000000003,33.5323371887207,-86.6202392578125,0.019,0.062,100.0,1.0,3641.0,0.0,0.0,
2025-09-05T00:24:32.139Z,9,GR86-033-46,,2.3000000000000003,33.532344818115234,-86.62023162841797,0.018,0.082,100.0,1.0,,0.0,0.0,49.57
2025-09-05T00:24:32.182Z,9,GR86-033-46,,2.3000000000000003,33.532344818115234,-86.62023162841797,0.016,0.067,100.0,1.0,,0.0,0.0,
2025-09-05T00:24:32.268Z,9,GR86-033-46,,2.3000000000000003,33.532352447509766,-86.62022399902344,0.023,0.061,100.0,1.0,,0.0,0.0,
2025-09-05T00:24:32.311Z,9,GR86-033-46,3636.0,2.3000000000000003,33.53236389160156,-86.62020874023438,0.015,0.075,100.0,1.0,3660.0,0.0,0.0,
2025-09-05T00:24:32.354Z,9,GR86-033-46,,2.3000000000000003,33.53236389160156,-86.62020874023438,0.017,0.072,100.0,1.0,,0.0,0.0,49.69
2025-09-05T00:24:32.397Z,9,GR86-033-46,,2.3000000000000003,33.53236389160156,-86.62020874023438,0.018,0.07,100.0,1.0,,0.0,0.0,
2025-09-05T00:24:32.440Z,9,GR86-033-46,,2.3000000000000003,33.532371520996094,-86.62020111083984,0.024,0.063,100.0,1.0,,0.0,0.0,
2025-09-05T00:24:32.483Z,9,GR86-033-46,,2.3000000000000003,33.532371520996094,-86.62020111083984,0.02,0.062,100.0,1.0,,0.0,0.0,
2025-09-05T00:24:32.526Z,9,GR86-033-46,3639.0,2.3000000000000003,33.532379150390625,-86.62018585205078,0.019,0.072,100.0,1.0,3672.0,0.0,0.0,
2025-09-05T00:24:32.570Z,9,GR86-033-46,,2.3000000000000003,33.532379150390625,-86.62018585205078,0.017,0.082,100.0,1.0,,0.0,0.0,49.79
2025-09-05T00:24:32.613Z,9,GR86-033-46,,2.3000000000000003,33.53238677978516,-86.62017822265625,0.019,0.085,100.0,1.0,,0.0,0.0,
2025-09-05T00:24:32.656Z,9,GR86-033-46,,2.4000000000000004,33.53238677978516,-86.62017822265625,0.021,0.059,100.0,1.0,,0.0,0.0,
2025-09-05T00:24:32.699Z,9,GR86-033-46,,2.5,33.53238677978516,-86.62017822265625,0.013,0.084,100.0,1.0,,0.0,0.0,
2025-09-05T00:24:32.742Z,9,GR86-033-46,3642.0,2.5,33.53239822387695,-86.62017059326172,0.01,0.081,100.0,1.0,3684.0,0.0,0.0,
2025-09-05T00:24:32.785Z,9,GR86-033-46,,2.5,33.53239822387695,-86.62017059326172,0.018,0.075,100.0,1.0,,0.0,0.0,49.89
2025-09-05T00:24:32.828Z,9,GR86-033-46,,2.5,33.532405853271484,-86.62015533447266,0.016,0.077,100.0,1.0,,0.0,0.0,
2025-09-05T00:24:32.871Z,9,GR86-033-46,,2.5,33.532405853271484,-86.62015533447266,0.026,0.081,100.0,1.0,,0.0,0.0,
2025-09-05T00:24:32.914Z,9,GR86-033-46,,2.6,33.532405853271484,-86.62015533447266,0.019,0.081,100.0,1.0,,0.0,0.0,
2025-09-05T00:24:32.957Z,9,GR86-033-46,3645.0,2.6,33.532413482666016,-86.62014770507812,0.012,0.067,100.0,1.0,3687.0,0.0,0.0,
2025-09-05T00:24:33.000Z,9,GR86-033-46,,2.6,33.53242111206055,-86.6201400756836,0.003,0.083,100.0,1.0,,0.0,0.0,50.0
2025-09-05T00:24:33.044Z,9,GR86-033-46,,2.6,33.53242111206055,-86.6201400756836,-0.004,0.072,100.0,1.0,,0.0,0.0,
2025-09-05T00:24:33.087Z,9,GR86-033-46,,2.6,33.53242111206055,-86.6201400756836,-0.001,0.063,100.0,1.0,,0.0,0.0,
2025-09-05T00:24:33.130Z,9,GR86-033-46,,2.5,33.532432556152344,-86.62012481689453,0.012,0.076,100.0,1.0,,0.0,0.0,
2025-09-05T00:24:33.173Z,9,GR86-033-46,3648.0,2.5,33.532432556152344,-86.62012481689453,0.017,0.083,100.0,1.0,3683.0,0.0,0.0,
2025-09-05T00:24:33.216Z,9,GR86-033-46,,2.5,33.532440185546875,-86.6201171875,0.006,0.077,100.0,1.0,,0.0,0.0,50.1
2025-09-05T00:24:33.259Z,9,GR86-033-46,,2.5,33.532440185546875,-86.6201171875,0.012,0.061,100.0,1.0,,0.0,0.0,
2025-09-05T00:24:33.345Z,9,GR86-033-46,,2.3000000000000003,33.532447814941406,-86.62010192871094,-0.009,0.088,100.0,1.0,,0.0,0.0,
2025-09-05T00:24:33.431Z,9,GR86-033-46,3650.0,2.3000000000000003,33.532447814941406,-86.62010192871094,-0.004,0.07,100.0,1.0,3675.0,0.0,0.0,50.23
2025-09-05T00:24:33.474Z,9,GR86-033-46,,2.3000000000000003,33.53245544433594,-86.6200942993164,0.014,0.089,100.0,1.0,,0.0,0.0,
2025-09-05T00:24:33.518Z,9,GR86-033-46,,2.4000000000000004,33.532466888427734,-86.62008666992188,0.013,0.086,100.0,1.0,,0.0,0.0,
2025-09-05T00:24:33.561Z,9,GR86-033-46,,2.4000000000000004,33.532466888427734,-86.62008666992188,0.012,0.073,100.0,1.0,,0.0,0.0,
2025-09-05T00:24:33.604Z,9,GR86-033-46,3653.0,2.4000000000000004,33.532474517822266,-86.62007141113281,0.0,0.06,100.0,1.0,3695.0,0.0,0.0,
2025-09-05T00:24:33.647Z,9,GR86-033-46,,2.4000000000000004,33.532474517822266,-86.62007141113281,0.0,0.083,100.0,1.0,,0.0,0.0,50.28
2025-09-05T00:24:33.690Z,9,GR86-033-46,,2.4000000000000004,33.532474517822266,-86.62007141113281,-0.002,0.086,100.0,1.0,,0.0,0.0,
2025-09-05T00:24:33.733Z,9,GR86-033-46,,2.4000000000000004,33.5324821472168,-86.62006378173828,0.007,0.087,100.0,1.0,,0.0,0.0,
2025-09-05T00:24:33.776Z,9,GR86-033-46,,2.3000000000000003,33.5324821472168,-86.62006378173828,0.005,0.07,100.0,1.0,,0.0,0.0,
2025-09-05T00:24:33.819Z,9,GR86-033-46,3656.0,2.2,33.53248977661133,-86.62004852294922,0.01,0.067,100.0,1.0,3703.0,0.0,0.0,
2025-09-05T00:24:33.905Z,9,GR86-033-46,,2.2,33.532501220703125,-86.62004089355469,0.002,0.084,100.0,1.0,,0.0,0.0,50.29
2025-09-05T00:24:33.948Z,9,GR86-033-46,,2.2,33.532501220703125,-86.62004089355469,-0.002,0.083,100.0,1.0,,0.0,0.0,
2025-09-05T00:24:33.991Z,9,GR86-033-46,,2.2,33.532501220703125,-86.62004089355469,-0.006,0.081,100.0,1.0,,0.0,0.0,
2025-09-05T00:24:34.034Z,9,GR86-033-46,3662.0,2.2,33.532508850097656,-86.62003326416016,-0.009,0.084,100.0,1.0,3710.0,0.0,0.0,
2025-09-05T00:24:34.077Z,9,GR86-033-46,,2.2,33.532508850097656,-86.62003326416016,-0.002,0.077,100.0,1.0,,0.0,0.0,50.29
2025-09-05T00:24:34.122Z,9,GR86-033-46,,2.3000000000000003,33.53251647949219,-86.6200180053711,0.027,0.086,100.0,1.0,,0.0,0.0,
2025-09-05T00:24:34.165Z,9,GR86-033-46,,2.3000000000000003,33.53251647949219,-86.6200180053711,0.023,0.086,100.0,1.0,,0.0,0.0,
2025-09-05T00:24:34.208Z,9,GR86-033-46,,2.3000000000000003,33.532527923583984,-86.62001037597656,0.01,0.09,100.0,1.0,,0.0,0.0,
2025-09-05T00:24:34.251Z,9,GR86-033-46,3664.0,2.3000000000000003,33.532527923583984,-86.62001037597656,0.002,0.08,100.0,1.0,3687.0,0.0,0.0,
2025-09-05T00:24:34.295Z,9,GR86-033-46,,2.3000000000000003,33.532527923583984,-86.62001037597656,-0.014,0.09,100.0,1.0,,0.0,0.0,50.3
2025-09-05T00:24:34.338Z,9,GR86-033-46,,2.3000000000000003,33.53253555297852,-86.62000274658203,-0.021,0.081,100.0,1.0,,0.0,0.0,
2025-09-05T00:24:34.382Z,9,GR86-033-46,,2.3000000000000003,33.53253555297852,-86.62000274658203,-0.021,0.084,100.0,1.0,,0.0,0.0,
2025-09-05T00:24:34.425Z,9,GR86-033-46,,2.3000000000000003,33.53254318237305,-86.61998748779297,-0.017,0.089,100.0,1.0,,0.0,0.0,
2025-09-05T00:24:34.468Z,9,GR86-033-46,3667.0,2.3000000000000003,33.53254318237305,-86.61998748779297,-0.024,0.082,100.0,1.0,3679.0,0.0,0.0,
2025-09-05T00:24:34.511Z,9,GR86-033-46,,2.3000000000000003,33.53255081176758,-86.61997985839844,-0.019,0.08,100.0,1.0,,0.0,0.0,50.28
2025-09-05T00:24:34.554Z,9,GR86-033-46,,2.3000000000000003,33.53255081176758,-86.61997985839844,-0.024,0.08,100.0,1.0,,0.0,0.0,
2025-09-05T00:24:34.597Z,9,GR86-033-46,,2.3000000000000003,33.53255081176758,-86.61997985839844,-0.024,0.085,100.0,1.0,,0.0,0.0,
2025-09-05T00:24:34.641Z,9,GR86-033-46,,2.3000000000000003,33.532562255859375,-86.61996459960938,-0.023,0.079,100.0,1.0,,0.0,0.0,
2025-09-05T00:24:34.685Z,9,GR86-033-46,3670.0,2.3000000000000003,33.532562255859375,-86.61996459960938,-0.028,0.071,100.0,1.0,3673.0,0.0,0.0,
2025-09-05T00:24:34.728Z,9,GR86-033-46,,2.3000000000000003,33.532569885253906,-86.61995697021484,-0.024,0.096,100.0,1.0,,0.0,0.0,50.3
2025-09-05T00:24:34.771Z,9,GR86-033-46,,2.3000000000000003,33.532569885253906,-86.61995697021484,-0.024,0.095,100.0,1.0,,0.0,0.0,
2025-09-05T00:24:34.814Z,9,GR86-033-46,,2.3000000000000003,33.53257751464844,-86.61994934082031,-0.028,0.076,100.0,1.0,,0.0,0.0,
2025-09-05T00:24:34.857Z,9,GR86-033-46,,2.3000000000000003,33.53257751464844,-86.61994934082031,-0.022,0.075,100.0,1.0,,0.0,0.0,
2025-09-05T00:24:34.900Z,9,GR86-033-46,3673.0,2.3000000000000003,33.53258514404297,-86.61993408203125,-0.021,0.083,100.0,1.0,3661.0,0.0,0.0,
2025-09-05T00:24:34.943Z,9,GR86-033-46,,2.3000000000000003,33.53258514404297,-86.61993408203125,-0.024,0.1,100.0,1.0,,0.0,0.0,50.13
2025-09-05T00:24:34.986Z,9,GR86-033-46,,2.3000000000000003,33.53258514404297,-86.61993408203125,-0.02,0.079,100.0,1.0,,0.0,0.0,
2025-09-05T00:24:35.029Z,9,GR86-033-46,,2.3000000000000003,33.532596588134766,-86.61992645263672,-0.003,0.083,100.0,1.0,,0.0,0.0,
2025-09-05T00:24:35.072Z,9,GR86-033-46,,2.3000000000000003,33.532596588134766,-86.61992645263672,0.019,0.078,100.0,1.0,,0.0,0.0,
2025-09-05T00:24:35.115Z,9,GR86-033-46,3675.0,2.3000000000000003,33.5326042175293,-86.61991882324219,0.009,0.09,100.0,1.0,3677.0,0.0,0.0,
2025-09-05T00:24:35.158Z,9,GR86-033-46,,2.3000000000000003,33.5326042175293,-86.61991882324219,-0.003,0.083,100.0,1.0,,0.0,0.0,49.91
2025-09-05T00:24:35.201Z,9,GR86-033-46,,2.0,33.53261184692383,-86.61990356445312,-0.021,0.082,100.0,1.0,,0.0,0.0,
2025-09-05T00:24:35.244Z,9,GR86-033-46,,1.9,33.53261184692383,-86.61990356445312,-0.021,0.086,100.0,1.0,,0.0,0.0,
2025-09-05T00:24:35.287Z,9,GR86-033-46,,1.5,33.53261184692383,-86.61990356445312,-0.015,0.085,100.0,1.0,,0.0,0.0,
2025-09-05T00:24:35.330Z,9,GR86-033-46,3678.0,1.2000000000000002,33.53261947631836,-86.6198959350586,-0.001,0.079,100.0,1.0,3683.0,0.0,0.0,
2025-09-05T00:24:35.373Z,9,GR86-033-46,,0.6000000000000001,33.53261947631836,-86.6198959350586,0.014,0.08,100.0,1.0,,0.0,0.0,49.72
2025-09-05T00:24:35.416Z,9,GR86-033-46,,-1.1,33.53263092041016,-86.61988830566406,0.016,0.06,100.0,1.0,,0.0,0.0,
2025-09-05T00:24:35.459Z,9,GR86-033-46,,-3.0,33.53263092041016,-86.61988830566406,0.016,0.062,100.0,1.0,,0.0,0.0,
2025-09-05T00:24:35.502Z,9,GR86-033-46,,-4.3,33.53263854980469,-86.619873046875,-0.006,0.039,100.0,1.0,,0.0,0.0,
2025-09-05T00:24:35.545Z,9,GR86-033-46,3681.0,-4.3,33.53263854980469,-86.619873046875,-0.014,0.036,100.0,1.0,3632.0,0.0,0.0,
2025-09-05T00:24:35.588Z,9,GR86-033-46,,-4.3,33.53263854980469,-86.619873046875,-0.007,0.025,100.0,1.0,,0.0,0.0,49.59
2025-09-05T00:24:35.631Z,9,GR86-033-46,,-4.2,33.53264617919922,-86.61986541748047,-0.004,0.04,100.0,1.0,,0.0,0.0,
2025-09-05T00:24:35.674Z,9,GR86-033-46,,-4.0,33.53264617919922,-86.61986541748047,-0.006,0.026,100.0,1.0,,0.0,0.0,
2025-09-05T00:24:35.717Z,9,GR86-033-46,,-4.0,33.53265380859375,-86.6198501586914,0.01,0.03,100.0,1.0,,0.0,0.0,
2025-09-05T00:24:35.760Z,9,GR86-033-46,3684.0,-4.0,33.53265380859375,-86.6198501586914,0.021,0.04,100.0,1.0,3639.0,0.0,0.0,
2025-09-05T00:24:35.804Z,9,GR86-033-46,,-4.0,33.53266525268555,-86.61984252929688,0.016,0.043,100.0,1.0,,0.0,0.0,49.5
2025-09-05T00:24:35.848Z,9,GR86-033-46,,-3.7,33.53266525268555,-86.61984252929688,0.007,0.026,100.0,1.0,,0.0,0.0,
2025-09-05T00:24:35.891Z,9,GR86-033-46,,-3.1,33.53266525268555,-86.61984252929688,0.007,0.035,100.0,1.0,,0.0,0.0,
2025-09-05T00:24:35.934Z,9,GR86-033-46,,-3.0,33.53267288208008,-86.61983489990234,0.002,0.034,100.0,1.0,,0.0,0.0,
2025-09-05T00:24:35.977Z,9,GR86-033-46,3686.0,-2.9000000000000004,33.53267288208008,-86.61983489990234,0.005,0.038,100.0,1.0,3641.0,0.0,0.0,
2025-09-05T00:24:36.022Z,9,GR86-033-46,,-2.8000000000000003,33.53268051147461,-86.61981964111328,0.008,0.034,100.0,1.0,,0.0,0.0,49.38
2025-09-05T00:24:36.065Z,9,GR86-033-46,,-2.8000000000000003,33.53268051147461,-86.61981964111328,0.008,0.042,100.0,1.0,,0.0,0.0,
2025-09-05T00:24:36.108Z,9,GR86-033-46,,-2.8000000000000003,33.53268814086914,-86.61981201171875,0.012,0.034,100.0,1.0,,0.0,0.0,
2025-09-05T00:24:36.151Z,9,GR86-033-46,,-2.8000000000000003,33.53268814086914,-86.61981201171875,0.01,0.034,100.0,1.0,,0.0,0.0,
2025-09-05T00:24:36.194Z,9,GR86-033-46,3689.0,-2.8000000000000003,33.53268814086914,-86.61981201171875,0.022,0.045,100.0,1.0,3632.0,0.0,0.0,
2025-09-05T00:24:36.237Z,9,GR86-033-46,,-2.8000000000000003,33.53269958496094,-86.61980438232422,0.013,0.044,100.0,1.0,,0.0,0.0,49.44
2025-09-05T00:24:36.280Z,9,GR86-033-46,,-2.6,33.53269958496094,-86.61980438232422,0.005,0.019,100.0,1.0,,0.0,0.0,
2025-09-05T00:24:36.323Z,9,GR86-033-46,,-2.6,33.53270721435547,-86.61978912353516,0.007,0.043,100.0,1.0,,0.0,0.0,
2025-09-05T00:24:36.367Z,9,GR86-033-46,,-2.6,33.53270721435547,-86.61978912353516,0.011,0.051,100.0,1.0,,0.0,0.0,
2025-09-05T00:24:36.410Z,9,GR86-033-46,3692.0,-2.6,33.53271484375,-86.61978149414062,0.01,0.046,100.0,1.0,3642.0,0.0,0.0,
2025-09-05T00:24:36.453Z,9,GR86-033-46,,-2.6,33.53271484375,-86.61978149414062,0.015,0.022,100.0,1.0,,0.0,0.0,49.45
2025-09-05T00:24:36.496Z,9,GR86-033-46,,-2.6,33.53271484375,-86.61978149414062,0.009,0.033,100.0,1.0,,0.0,0.0,
2025-09-05T00:24:36.539Z,9,GR86-033-46,,-2.6,33.53272247314453,-86.61976623535156,0.014,0.042,100.0,1.0,,0.0,0.0,
2025-09-05T00:24:36.582Z,9,GR86-033-46,,-2.6,33.53272247314453,-86.61976623535156,0.003,0.052,100.0,1.0,,0.0,0.0,
2025-09-05T00:24:36.625Z,9,GR86-033-46,3697.0,-2.6,33.53273010253906,-86.61975860595703,0.01,0.057,100.0,1.0,3634.0,0.0,0.0,
2025-09-05T00:24:36.668Z,9,GR86-033-46,,-2.4000000000000004,33.53273010253906,-86.61975860595703,0.009,0.049,100.0,1.0,,0.0,0.0,49.49
2025-09-05T00:24:36.711Z,9,GR86-033-46,,-1.9,33.53274154663086,-86.6197509765625,0.004,0.033,100.0,1.0,,0.0,0.0,
2025-09-05T00:24:36.754Z,9,GR86-033-46,,-1.5,33.53274154663086,-86.6197509765625,0.009,0.034,100.0,1.0,,0.0,0.0,
