timestamp,lap,vehicle_id,lapdist_dls,steering_angle,latitude,longitude,accx_can,accy_can,ath,gear,nmot,pbrake_f,pbrake_r,speed
2025-09-05T20:04:43.333Z,27,GR86-047-21,,0.6000000000000001,33.53260040283203,-86.61963653564453,0.097,-0.002,100.0,4.0,,0.0,0.0,169.27
2025-09-05T20:04:43.376Z,27,GR86-047-21,,0.6000000000000001,33.53263092041016,-86.61959838867188,0.111,-0.023,100.0,4.0,,0.0,0.0,
2025-09-05T20:04:43.419Z,27,GR86-047-21,,0.6000000000000001,33.53263092041016,-86.61959838867188,0.085,-0.02,100.0,4.0,,0.0,0.0,
2025-09-05T20:04:43.462Z,27,GR86-047-21,,0.6000000000000001,33.532657623291016,-86.61956024169922,0.155,-0.056,100.0,4.0,,0.0,0.0,
2025-09-05T20:04:43.506Z,27,GR86-047-21,4.0,0.6000000000000001,33.532657623291016,-86.61956024169922,0.156,-0.018,100.0,4.0,6702.0,0.0,0.0,
2025-09-05T20:04:43.549Z,27,GR86-047-21,,0.6000000000000001,33.53268814086914,-86.61952209472656,0.132,-0.008,100.0,4.0,,0.0,0.0,170.1
2025-09-05T20:04:43.593Z,27,GR86-047-21,,1.5,33.53268814086914,-86.61952209472656,0.14,-0.016,100.0,4.0,,0.0,0.0,
2025-09-05T20:04:43.637Z,27,GR86-047-21,,3.6,33.53268814086914,-86.61952209472656,0.121,0.023,100.0,4.0,,0.0,0.0,
2025-09-05T20:04:43.680Z,27,GR86-047-21,,6.0,33.532718658447266,-86.6194839477539,0.123,0.031,100.0,4.0,,0.0,0.0,
2025-09-05T20:04:43.724Z,27,GR86-047-21,14.0,8.9,33.532718658447266,-86.6194839477539,0.15,0.129,100.0,4.0,6738.0,0.0,0.0,
2025-09-05T20:04:43.767Z,27,GR86-047-21,,9.7,33.532745361328125,-86.61945343017578,0.138,0.174,100.0,4.0,,0.0,0.0,171.01
2025-09-05T20:04:43.810Z,27,GR86-047-21,,9.8,33.532745361328125,-86.61945343017578,0.158,0.226,100.0,4.0,,0.0,0.0,
2025-09-05T20:04:43.853Z,27,GR86-047-21,,9.7,33.53277587890625,-86.61941528320312,0.154,0.256,100.0,4.0,,0.0,0.0,
2025-09-05T20:04:43.896Z,27,GR86-047-21,,9.7,33.53277587890625,-86.61941528320312,0.144,0.29,100.0,4.0,,0.0,0.0,
2025-09-05T20:04:43.939Z,27,GR86-047-21,23.0,9.7,33.53277587890625,-86.61941528320312,0.122,0.309,100.0,4.0,6770.0,0.0,0.0,
2025-09-05T20:04:43.982Z,27,GR86-047-21,,8.1,33.532806396484375,-86.61937713623047,0.122,0.335,100.0,4.0,,0.0,0.0,171.96
2025-09-05T20:04:44.025Z,27,GR86-047-21,,6.7,33.532806396484375,-86.61937713623047,0.128,0.331,100.0,4.0,,0.0,0.0,
2025-09-05T20:04:44.068Z,27,GR86-047-21,,5.7,33.5328369140625,-86.61933898925781,0.148,0.289,100.0,4.0,,0.0,0.0,
2025-09-05T20:04:44.111Z,27,GR86-047-21,,5.1000000000000005,33.5328369140625,-86.61933898925781,0.12,0.215,100.0,4.0,,0.0,0.0,
2025-09-05T20:04:44.154Z,27,GR86-047-21,33.0,4.3,33.532867431640625,-86.61930084228516,0.145,0.185,100.0,4.0,6807.0,0.0,0.0,
2025-09-05T20:04:44.197Z,27,GR86-047-21,,3.4000000000000004,33.532867431640625,-86.61930084228516,0.135,0.126,100.0,4.0,,0.0,0.0,172.96
2025-09-05T20:04:44.240Z,27,GR86-047-21,,2.2,33.532867431640625,-86.61930084228516,0.153,0.075,100.0,4.0,,0.0,0.0,
2025-09-05T20:04:44.283Z,27,GR86-047-21,,0.2,33.53289794921875,-86.61927032470703,0.093,-0.023,100.0,4.0,,0.0,0.0,
2025-09-05T20:04:44.327Z,27,GR86-047-21,,-1.2000000000000002,33.53289794921875,-86.61927032470703,0.068,-0.056,100.0,4.0,,0.0,0.0,
2025-09-05T20:04:44.370Z,27,GR86-047-21,43.0,-2.3000000000000003,33.532928466796875,-86.61923217773438,0.074,-0.115,100.0,4.0,6837.0,0.0,0.0,
2025-09-05T20:04:44.414Z,27,GR86-047-21,,-2.8000000000000003,33.532928466796875,-86.61923217773438,0.089,-0.162,100.0,4.0,,0.0,0.0,174.64
2025-09-05T20:04:44.458Z,27,GR86-047-21,,-3.1,33.532958984375,-86.61919403076172,0.094,-0.197,100.0,4.0,,0.0,0.0,
2025-09-05T20:04:44.501Z,27,GR86-047-21,,-3.3000000000000003,33.532958984375,-86.61919403076172,0.098,-0.218,100.0,4.0,,0.0,0.0,
2025-09-05T20:04:44.544Z,27,GR86-047-21,,-3.3000000000000003,33.532989501953125,-86.61915588378906,0.094,-0.265,100.0,4.0,,0.0,0.0,
2025-09-05T20:04:44.587Z,27,GR86-047-21,52.0,-3.4000000000000004,33.532989501953125,-86.61915588378906,0.077,-0.286,100.0,4.0,6871.0,0.0,0.0,
2025-09-05T20:04:44.631Z,27,GR86-047-21,,-3.4000000000000004,33.532989501953125,-86.61915588378906,0.094,-0.292,100.0,4.0,,0.0,0.0,175.44
2025-09-05T20:04:44.674Z,27,GR86-047-21,,-3.4000000000000004,33.53302001953125,-86.6191177368164,0.075,-0.294,100.0,4.0,,0.0,0.0,
2025-09-05T20:04:44.717Z,27,GR86-047-21,,-3.4000000000000004,33.53302001953125,-86.6191177368164,0.059,-0.306,100.0,4.0,,0.0,0.0,
2025-09-05T20:04:44.761Z,27,GR86-047-21,,-1.3,33.533050537109375,-86.61907958984375,0.083,-0.285,100.0,4.0,,0.0,0.0,
2025-09-05T20:04:44.804Z,27,GR86-047-21,72.0,1.0,33.533050537109375,-86.61907958984375,0.13,-0.233,100.0,4.0,6928.0,0.0,0.0,
2025-09-05T20:04:44.847Z,27,GR86-047-21,,1.1,33.5330810546875,-86.61904907226562,0.124,-0.187,100.0,4.0,,0.0,0.0,176.13
2025-09-05T20:04:44.890Z,27,GR86-047-21,,1.1,33.5330810546875,-86.61904907226562,0.124,-0.121,100.0,4.0,,0.0,0.0,
2025-09-05T20:04:44.933Z,27,GR86-047-21,,1.1,33.5330810546875,-86.61904907226562,0.112,-0.089,100.0,4.0,,0.0,0.0,
2025-09-05T20:04:44.976Z,27,GR86-047-21,,1.0,33.533111572265625,-86.61901092529297,0.123,-0.055,100.0,4.0,,0.0,0.0,
2025-09-05T20:04:45.019Z,27,GR86-047-21,82.0,1.0,33.533111572265625,-86.61901092529297,0.111,-0.036,100.0,4.0,6966.0,0.0,0.0,
2025-09-05T20:04:45.062Z,27,GR86-047-21,,1.0,33.53314208984375,-86.61897277832031,0.098,0.011,100.0,4.0,,0.0,0.0,176.91
2025-09-05T20:04:45.105Z,27,GR86-047-21,,1.0,33.53314208984375,-86.61897277832031,0.099,0.004,90.47,4.0,,0.0,0.0,
2025-09-05T20:04:45.148Z,27,GR86-047-21,,1.0,33.533172607421875,-86.61893463134766,0.082,-0.006,76.76,4.0,,0.0,0.0,
2025-09-05T20:04:45.191Z,27,GR86-047-21,,1.0,33.533172607421875,-86.61893463134766,0.105,-0.01,67.39,4.0,,0.0,0.0,
2025-09-05T20:04:45.234Z,27,GR86-047-21,91.0,1.0,33.533172607421875,-86.61893463134766,0.115,-0.007,66.65,4.0,7004.0,0.0,0.0,
2025-09-05T20:04:45.277Z,27,GR86-047-21,,1.0,33.533203125,-86.618896484375,0.098,-0.017,64.11,4.0,,1.83,1.89,177.66
2025-09-05T20:04:45.320Z,27,GR86-047-21,,1.0,33.533203125,-86.618896484375,0.048,-0.02,54.5,4.0,,2.795,2.76,
2025-09-05T20:04:45.364Z,27,GR86-047-21,,1.0,33.533233642578125,-86.61885833740234,0.03,-0.012,38.07,4.0,,3.815,3.875,
2025-09-05T20:04:45.407Z,27,GR86-047-21,,1.0,33.533233642578125,-86.61885833740234,0.007,-0.005,28.29,4.0,,7.05,7.17,
2025-09-05T20:04:45.451Z,27,GR86-047-21,101.0,1.0,33.53326416015625,-86.61882019042969,-0.061,0.01,12.49,4.0,6996.0,14.48,14.545,
2025-09-05T20:04:45.494Z,27,GR86-047-21,,1.0,33.53326416015625,-86.61882019042969,-0.216,0.02,0.64,4.0,,26.905,26.905,178.45000000000002
2025-09-05T20:04:45.537Z,27,GR86-047-21,,1.0,33.53326416015625,-86.61882019042969,-0.456,0.028,0.5700000000000001,4.0,,41.25,41.05,
2025-09-05T20:04:45.580Z,27,GR86-047-21,,1.0,33.533294677734375,-86.6187744140625,-0.85,0.028,0.75,4.0,,54.89,54.675,
2025-09-05T20:04:45.624Z,27,GR86-047-21,,1.0,33.533294677734375,-86.6187744140625,-1.065,0.027,1.38,4.0,,80.16,81.03,
2025-09-05T20:04:45.667Z,27,GR86-047-21,111.0,1.8,33.5333251953125,-86.61873626708984,-1.154,-0.009,0.61,4.0,6610.0,93.21,94.965,
2025-09-05T20:04:45.710Z,27,GR86-047-21,,2.9000000000000004,33.5333251953125,-86.61873626708984,-1.271,0.015,0.58,4.0,,99.68,100.275,177.39
2025-09-05T20:04:45.754Z,27,GR86-047-21,,3.0,33.533355712890625,-86.61873626708984,-1.32,0.046,0.66,4.0,,105.25,106.955,
2025-09-05T20:04:45.797Z,27,GR86-047-21,,3.0,33.533355712890625,-86.61870574951172,-1.214,0.044,0.54,4.0,,103.34,105.935,
2025-09-05T20:04:45.840Z,27,GR86-047-21,,4.0,33.533355712890625,-86.61870574951172,-1.219,0.114,0.65,4.0,,100.395,101.115,
2025-09-05T20:04:45.883Z,27,GR86-047-21,121.0,8.200000000000001,33.533382415771484,-86.61866760253906,-1.319,0.093,0.68,4.0,6041.0,102.045,104.53,
2025-09-05T20:04:45.927Z,27,GR86-047-21,,10.1,33.533382415771484,-86.61866760253906,-1.212,0.182,0.6,4.0,,97.22,98.685,166.76
2025-09-05T20:04:45.970Z,27,GR86-047-21,,11.3,33.53341293334961,-86.6186294555664,-1.224,0.185,0.7000000000000001,4.0,,93.955,95.205,
2025-09-05T20:04:46.014Z,27,GR86-047-21,,12.0,33.53341293334961,-86.6186294555664,-1.367,0.257,0.67,4.0,,94.825,96.395,
2025-09-05T20:04:46.057Z,27,GR86-047-21,,13.2,33.53343963623047,-86.61859893798828,-1.164,0.274,0.55,4.0,,94.87,96.67,
2025-09-05T20:04:46.100Z,27,GR86-047-21,129.0,15.1,33.53343963623047,-86.61859893798828,-1.177,0.24,0.6900000000000001,4.0,5939.0,87.21000000000001,89.12,
2025-09-05T20:04:46.143Z,27,GR86-047-21,,15.5,33.53346633911133,-86.61856079101562,-1.281,0.287,0.8300000000000001,3.0,,83.84,85.565,157.81
2025-09-05T20:04:46.187Z,27,GR86-047-21,,15.6,33.53346633911133,-86.61856079101562,-1.075,0.356,0.8,3.0,,80.16,82.235,
2025-09-05T20:04:46.231Z,27,GR86-047-21,,16.8,33.53346633911133,-86.61856079101562,-1.014,0.397,0.88,3.0,,66.275,67.58500000000001,
2025-09-05T20:04:46.274Z,27,GR86-047-21,,18.6,33.53349304199219,-86.6185302734375,-1.066,0.368,0.72,3.0,,56.935,57.715,
2025-09-05T20:04:46.317Z,27,GR86-047-21,138.0,20.6,33.53349304199219,-86.6185302734375,-0.914,0.495,0.76,3.0,6691.0,53.24,53.745000000000005,
2025-09-05T20:04:46.361Z,27,GR86-047-21,,21.700000000000003,33.53351974487305,-86.61849975585938,-0.847,0.546,0.72,3.0,,45.84,46.71,151.99
2025-09-05T20:04:46.404Z,27,GR86-047-21,,21.700000000000003,33.53351974487305,-86.61849975585938,-0.8150000000000001,0.546,0.72,3.0,,31.085,32.715,
2025-09-05T20:04:46.447Z,27,GR86-047-21,,21.6,33.533546447753906,-86.61846923828125,-0.722,0.6880000000000001,0.68,3.0,,25.055,26.355,
2025-09-05T20:04:46.533Z,27,GR86-047-21,146.0,20.8,33.533546447753906,-86.61846923828125,-0.618,0.613,0.68,3.0,6504.0,21.775,22.995,
2025-09-05T20:04:46.576Z,27,GR86-047-21,,12.3,33.5335693359375,-86.61843872070312,-0.589,0.723,0.7000000000000001,3.0,,13.245,14.27,146.74
2025-09-05T20:04:46.619Z,27,GR86-047-21,,11.6,33.5335693359375,-86.61843872070312,-0.426,0.7000000000000001,0.67,3.0,,9.185,9.995,
2025-09-05T20:04:46.662Z,27,GR86-047-21,,11.6,33.53359603881836,-86.618408203125,-0.395,0.794,0.67,3.0,,6.18,6.96,
2025-09-05T20:04:46.707Z,27,GR86-047-21,,11.6,33.53359603881836,-86.618408203125,-0.297,0.777,0.6900000000000001,3.0,,3.465,4.09,
2025-09-05T20:04:46.751Z,27,GR86-047-21,154.0,14.9,33.53362274169922,-86.6183853149414,-0.248,0.777,0.64,3.0,6293.0,0.0,0.0,
2025-09-05T20:04:46.794Z,27,GR86-047-21,,20.8,33.53362274169922,-86.6183853149414,-0.231,0.8260000000000001,0.86,3.0,,0.0,0.0,143.23
2025-09-05T20:04:46.837Z,27,GR86-047-21,,29.700000000000003,33.53362274169922,-86.6183853149414,-0.196,0.841,0.9,3.0,,0.0,0.0,
2025-09-05T20:04:46.880Z,27,GR86-047-21,,39.2,33.53364944458008,-86.61835479736328,-0.146,0.8290000000000001,1.29,3.0,,0.0,0.0,
2025-09-05T20:04:46.923Z,27,GR86-047-21,,47.7,33.53364944458008,-86.61835479736328,-0.139,0.863,0.99,3.0,,0.0,0.0,
2025-09-05T20:04:46.967Z,27,GR86-047-21,162.0,48.2,33.53367614746094,-86.61833190917969,-0.137,0.836,2.35,3.0,6300.0,0.0,0.0,
2025-09-05T20:04:47.010Z,27,GR86-047-21,,48.1,33.53367614746094,-86.61833190917969,-0.206,0.937,6.6000000000000005,3.0,,0.0,0.0,138.3
2025-09-05T20:04:47.053Z,27,GR86-047-21,,47.1,33.5337028503418,-86.61830139160156,-0.217,1.003,10.14,3.0,,0.0,0.0,
2025-09-05T20:04:47.096Z,27,GR86-047-21,,43.8,33.5337028503418,-86.61830139160156,-0.191,1.085,14.4,3.0,,0.0,0.0,
2025-09-05T20:04:47.139Z,27,GR86-047-21,,38.7,33.5337028503418,-86.61830139160156,-0.158,1.065,17.72,3.0,,0.0,0.0,
2025-09-05T20:04:47.182Z,27,GR86-047-21,169.0,29.200000000000003,33.533729553222656,-86.61827850341797,-0.064,0.953,28.95,3.0,6263.0,0.0,0.0,
2025-09-05T20:04:47.225Z,27,GR86-047-21,,25.3,33.533729553222656,-86.61827850341797,-0.096,0.903,33.79,3.0,,0.0,0.0,137.26
2025-09-05T20:04:47.268Z,27,GR86-047-21,,23.0,33.53375625610352,-86.61825561523438,-0.097,0.912,36.17,3.0,,0.0,0.0,
2025-09-05T20:04:47.311Z,27,GR86-047-21,,21.5,33.53375625610352,-86.61825561523438,-0.011,1.019,32.65,3.0,,0.0,0.0,
2025-09-05T20:04:47.354Z,27,GR86-047-21,,17.900000000000002,33.533782958984375,-86.61823272705078,0.157,1.084,33.410000000000004,3.0,,0.0,0.0,
2025-09-05T20:04:47.397Z,27,GR86-047-21,177.0,9.3,33.533782958984375,-86.61823272705078,0.125,1.072,32.79,3.0,6298.0,0.0,0.0,
2025-09-05T20:04:47.440Z,27,GR86-047-21,,-4.3,33.533782958984375,-86.61823272705078,0.09,1.006,33.0,3.0,,0.0,0.0,136.85
2025-09-05T20:04:47.483Z,27,GR86-047-21,,-24.8,33.5338134765625,-86.61820983886719,0.104,0.878,29.89,3.0,,0.0,0.0,
2025-09-05T20:04:47.526Z,27,GR86-047-21,,-28.8,33.5338134765625,-86.61820983886719,0.091,0.84,31.26,3.0,,0.0,0.0,
2025-09-05T20:04:47.569Z,27,GR86-047-21,,-24.3,33.53384017944336,-86.6181869506836,0.11,0.847,30.03,3.0,,0.0,0.0,
2025-09-05T20:04:47.614Z,27,GR86-047-21,192.0,-5.300000000000001,33.53384017944336,-86.6181869506836,0.148,0.965,29.84,3.0,6529.0,0.0,0.0,
2025-09-05T20:04:47.700Z,27,GR86-047-21,,17.5,33.533870697021484,-86.61817169189453,0.138,1.082,28.31,3.0,,0.0,0.0,137.8
2025-09-05T20:04:47.744Z,27,GR86-047-21,,65.8,33.53390121459961,-86.61814880371094,0.047,1.191,25.98,3.0,,0.0,0.0,
2025-09-05T20:04:47.787Z,27,GR86-047-21,,75.60000000000001,33.53390121459961,-86.61814880371094,0.055,1.256,24.91,3.0,,0.0,0.0,
2025-09-05T20:04:47.831Z,27,GR86-047-21,200.0,80.5,33.53390121459961,-86.61814880371094,0.075,1.178,23.8,3.0,6517.0,0.0,0.0,
2025-09-05T20:04:47.874Z,27,GR86-047-21,,81.2,33.533931732177734,-86.61813354492188,0.052,1.23,23.82,3.0,,0.0,0.0,137.33
2025-09-05T20:04:47.917Z,27,GR86-047-21,,81.2,33.533931732177734,-86.61813354492188,0.034,1.203,25.47,3.0,,0.0,0.0,
2025-09-05T20:04:47.960Z,27,GR86-047-21,,81.2,33.53396224975586,-86.61811065673828,-0.013,1.248,25.06,3.0,,0.0,0.0,
2025-09-05T20:04:48.004Z,27,GR86-047-21,,81.2,33.53396224975586,-86.61811065673828,0.016,1.297,22.79,3.0,,0.0,0.0,
2025-09-05T20:04:48.047Z,27,GR86-047-21,208.0,81.2,33.533992767333984,-86.61809539794922,0.041,1.246,22.32,3.0,6491.0,0.0,0.0,
2025-09-05T20:04:48.090Z,27,GR86-047-21,,81.2,33.533992767333984,-86.61809539794922,0.0,1.359,25.33,3.0,,0.0,0.0,137.12
2025-09-05T20:04:48.133Z,27,GR86-047-21,,81.2,33.533992767333984,-86.61809539794922,0.006,1.424,26.38,3.0,,0.0,0.0,
2025-09-05T20:04:48.176Z,27,GR86-047-21,,81.2,33.53402328491211,-86.61808013916016,-0.021,1.544,26.05,3.0,,0.0,0.0,
2025-09-05T20:04:48.219Z,27,GR86-047-21,,81.2,33.53402328491211,-86.61808013916016,-0.012,1.61,28.41,3.0,,0.0,0.0,
2025-09-05T20:04:48.262Z,27,GR86-047-21,215.0,81.2,33.5340576171875,-86.6180648803711,0.005,1.613,40.53,3.0,6512.0,0.0,0.0,
2025-09-05T20:04:48.306Z,27,GR86-047-21,,81.30000000000001,33.5340576171875,-86.6180648803711,-0.009,1.632,52.95,3.0,,0.0,0.0,139.3
2025-09-05T20:04:48.349Z,27,GR86-047-21,,81.30000000000001,33.53409194946289,-86.61805725097656,0.031,1.607,73.33,3.0,,0.0,0.0,
2025-09-05T20:04:48.393Z,27,GR86-047-21,,81.30000000000001,33.53409194946289,-86.61805725097656,0.054,1.602,84.38,3.0,,0.0,0.0,
2025-09-05T20:04:48.437Z,27,GR86-047-21,,81.30000000000001,33.53409194946289,-86.61805725097656,0.069,1.546,92.01,3.0,,0.0,0.0,
2025-09-05T20:04:48.480Z,27,GR86-047-21,223.0,81.30000000000001,33.534122467041016,-86.61804962158203,0.081,1.652,94.74,3.0,6550.0,0.0,0.0,
2025-09-05T20:04:48.524Z,27,GR86-047-21,,81.30000000000001,33.534122467041016,-86.61804962158203,0.13,1.621,93.57,3.0,,0.0,0.0,140.43
2025-09-05T20:04:48.567Z,27,GR86-047-21,,81.30000000000001,33.534156799316406,-86.61803436279297,0.134,1.72,93.78,3.0,,0.0,0.0,
2025-09-05T20:04:48.610Z,27,GR86-047-21,,81.30000000000001,33.534156799316406,-86.61803436279297,0.133,1.663,93.63,3.0,,0.0,0.0,
2025-09-05T20:04:48.653Z,27,GR86-047-21,,81.30000000000001,33.5341911315918,-86.61803436279297,0.138,1.501,100.0,3.0,,0.0,0.0,
2025-09-05T20:04:48.696Z,27,GR86-047-21,231.0,81.30000000000001,33.5341911315918,-86.61803436279297,0.163,1.537,100.0,3.0,6577.0,0.0,0.0,
2025-09-05T20:04:48.739Z,27,GR86-047-21,,81.30000000000001,33.5341911315918,-86.61803436279297,0.108,1.513,100.0,3.0,,0.0,0.0,140.22
2025-09-05T20:04:48.782Z,27,GR86-047-21,,80.10000000000001,33.53422546386719,-86.61802673339844,0.126,1.462,100.0,3.0,,0.0,0.0,
2025-09-05T20:04:48.826Z,27,GR86-047-21,,78.5,33.53422546386719,-86.61802673339844,0.155,1.448,100.0,3.0,,0.0,0.0,
2025-09-05T20:04:48.869Z,27,GR86-047-21,,75.3,33.53425979614258,-86.61802673339844,0.157,1.328,100.0,3.0,,0.0,0.0,
2025-09-05T20:04:48.914Z,27,GR86-047-21,239.0,70.9,33.53425979614258,-86.61802673339844,0.188,1.266,100.0,3.0,6633.0,0.0,0.0,
2025-09-05T20:04:48.958Z,27,GR86-047-21,,66.3,33.53429412841797,-86.6180191040039,0.154,1.295,100.0,3.0,,0.0,0.0,140.46
2025-09-05T20:04:49.004Z,27,GR86-047-21,,62.400000000000006,33.53429412841797,-86.6180191040039,0.181,1.163,100.0,3.0,,0.0,0.0,
2025-09-05T20:04:49.047Z,27,GR86-047-21,,61.7,33.534332275390625,-86.6180191040039,0.151,1.155,100.0,3.0,,0.0,0.0,
2025-09-05T20:04:49.090Z,27,GR86-047-21,,60.3,33.534332275390625,-86.6180191040039,0.162,1.098,100.0,3.0,,0.0,0.0,
2025-09-05T20:04:49.134Z,27,GR86-047-21,246.0,56.7,33.534332275390625,-86.6180191040039,0.171,1.114,100.0,3.0,6668.0,0.0,0.0,
2025-09-05T20:04:49.177Z,27,GR86-047-21,,50.3,33.534366607666016,-86.6180191040039,0.15,1.201,100.0,3.0,,0.0,0.0,140.8
2025-09-05T20:04:49.220Z,27,GR86-047-21,,42.3,33.534366607666016,-86.6180191040039,0.121,1.228,100.0,3.0,,0.0,0.0,
2025-09-05T20:04:49.263Z,27,GR86-047-21,,31.4,33.534400939941406,-86.61802673339844,0.228,1.41,100.0,3.0,,0.0,0.0,
2025-09-05T20:04:49.307Z,27,GR86-047-21,,27.5,33.534400939941406,-86.61802673339844,0.195,1.391,100.0,3.0,,0.0,0.0,
2025-09-05T20:04:49.351Z,27,GR86-047-21,254.0,25.1,33.5344352722168,-86.61802673339844,0.204,1.486,100.0,3.0,6781.0,0.0,0.0,
2025-09-05T20:04:49.395Z,27,GR86-047-21,,21.0,33.5344352722168,-86.61802673339844,0.244,1.45,100.0,3.0,,0.0,0.0,141.20000000000002
2025-09-05T20:04:49.438Z,27,GR86-047-21,,16.2,33.5344352722168,-86.61802673339844,0.204,1.333,100.0,3.0,,0.0,0.0,
2025-09-05T20:04:49.481Z,27,GR86-047-21,,14.4,33.53446960449219,-86.61803436279297,0.187,1.224,100.0,3.0,,0.0,0.0,
2025-09-05T20:04:49.525Z,27,GR86-047-21,,15.1,33.53446960449219,-86.61803436279297,0.213,1.197,100.0,3.0,,0.0,0.0,
2025-09-05T20:04:49.568Z,27,GR86-047-21,262.0,18.3,33.53450393676758,-86.61803436279297,0.164,1.307,100.0,3.0,6781.0,0.0,0.0,
2025-09-05T20:04:49.611Z,27,GR86-047-21,,19.4,33.53450393676758,-86.61803436279297,0.198,1.32,100.0,3.0,,0.0,0.0,142.3
2025-09-05T20:04:49.654Z,27,GR86-047-21,,18.9,33.53450393676758,-86.61803436279297,0.21,1.418,100.0,3.0,,0.0,0.0,
2025-09-05T20:04:49.697Z,27,GR86-047-21,,16.7,33.53453826904297,-86.6180419921875,0.234,1.373,100.0,3.0,,0.0,0.0,
2025-09-05T20:04:49.740Z,27,GR86-047-21,,9.9,33.53453826904297,-86.6180419921875,0.203,1.448,100.0,3.0,,0.0,0.0,
2025-09-05T20:04:49.783Z,27,GR86-047-21,270.0,6.800000000000001,33.53457260131836,-86.61805725097656,0.252,1.413,100.0,3.0,6855.0,0.0,0.0,
2025-09-05T20:04:49.827Z,27,GR86-047-21,,10.3,33.53457260131836,-86.61805725097656,0.289,1.364,100.0,3.0,,0.0,0.0,142.70000000000002
2025-09-05T20:04:49.870Z,27,GR86-047-21,,19.4,33.53460693359375,-86.6180648803711,0.155,1.398,100.0,3.0,,0.0,0.0,
2025-09-05T20:04:49.914Z,27,GR86-047-21,,30.0,33.53460693359375,-86.6180648803711,0.248,1.264,100.0,3.0,,0.0,0.0,
2025-09-05T20:04:49.957Z,27,GR86-047-21,,39.3,33.53464126586914,-86.61808013916016,0.182,1.277,100.0,3.0,,0.0,0.0,
2025-09-05T20:04:50.000Z,27,GR86-047-21,278.0,47.3,33.53464126586914,-86.61808013916016,0.203,1.224,100.0,3.0,6822.0,0.0,0.0,
2025-09-05T20:04:50.043Z,27,GR86-047-21,,47.7,33.53467559814453,-86.61808776855469,0.225,1.089,100.0,3.0,,0.0,0.0,143.6
2025-09-05T20:04:50.087Z,27,GR86-047-21,,45.0,33.53467559814453,-86.61808776855469,0.189,1.071,100.0,3.0,,0.0,0.0,
2025-09-05T20:04:50.130Z,27,GR86-047-21,,34.7,33.53467559814453,-86.61808776855469,0.176,0.982,100.0,3.0,,0.0,0.0,
2025-09-05T20:04:50.174Z,27,GR86-047-21,,23.9,33.53470993041992,-86.61810302734375,0.16,0.872,100.0,3.0,,0.0,0.0,
2025-09-05T20:04:50.217Z,27,GR86-047-21,294.0,14.7,33.53470993041992,-86.61810302734375,0.168,0.85,100.0,3.0,6768.0,0.0,0.0,
2025-09-05T20:04:50.261Z,27,GR86-047-21,,6.7,33.53474426269531,-86.61811828613281,0.171,0.765,100.0,3.0,,0.0,0.0,144.12
2025-09-05T20:04:50.304Z,27,GR86-047-21,,-4.7,33.53474426269531,-86.61811828613281,0.203,0.542,100.0,3.0,,0.0,0.0,
2025-09-05T20:04:50.347Z,27,GR86-047-21,,-13.1,33.53474426269531,-86.61811828613281,0.198,0.356,100.0,3.0,,0.0,0.0,
2025-09-05T20:04:50.390Z,27,GR86-047-21,,-17.900000000000002,33.53477478027344,-86.61813354492188,0.208,0.097,100.0,3.0,,0.0,0.0,
2025-09-05T20:04:50.434Z,27,GR86-047-21,302.0,-24.5,33.53477478027344,-86.61813354492188,0.188,-0.185,100.0,3.0,6781.0,0.0,0.0,
2025-09-05T20:04:50.477Z,27,GR86-047-21,,-31.200000000000003,33.53480911254883,-86.61815643310547,0.145,-0.393,100.0,3.0,,0.0,0.0,145.11
2025-09-05T20:04:50.520Z,27,GR86-047-21,,-35.800000000000004,33.53480911254883,-86.61815643310547,0.132,-0.592,100.0,3.0,,0.0,0.0,
2025-09-05T20:04:50.564Z,27,GR86-047-21,,-37.2,33.53483963012695,-86.61817169189453,0.123,-0.805,86.02,3.0,,0.0,0.0,
2025-09-05T20:04:50.607Z,27,GR86-047-21,,-37.2,33.53483963012695,-86.61817169189453,0.153,-0.862,73.46000000000001,3.0,,0.0,0.0,
2025-09-05T20:04:50.651Z,27,GR86-047-21,310.0,-34.7,33.534873962402344,-86.6181869506836,0.142,-0.939,53.05,3.0,6851.0,0.0,0.0,
2025-09-05T20:04:50.696Z,27,GR86-047-21,,-30.5,33.534873962402344,-86.6181869506836,0.167,-0.983,37.9,3.0,,3.005,3.13,145.51
2025-09-05T20:04:50.739Z,27,GR86-047-21,,-26.200000000000003,33.534873962402344,-86.6181869506836,0.11,-1.025,25.39,3.0,,5.995,6.2700000000000005,
2025-09-05T20:04:50.782Z,27,GR86-047-21,,-20.8,33.534908294677734,-86.61820220947266,-0.006,-1.029,6.78,3.0,,19.015,19.15,
2025-09-05T20:04:50.825Z,27,GR86-047-21,,-18.3,33.534908294677734,-86.61820220947266,-0.226,-0.958,6.2,3.0,,30.46,30.245,
2025-09-05T20:04:50.868Z,27,GR86-047-21,318.0,-17.6,33.534942626953125,-86.61821746826172,-0.5,-0.833,0.65,3.0,6804.0,42.36,42.12,
2025-09-05T20:04:50.911Z,27,GR86-047-21,,-14.7,33.534942626953125,-86.61821746826172,-0.8290000000000001,-0.684,1.16,3.0,,56.4,55.945,145.71
2025-09-05T20:04:50.954Z,27,GR86-047-21,,-12.3,33.53497695922852,-86.61823272705078,-0.965,-0.52,1.72,3.0,,70.9,70.12,
2025-09-05T20:04:50.997Z,27,GR86-047-21,,-12.2,33.53497695922852,-86.61823272705078,-1.08,-0.537,0.58,3.0,,82.495,82.83,
2025-09-05T20:04:51.040Z,27,GR86-047-21,,-13.7,33.53497695922852,-86.61823272705078,-1.014,-0.426,0.54,3.0,,86.555,87.395,
2025-09-05T20:04:51.083Z,27,GR86-047-21,326.0,-15.9,33.53500747680664,-86.61824798583984,-0.981,-0.583,0.9,3.0,6225.0,85.15,86.34,
2025-09-05T20:04:51.127Z,27,GR86-047-21,,-17.900000000000002,33.53500747680664,-86.61824798583984,-1.221,-0.506,0.91,3.0,,86.4,87.24,143.53
2025-09-05T20:04:51.173Z,27,GR86-047-21,,-22.200000000000003,33.53504180908203,-86.61825561523438,-1.099,-0.653,0.75,3.0,,88.555,90.14,
2025-09-05T20:04:51.216Z,27,GR86-047-21,,-25.6,33.53504180908203,-86.61825561523438,-1.147,-0.592,0.75,3.0,,85.595,86.58500000000001,
2025-09-05T20:04:51.259Z,27,GR86-047-21,,-26.0,33.53507232666016,-86.61827087402344,-1.18,-0.589,0.77,3.0,,87.33500000000001,88.31,
2025-09-05T20:04:51.304Z,27,GR86-047-21,334.0,-26.0,33.53507232666016,-86.61827087402344,-1.163,-0.605,0.6900000000000001,3.0,5748.0,89.09,90.615,
2025-09-05T20:04:51.347Z,27,GR86-047-21,,-24.5,33.53510284423828,-86.61827850341797,-1.098,-0.5640000000000001,0.71,3.0,,82.62,84.145,133.51
2025-09-05T20:04:51.390Z,27,GR86-047-21,,-20.8,33.53510284423828,-86.61827850341797,-1.031,-0.546,0.59,3.0,,70.865,72.73,
2025-09-05T20:04:51.434Z,27,GR86-047-21,,-17.6,33.53510284423828,-86.61827850341797,-1.057,-0.585,0.61,2.0,,60.615,62.4,
2025-09-05T20:04:51.477Z,27,GR86-047-21,,-16.400000000000002,33.535133361816406,-86.6182861328125,-1.002,-0.448,0.59,2.0,,50.71,52.28,
2025-09-05T20:04:51.521Z,27,GR86-047-21,341.0,-16.400000000000002,33.535133361816406,-86.6182861328125,-0.838,-0.562,0.6,2.0,5433.0,39.495,40.715,
2025-09-05T20:04:51.564Z,27,GR86-047-21,,-16.400000000000002,33.53516387939453,-86.61829376220703,-1.081,-0.603,1.46,2.0,,27.805,29.025,124.67
2025-09-05T20:04:51.607Z,27,GR86-047-21,,-16.8,33.53516387939453,-86.61829376220703,-0.802,-0.523,0.55,2.0,,28.72,29.925,
2025-09-05T20:04:51.651Z,27,GR86-047-21,,-19.6,33.53519058227539,-86.61830139160156,-0.714,-0.797,0.72,2.0,,29.27,30.015,
2025-09-05T20:04:51.694Z,27,GR86-047-21,,-20.3,33.53519058227539,-86.61830139160156,-0.849,-0.8270000000000001,0.66,2.0,,27.255,27.925,
2025-09-05T20:04:51.737Z,27,GR86-047-21,347.0,-20.3,33.53519058227539,-86.61830139160156,-0.675,-0.708,0.54,2.0,6271.0,26.46,27.315,
2025-09-05T20:04:51.781Z,27,GR86-047-21,,-20.3,33.53522109985352,-86.6183090209961,-0.674,-0.8220000000000001,0.6,2.0,,25.745,26.66,119.3
2025-09-05T20:04:51.824Z,27,GR86-047-21,,-20.3,33.53522109985352,-86.6183090209961,-0.5670000000000001,-0.804,0.71,2.0,,20.08,20.66,
2025-09-05T20:04:51.867Z,27,GR86-047-21,,-20.3,33.535247802734375,-86.61831665039062,-0.609,-0.708,0.66,2.0,,17.61,18.265,
2025-09-05T20:04:51.910Z,27,GR86-047-21,,-20.9,33.535247802734375,-86.61831665039062,-0.657,-0.794,0.53,2.0,,16.19,16.94,
2025-09-05T20:04:51.953Z,27,GR86-047-21,354.0,-22.200000000000003,33.535274505615234,-86.61832427978516,-0.55,-0.8150000000000001,0.63,2.0,6185.0,13.705,14.545,
2025-09-05T20:04:51.996Z,27,GR86-047-21,,-24.200000000000003,33.535274505615234,-86.61832427978516,-0.537,-0.897,0.62,2.0,,12.65,13.43,115.35
2025-09-05T20:04:52.039Z,27,GR86-047-21,,-26.700000000000003,33.535274505615234,-86.61832427978516,-0.487,-0.88,0.56,2.0,,12.085,12.53,
2025-09-05T20:04:52.082Z,27,GR86-047-21,,-28.8,33.535301208496094,-86.61832427978516,-0.416,-0.853,0.5700000000000001,2.0,,9.995,10.805,
2025-09-05T20:04:52.126Z,27,GR86-047-21,,-29.0,33.535301208496094,-86.61832427978516,-0.424,-0.894,0.61,2.0,,9.66,10.24,
2025-09-05T20:04:52.169Z,27,GR86-047-21,360.0,-29.200000000000003,33.53532791137695,-86.61833190917969,-0.393,-0.877,0.61,2.0,5946.0,9.81,10.47,
2025-09-05T20:04:52.214Z,27,GR86-047-21,,-29.700000000000003,33.53532791137695,-86.61833190917969,-0.464,-0.933,0.67,2.0,,10.865,11.34,106.69
2025-09-05T20:04:52.258Z,27,GR86-047-21,,-29.700000000000003,33.53535461425781,-86.61833190917969,-0.431,-0.877,0.7000000000000001,2.0,,14.205,14.575,
2025-09-05T20:04:52.301Z,27,GR86-047-21,,-29.700000000000003,33.53535461425781,-86.61833190917969,-0.521,-0.893,0.59,2.0,,18.495,18.8,
2025-09-05T20:04:52.344Z,27,GR86-047-21,,-27.5,33.535377502441406,-86.61833190917969,-0.553,-0.797,0.65,2.0,,22.22,22.525,
2025-09-05T20:04:52.387Z,27,GR86-047-21,366.0,-26.6,33.535377502441406,-86.61833190917969,-0.546,-0.798,0.6,2.0,5789.0,23.62,24.08,
2025-09-05T20:04:52.430Z,27,GR86-047-21,,-26.5,33.535377502441406,-86.61833190917969,-0.604,-0.807,0.68,2.0,,23.62,24.08,103.34
2025-09-05T20:04:52.474Z,27,GR86-047-21,,-26.5,33.535404205322266,-86.61833190917969,-0.56,-0.771,0.67,2.0,,23.715,24.43,
2025-09-05T20:04:52.517Z,27,GR86-047-21,,-27.6,33.535404205322266,-86.61833190917969,-0.614,-0.8160000000000001,0.71,2.0,,22.495,23.27,
2025-09-05T20:04:52.561Z,27,GR86-047-21,,-30.6,33.53542709350586,-86.61833190917969,-0.554,-0.812,1.11,2.0,,17.215,18.145,
2025-09-05T20:04:52.604Z,27,GR86-047-21,377.0,-36.7,33.53542709350586,-86.61833190917969,-0.479,-0.948,0.76,2.0,5164.0,11.52,12.5,
2025-09-05T20:04:52.647Z,27,GR86-047-21,,-39.5,33.53544998168945,-86.61833190917969,-0.443,-0.952,1.08,2.0,,10.085,10.775,99.31
2025-09-05T20:04:52.690Z,27,GR86-047-21,,-40.0,33.53544998168945,-86.61833190917969,-0.4,-1.0,0.89,2.0,,10.345,10.805,
2025-09-05T20:04:52.734Z,27,GR86-047-21,,-40.0,33.53544998168945,-86.61833190917969,-0.392,-0.927,1.31,2.0,,10.62,11.155,
2025-09-05T20:04:52.777Z,27,GR86-047-21,,-40.0,33.53547668457031,-86.61832427978516,-0.473,-1.09,1.79,2.0,,11.065,11.55,
2025-09-05T20:04:52.820Z,27,GR86-047-21,382.0,-36.4,33.53547668457031,-86.61832427978516,-0.505,-1.078,1.65,2.0,4951.0,11.34,11.87,
2025-09-05T20:04:52.867Z,27,GR86-047-21,,-31.8,33.535499572753906,-86.61832427978516,-0.42,-1.073,2.2,2.0,,7.890000000000001,8.515,95.56
2025-09-05T20:04:52.910Z,27,GR86-047-21,,-29.9,33.535499572753906,-86.61832427978516,-0.336,-1.081,1.26,2.0,,2.395,2.885,
2025-09-05T20:04:52.953Z,27,GR86-047-21,,-29.700000000000003,33.535518646240234,-86.61831665039062,-0.282,-1.119,1.41,2.0,,0.0,0.0,
2025-09-05T20:04:52.996Z,27,GR86-047-21,,-29.6,33.535518646240234,-86.61831665039062,-0.245,-1.094,0.99,2.0,,0.0,0.0,
2025-09-05T20:04:53.039Z,27,GR86-047-21,388.0,-28.6,33.535518646240234,-86.61831665039062,-0.176,-1.131,0.61,2.0,4898.0,0.0,0.0,
2025-09-05T20:04:53.082Z,27,GR86-047-21,,-24.200000000000003,33.53554153442383,-86.6183090209961,-0.152,-1.115,2.52,2.0,,0.0,0.0,92.91
2025-09-05T20:04:53.125Z,27,GR86-047-21,,-22.200000000000003,33.53554153442383,-86.6183090209961,-0.182,-1.138,1.0,2.0,,0.0,0.0,
2025-09-05T20:04:53.168Z,27,GR86-047-21,,-22.0,33.53556442260742,-86.6183090209961,-0.164,-1.103,0.52,2.0,,0.0,0.0,
2025-09-05T20:04:53.211Z,27,GR86-047-21,,-22.0,33.53556442260742,-86.6183090209961,-0.17,-1.074,2.78,2.0,,0.0,0.0,
2025-09-05T20:04:53.254Z,27,GR86-047-21,393.0,-22.200000000000003,33.53558349609375,-86.61830139160156,-0.169,-1.113,5.34,2.0,4883.0,0.0,0.0,
2025-09-05T20:04:53.297Z,27,GR86-047-21,,-23.0,33.53558349609375,-86.61830139160156,-0.182,-1.131,5.3500000000000005,2.0,,0.0,0.0,90.73
2025-09-05T20:04:53.340Z,27,GR86-047-21,,-23.1,33.53558349609375,-86.61830139160156,-0.156,-1.137,15.27,2.0,,0.0,0.0,
2025-09-05T20:04:53.384Z,27,GR86-047-21,,-25.6,33.53560256958008,-86.6182861328125,-0.173,-1.156,18.16,2.0,,0.0,0.0,
2025-09-05T20:04:53.427Z,27,GR86-047-21,,-31.200000000000003,33.53560256958008,-86.6182861328125,-0.151,-1.11,19.32,2.0,,0.0,0.0,
2025-09-05T20:04:53.470Z,27,GR86-047-21,398.0,-39.5,33.53562545776367,-86.61827850341797,-0.153,-1.148,24.09,2.0,4809.0,0.0,0.0,
2025-09-05T20:04:53.514Z,27,GR86-047-21,,-47.5,33.53562545776367,-86.61827850341797,-0.12,-1.161,27.28,2.0,,0.0,0.0,89.02
2025-09-05T20:04:53.557Z,27,GR86-047-21,,-54.0,33.53564453125,-86.61827087402344,-0.158,-1.208,42.86,2.0,,0.0,0.0,
2025-09-05T20:04:53.600Z,27,GR86-047-21,,-58.0,33.53564453125,-86.61827087402344,-0.076,-1.202,44.38,2.0,,0.0,0.0,
2025-09-05T20:04:53.643Z,27,GR86-047-21,,-59.7,33.53565979003906,-86.61825561523438,0.104,-1.177,43.75,2.0,,0.0,0.0,
2025-09-05T20:04:53.687Z,27,GR86-047-21,403.0,-60.2,33.53565979003906,-86.61825561523438,0.165,-1.16,42.89,2.0,5182.0,0.0,0.0,
2025-09-05T20:04:53.731Z,27,GR86-047-21,,-63.1,33.53565979003906,-86.61825561523438,0.152,-1.102,35.59,2.0,,0.0,0.0,87.5
2025-09-05T20:04:53.774Z,27,GR86-047-21,,-68.10000000000001,33.53567886352539,-86.61824035644531,0.141,-1.126,31.21,2.0,,0.0,0.0,
2025-09-05T20:04:53.817Z,27,GR86-047-21,,-73.3,33.53567886352539,-86.61824035644531,0.092,-1.128,31.63,2.0,,0.0,0.0,
2025-09-05T20:04:53.861Z,27,GR86-047-21,,-76.0,33.53569793701172,-86.61823272705078,0.108,-1.116,31.25,2.0,,0.0,0.0,
2025-09-05T20:04:53.904Z,27,GR86-047-21,407.0,-76.5,33.53569793701172,-86.61823272705078,0.052,-1.168,32.76,2.0,5102.0,0.0,0.0,
2025-09-05T20:04:53.947Z,27,GR86-047-21,,-76.5,33.53571319580078,-86.61821746826172,0.031,-1.172,34.21,2.0,,0.0,0.0,86.77
2025-09-05T20:04:53.990Z,27,GR86-047-21,,-76.5,33.53571319580078,-86.61821746826172,0.036,-1.174,30.73,2.0,,0.0,0.0,
2025-09-05T20:04:54.034Z,27,GR86-047-21,,-76.5,33.53571319580078,-86.61821746826172,0.06,-1.183,29.36,2.0,,0.0,0.0,
2025-09-05T20:04:54.077Z,27,GR86-047-21,,-76.5,33.535728454589844,-86.61819458007812,0.056,-1.16,29.85,2.0,,0.0,0.0,
2025-09-05T20:04:54.120Z,27,GR86-047-21,412.0,-76.5,33.535728454589844,-86.61819458007812,0.037,-1.196,32.28,2.0,5129.0,0.0,0.0,
2025-09-05T20:04:54.164Z,27,GR86-047-21,,-76.5,33.53574752807617,-86.61817932128906,0.056,-1.156,31.58,2.0,,0.0,0.0,87.38
2025-09-05T20:04:54.207Z,27,GR86-047-21,,-76.5,33.53574752807617,-86.61817932128906,0.045,-1.231,31.87,2.0,,0.0,0.0,
2025-09-05T20:04:54.251Z,27,GR86-047-21,,-76.5,33.535762786865234,-86.6181640625,0.067,-1.162,31.78,2.0,,0.0,0.0,
2025-09-05T20:04:54.295Z,27,GR86-047-21,,-76.5,33.535762786865234,-86.6181640625,0.054,-1.206,32.3,2.0,,0.0,0.0,
2025-09-05T20:04:54.338Z,27,GR86-047-21,417.0,-76.4,33.535762786865234,-86.6181640625,0.046,-1.116,31.98,2.0,5163.0,0.0,0.0,
2025-09-05T20:04:54.381Z,27,GR86-047-21,,-76.3,33.53577423095703,-86.6181411743164,0.05,-1.198,31.18,2.0,,0.0,0.0,88.2
2025-09-05T20:04:54.424Z,27,GR86-047-21,,-75.2,33.53577423095703,-86.6181411743164,0.037,-1.104,34.69,2.0,,0.0,0.0,
2025-09-05T20:04:54.467Z,27,GR86-047-21,,-73.0,33.535789489746094,-86.61812591552734,0.035,-1.252,33.9,2.0,,0.0,0.0,
2025-09-05T20:04:54.510Z,27,GR86-047-21,,-69.9,33.535789489746094,-86.61812591552734,0.027,-1.148,37.08,2.0,,0.0,0.0,
2025-09-05T20:04:54.553Z,27,GR86-047-21,422.0,-65.60000000000001,33.535789489746094,-86.61812591552734,0.029,-1.206,42.02,2.0,5209.0,0.0,0.0,
2025-09-05T20:04:54.597Z,27,GR86-047-21,,-60.6,33.53580093383789,-86.61810302734375,0.048,-1.155,42.01,2.0,,0.0,0.0,88.84
2025-09-05T20:04:54.640Z,27,GR86-047-21,,-54.8,33.53580093383789,-86.61810302734375,0.093,-1.168,42.92,2.0,,0.0,0.0,
2025-09-05T20:04:54.683Z,27,GR86-047-21,,-44.5,33.53581237792969,-86.61808013916016,0.1,-1.192,42.61,2.0,,0.0,0.0,
2025-09-05T20:04:54.726Z,27,GR86-047-21,,-37.6,33.53581237792969,-86.61808013916016,0.116,-1.178,47.42,2.0,,0.0,0.0,
2025-09-05T20:04:54.769Z,27,GR86-047-21,427.0,-33.2,33.535823822021484,-86.61805725097656,0.122,-1.216,50.77,2.0,5296.0,0.0,0.0,
2025-09-05T20:04:54.814Z,27,GR86-047-21,,-31.8,33.535823822021484,-86.61805725097656,0.133,-1.18,54.81,2.0,,0.0,0.0,90.26
2025-09-05T20:04:54.857Z,27,GR86-047-21,,-31.700000000000003,33.53583526611328,-86.61803436279297,0.147,-1.158,58.1,2.0,,0.0,0.0,
2025-09-05T20:04:54.900Z,27,GR86-047-21,,-31.700000000000003,33.53583526611328,-86.61803436279297,0.137,-1.184,61.01,2.0,,0.0,0.0,
2025-09-05T20:04:54.943Z,27,GR86-047-21,,-31.700000000000003,33.53584671020508,-86.61801147460938,0.148,-1.176,70.77,2.0,,0.0,0.0,
2025-09-05T20:04:54.987Z,27,GR86-047-21,432.0,-31.6,33.53584671020508,-86.61801147460938,0.125,-1.197,67.73,2.0,5346.0,0.0,0.0,
2025-09-05T20:04:55.031Z,27,GR86-047-21,,-27.0,33.53584671020508,-86.61801147460938,0.187,-1.203,62.77,2.0,,0.0,0.0,91.32
2025-09-05T20:04:55.074Z,27,GR86-047-21,,-15.3,33.53585433959961,-86.61798858642578,0.197,-1.13,45.53,2.0,,0.0,0.0,
2025-09-05T20:04:55.117Z,27,GR86-047-21,,1.6,33.53585433959961,-86.61798858642578,0.215,-1.096,37.59,2.0,,0.0,0.0,
2025-09-05T20:04:55.161Z,27,GR86-047-21,,14.0,33.53586196899414,-86.61795806884766,0.187,-1.037,41.98,2.0,,0.0,0.0,
2025-09-05T20:04:55.204Z,27,GR86-047-21,442.0,17.2,33.53586196899414,-86.61795806884766,0.179,-0.961,60.94,2.0,5573.0,0.0,0.0,
2025-09-05T20:04:55.247Z,27,GR86-047-21,,11.4,33.535865783691406,-86.61793518066406,0.183,-1.02,71.88,2.0,,0.0,0.0,92.63
2025-09-05T20:04:55.290Z,27,GR86-047-21,,0.0,33.535865783691406,-86.61793518066406,0.147,-1.114,79.57000000000001,2.0,,0.0,0.0,
2025-09-05T20:04:55.333Z,27,GR86-047-21,,-8.700000000000001,33.535865783691406,-86.61793518066406,0.194,-1.13,90.01,2.0,,0.0,0.0,
2025-09-05T20:04:55.376Z,27,GR86-047-21,,-14.0,33.53587341308594,-86.61790466308594,0.187,-1.206,96.63,2.0,,0.0,0.0,
2025-09-05T20:04:55.419Z,27,GR86-047-21,447.0,-17.2,33.53587341308594,-86.61790466308594,0.236,-1.181,100.0,2.0,5664.0,0.0,0.0,
2025-09-05T20:04:55.462Z,27,GR86-047-21,,-28.9,33.5358772277832,-86.61788177490234,0.237,-1.162,100.0,2.0,,0.0,0.0,94.12
2025-09-05T20:04:55.506Z,27,GR86-047-21,,-41.0,33.5358772277832,-86.61788177490234,0.243,-1.14,100.0,2.0,,0.0,0.0,
2025-09-05T20:04:55.549Z,27,GR86-047-21,,-52.6,33.53588104248047,-86.61785125732422,0.268,-1.149,100.0,2.0,,0.0,0.0,
2025-09-05T20:04:55.592Z,27,GR86-047-21,,-59.8,33.53588104248047,-86.61785125732422,0.236,-1.133,100.0,2.0,,0.0,0.0,
2025-09-05T20:04:55.635Z,27,GR86-047-21,453.0,-61.6,33.53588104248047,-86.61785125732422,0.181,-1.191,100.0,2.0,5750.0,0.0,0.0,
2025-09-05T20:04:55.678Z,27,GR86-047-21,,-61.7,33.53588104248047,-86.6178207397461,0.162,-1.161,100.0,2.0,,0.0,0.0,95.41
2025-09-05T20:04:55.721Z,27,GR86-047-21,,-61.7,33.53588104248047,-86.6178207397461,0.199,-1.229,100.0,2.0,,0.0,0.0,
2025-09-05T20:04:55.767Z,27,GR86-047-21,,-61.7,33.535884857177734,-86.6177978515625,0.238,-1.206,100.0,2.0,,0.0,0.0,
2025-09-05T20:04:55.810Z,27,GR86-047-21,,-61.7,33.535884857177734,-86.6177978515625,0.217,-1.196,100.0,2.0,,0.0,0.0,
2025-09-05T20:04:55.853Z,27,GR86-047-21,458.0,-61.7,33.535884857177734,-86.61776733398438,0.177,-1.202,100.0,2.0,5828.0,0.0,0.0,
2025-09-05T20:04:55.896Z,27,GR86-047-21,,-60.5,33.535884857177734,-86.61776733398438,0.175,-1.15,100.0,2.0,,0.0,0.0,97.3
2025-09-05T20:04:55.939Z,27,GR86-047-21,,-59.8,33.535884857177734,-86.61776733398438,0.157,-1.172,100.0,2.0,,0.0,0.0,
2025-09-05T20:04:55.982Z,27,GR86-047-21,,-56.8,33.535884857177734,-86.61773681640625,0.183,-1.208,100.0,2.0,,0.0,0.0,
2025-09-05T20:04:56.025Z,27,GR86-047-21,,-53.400000000000006,33.535884857177734,-86.61773681640625,0.198,-1.227,100.0,2.0,,0.0,0.0,
2025-09-05T20:04:56.068Z,27,GR86-047-21,464.0,-49.6,33.53588104248047,-86.61770629882812,0.178,-1.233,100.0,2.0,5983.0,0.0,0.0,
2025-09-05T20:04:56.111Z,27,GR86-047-21,,-46.2,33.53588104248047,-86.61770629882812,0.237,-1.247,100.0,2.0,,0.0,0.0,99.6
2025-09-05T20:04:56.154Z,27,GR86-047-21,,-42.7,33.53588104248047,-86.61767578125,0.2,-1.25,100.0,2.0,,0.0,0.0,
2025-09-05T20:04:56.197Z,27,GR86-047-21,,-40.0,33.53588104248047,-86.61767578125,0.215,-1.165,100.0,2.0,,0.0,0.0,
2025-09-05T20:04:56.284Z,27,GR86-047-21,469.0,-33.0,33.5358772277832,-86.6176528930664,0.195,-1.204,100.0,2.0,6086.0,0.0,0.0,
2025-09-05T20:04:56.370Z,27,GR86-047-21,,-25.1,33.53586959838867,-86.61762237548828,0.206,-1.267,100.0,2.0,,0.0,0.0,101.9
2025-09-05T20:04:56.414Z,27,GR86-047-21,,-22.9,33.53586959838867,-86.61762237548828,0.209,-1.216,100.0,2.0,,0.0,0.0,
2025-09-05T20:04:56.458Z,27,GR86-047-21,,-21.9,33.535865783691406,-86.61759185791016,0.222,-1.289,100.0,2.0,,0.0,0.0,
2025-09-05T20:04:56.501Z,27,GR86-047-21,475.0,-21.1,33.535865783691406,-86.61759185791016,0.234,-1.315,100.0,2.0,6228.0,0.0,0.0,
2025-09-05T20:04:56.544Z,27,GR86-047-21,,-20.4,33.535858154296875,-86.61756134033203,0.241,-1.279,100.0,2.0,,0.0,0.0,103.93
2025-09-05T20:04:56.587Z,27,GR86-047-21,,-20.4,33.535858154296875,-86.61756134033203,0.232,-1.296,100.0,2.0,,0.0,0.0,
2025-09-05T20:04:56.631Z,27,GR86-047-21,,-21.1,33.535858154296875,-86.61756134033203,0.241,-1.223,100.0,2.0,,0.0,0.0,
2025-09-05T20:04:56.674Z,27,GR86-047-21,,-29.200000000000003,33.53584671020508,-86.6175308227539,0.202,-1.236,100.0,2.0,,0.0,0.0,
2025-09-05T20:04:56.717Z,27,GR86-047-21,481.0,-37.0,33.53584671020508,-86.6175308227539,0.225,-1.22,100.0,2.0,6302.0,0.0,0.0,
2025-09-05T20:04:56.760Z,27,GR86-047-21,,-44.6,33.53583908081055,-86.61750030517578,0.219,-1.244,100.0,2.0,,0.0,0.0,106.23
2025-09-05T20:04:56.804Z,27,GR86-047-21,,-54.2,33.53583908081055,-86.61750030517578,0.219,-1.225,100.0,2.0,,0.0,0.0,
2025-09-05T20:04:56.847Z,27,GR86-047-21,,-57.5,33.53583908081055,-86.61750030517578,0.203,-1.19,100.0,2.0,,0.0,0.0,
2025-09-05T20:04:56.890Z,27,GR86-047-21,,-57.900000000000006,33.53582763671875,-86.61746978759766,0.21,-1.147,100.0,2.0,,0.0,0.0,
2025-09-05T20:04:56.934Z,27,GR86-047-21,487.0,-57.900000000000006,33.53582763671875,-86.61746978759766,0.153,-1.145,100.0,2.0,6376.0,0.0,0.0,
2025-09-05T20:04:56.977Z,27,GR86-047-21,,-57.900000000000006,33.53581619262695,-86.61744689941406,0.194,-1.117,100.0,2.0,,0.0,0.0,108.02
2025-09-05T20:04:57.020Z,27,GR86-047-21,,-58.0,33.53581619262695,-86.61744689941406,0.17,-1.211,100.0,2.0,,0.0,0.0,
2025-09-05T20:04:57.064Z,27,GR86-047-21,,-58.0,33.53580474853516,-86.61741638183594,0.183,-1.225,100.0,2.0,,0.0,0.0,
2025-09-05T20:04:57.107Z,27,GR86-047-21,,-58.0,33.53580474853516,-86.61741638183594,0.176,-1.267,100.0,2.0,,0.0,0.0,
2025-09-05T20:04:57.152Z,27,GR86-047-21,493.0,-54.8,33.535789489746094,-86.61738586425781,0.163,-1.386,100.0,2.0,6468.0,0.0,0.0,
2025-09-05T20:04:57.196Z,27,GR86-047-21,,-50.2,33.535789489746094,-86.61738586425781,0.124,-1.218,100.0,2.0,,0.0,0.0,109.96
2025-09-05T20:04:57.239Z,27,GR86-047-21,,-46.7,33.535789489746094,-86.61738586425781,0.204,-1.128,100.0,2.0,,0.0,0.0,
2025-09-05T20:04:57.282Z,27,GR86-047-21,,-42.900000000000006,33.53577423095703,-86.61735534667969,0.263,-1.082,100.0,2.0,,0.0,0.0,
2025-09-05T20:04:57.326Z,27,GR86-047-21,,-40.7,33.53577423095703,-86.61735534667969,0.239,-0.894,100.0,2.0,,0.0,0.0,
2025-09-05T20:04:57.369Z,27,GR86-047-21,499.0,-38.400000000000006,33.53575897216797,-86.6173324584961,0.142,-0.865,100.0,2.0,6593.0,0.0,0.0,
2025-09-05T20:04:57.414Z,27,GR86-047-21,,-36.6,33.53575897216797,-86.6173324584961,0.17,-0.898,100.0,2.0,,0.0,0.0,114.81
2025-09-05T20:04:57.457Z,27,GR86-047-21,,-36.2,33.535743713378906,-86.61730194091797,0.186,-0.936,100.0,2.0,,0.0,0.0,
2025-09-05T20:04:57.501Z,27,GR86-047-21,,-36.2,33.535743713378906,-86.61730194091797,0.18,-0.96,100.0,2.0,,0.0,0.0,
2025-09-05T20:04:57.544Z,27,GR86-047-21,,-41.400000000000006,33.53572463989258,-86.61727905273438,0.17,-1.329,100.0,2.0,,0.0,0.0,
2025-09-05T20:04:57.587Z,27,GR86-047-21,506.0,-49.7,33.53572463989258,-86.61727905273438,0.22,-1.127,100.0,2.0,6782.0,0.0,0.0,
2025-09-05T20:04:57.631Z,27,GR86-047-21,,-57.0,33.53572463989258,-86.61727905273438,0.161,-1.448,100.0,2.0,,0.0,0.0,116.69
2025-09-05T20:04:57.674Z,27,GR86-047-21,,-60.6,33.53570556640625,-86.61724853515625,0.147,-1.201,100.0,2.0,,0.0,0.0,
2025-09-05T20:04:57.717Z,27,GR86-047-21,,-61.0,33.53570556640625,-86.61724853515625,0.088,-1.346,100.0,2.0,,0.0,0.0,
2025-09-05T20:04:57.760Z,27,GR86-047-21,,-61.0,33.53568649291992,-86.61722564697266,0.195,-1.326,100.0,2.0,,0.0,0.0,
2025-09-05T20:04:57.804Z,27,GR86-047-21,519.0,-59.5,33.53568649291992,-86.61722564697266,0.206,-1.546,100.0,2.0,7066.0,0.0,0.0,
2025-09-05T20:04:57.847Z,27,GR86-047-21,,-58.900000000000006,33.535667419433594,-86.61720275878906,0.223,-1.383,100.0,2.0,,0.0,0.0,118.91
2025-09-05T20:04:57.890Z,27,GR86-047-21,,-58.900000000000006,33.535667419433594,-86.61720275878906,0.135,-1.451,100.0,2.0,,0.0,0.0,
2025-09-05T20:04:57.933Z,27,GR86-047-21,,-58.900000000000006,33.535667419433594,-86.61720275878906,0.124,-1.361,100.0,2.0,,0.0,0.0,
2025-09-05T20:04:57.976Z,27,GR86-047-21,,-58.7,33.53564453125,-86.61717987060547,0.113,-1.355,100.0,2.0,,0.0,0.0,
2025-09-05T20:04:58.019Z,27,GR86-047-21,525.0,-58.400000000000006,33.53564453125,-86.61717987060547,0.179,-1.446,100.0,2.0,7096.0,0.0,0.0,
2025-09-05T20:04:58.064Z,27,GR86-047-21,,-58.2,33.535621643066406,-86.61715698242188,0.189,-1.333,100.0,2.0,,0.0,0.0,121.08
2025-09-05T20:04:58.107Z,27,GR86-047-21,,-58.1,33.535621643066406,-86.61715698242188,0.184,-1.37,100.0,2.0,,0.0,0.0,
2025-09-05T20:04:58.152Z,27,GR86-047-21,,-58.0,33.53559875488281,-86.61713409423828,0.15,-1.457,100.0,2.0,,0.0,0.0,
2025-09-05T20:04:58.196Z,27,GR86-047-21,,-57.900000000000006,33.53559875488281,-86.61713409423828,0.154,-1.367,100.0,2.0,,0.0,0.0,
2025-09-05T20:04:58.239Z,27,GR86-047-21,532.0,-57.900000000000006,33.53559875488281,-86.61713409423828,0.168,-1.409,100.0,2.0,7150.0,0.0,0.0,
2025-09-05T20:04:58.282Z,27,GR86-047-21,,-58.0,33.53557586669922,-86.61711120605469,0.173,-1.41,100.0,2.0,,0.0,0.0,122.95
2025-09-05T20:04:58.325Z,27,GR86-047-21,,-58.0,33.53557586669922,-86.61711120605469,0.159,-1.366,100.0,2.0,,0.0,0.0,
2025-09-05T20:04:58.368Z,27,GR86-047-21,,-58.0,33.53554916381836,-86.61709594726562,0.147,-1.388,100.0,2.0,,0.0,0.0,
2025-09-05T20:04:58.411Z,27,GR86-047-21,,-58.0,33.53554916381836,-86.61709594726562,0.163,-1.32,100.0,2.0,,0.0,0.0,
2025-09-05T20:04:58.454Z,27,GR86-047-21,539.0,-58.0,33.5355224609375,-86.61707305908203,0.145,-1.31,100.0,2.0,7229.0,0.0,0.0,
2025-09-05T20:04:58.497Z,27,GR86-047-21,,-58.1,33.5355224609375,-86.61707305908203,0.161,-1.298,100.0,2.0,,0.0,0.0,124.84
2025-09-05T20:04:58.540Z,27,GR86-047-21,,-60.1,33.5355224609375,-86.61707305908203,0.151,-1.325,100.0,2.0,,0.0,0.0,
2025-09-05T20:04:58.584Z,27,GR86-047-21,,-64.0,33.53549575805664,-86.61705780029297,0.123,-1.339,100.0,2.0,,0.0,0.0,
2025-09-05T20:04:58.627Z,27,GR86-047-21,,-64.10000000000001,33.53549575805664,-86.61705780029297,-0.047,-1.444,100.0,3.0,,0.0,0.0,
2025-09-05T20:04:58.671Z,27,GR86-047-21,546.0,-64.2,33.53546524047852,-86.6170425415039,-0.194,-1.346,100.0,3.0,7305.0,0.0,0.0,
2025-09-05T20:04:58.715Z,27,GR86-047-21,,-64.10000000000001,33.53546524047852,-86.6170425415039,0.413,-1.28,100.0,3.0,,0.0,0.0,126.52
2025-09-05T20:04:58.758Z,27,GR86-047-21,,-64.10000000000001,33.535438537597656,-86.61702728271484,0.367,-1.445,100.0,3.0,,0.0,0.0,
2025-09-05T20:04:58.801Z,27,GR86-047-21,,-63.7,33.535438537597656,-86.61702728271484,0.237,-1.353,100.0,3.0,,0.0,0.0,
2025-09-05T20:04:58.844Z,27,GR86-047-21,,-58.2,33.53540802001953,-86.61701202392578,0.028,-1.438,100.0,3.0,,0.0,0.0,
2025-09-05T20:04:58.887Z,27,GR86-047-21,553.0,-52.6,33.53540802001953,-86.61701202392578,0.035,-1.363,100.0,3.0,6101.0,0.0,0.0,
2025-09-05T20:04:58.931Z,27,GR86-047-21,,-48.400000000000006,33.53540802001953,-86.61701202392578,0.079,-1.352,100.0,3.0,,0.0,0.0,127.91
2025-09-05T20:04:58.974Z,27,GR86-047-21,,-46.900000000000006,33.535377502441406,-86.61700439453125,0.143,-1.519,100.0,3.0,,0.0,0.0,
2025-09-05T20:04:59.017Z,27,GR86-047-21,,-45.900000000000006,33.535377502441406,-86.61700439453125,0.153,-1.552,100.0,3.0,,0.0,0.0,
2025-09-05T20:04:59.061Z,27,GR86-047-21,,-42.900000000000006,33.53534698486328,-86.61699676513672,0.166,-1.492,100.0,3.0,,0.0,0.0,
2025-09-05T20:04:59.104Z,27,GR86-047-21,561.0,-34.0,33.53534698486328,-86.61699676513672,0.158,-1.404,100.0,3.0,6150.0,0.0,0.0,
2025-09-05T20:04:59.147Z,27,GR86-047-21,,-32.1,33.53531646728516,-86.61698150634766,0.155,-1.254,100.0,3.0,,0.0,0.0,129.53
2025-09-05T20:04:59.190Z,27,GR86-047-21,,-32.1,33.53531646728516,-86.61698150634766,0.163,-1.128,100.0,3.0,,0.0,0.0,
2025-09-05T20:04:59.233Z,27,GR86-047-21,,-32.5,33.53531646728516,-86.61698150634766,0.165,-1.049,100.0,3.0,,0.0,0.0,
2025-09-05T20:04:59.276Z,27,GR86-047-21,,-34.9,33.53528594970703,-86.61697387695312,0.188,-0.984,100.0,3.0,,0.0,0.0,
2025-09-05T20:04:59.319Z,27,GR86-047-21,568.0,-38.1,33.53528594970703,-86.61697387695312,0.165,-0.911,100.0,3.0,6132.0,0.0,0.0,
2025-09-05T20:04:59.362Z,27,GR86-047-21,,-40.8,33.535255432128906,-86.61697387695312,0.138,-0.966,100.0,3.0,,0.0,0.0,130.34
2025-09-05T20:04:59.406Z,27,GR86-047-21,,-40.8,33.535255432128906,-86.61697387695312,0.124,-1.021,100.0,3.0,,0.0,0.0,
2025-09-05T20:04:59.449Z,27,GR86-047-21,,-40.8,33.53522109985352,-86.6169662475586,0.181,-1.0,100.0,3.0,,0.0,0.0,
2025-09-05T20:04:59.493Z,27,GR86-047-21,,-39.5,33.53522109985352,-86.6169662475586,0.181,-1.012,100.0,3.0,,0.0,0.0,
2025-09-05T20:04:59.537Z,27,GR86-047-21,575.0,-37.0,33.53522109985352,-86.6169662475586,0.134,-0.945,100.0,3.0,6186.0,0.0,0.0,
2025-09-05T20:04:59.580Z,27,GR86-047-21,,-36.0,33.53519058227539,-86.61695861816406,0.114,-0.876,100.0,3.0,,0.0,0.0,130.22
2025-09-05T20:04:59.624Z,27,GR86-047-21,,-36.0,33.53519058227539,-86.61695861816406,0.14,-0.845,100.0,3.0,,0.0,0.0,
2025-09-05T20:04:59.667Z,27,GR86-047-21,,-35.800000000000004,33.53515625,-86.61695861816406,0.12,-0.898,100.0,3.0,,0.0,0.0,
2025-09-05T20:04:59.710Z,27,GR86-047-21,,-34.800000000000004,33.53515625,-86.61695861816406,0.108,-1.002,100.0,3.0,,0.0,0.0,
2025-09-05T20:04:59.755Z,27,GR86-047-21,582.0,-33.4,33.535125732421875,-86.61695861816406,0.114,-1.077,100.0,3.0,6281.0,0.0,0.0,
2025-09-05T20:04:59.798Z,27,GR86-047-21,,-31.3,33.535125732421875,-86.61695861816406,0.17,-1.177,100.0,3.0,,0.0,0.0,131.51
2025-09-05T20:04:59.841Z,27,GR86-047-21,,-30.4,33.535125732421875,-86.61695861816406,0.268,-1.204,100.0,3.0,,0.0,0.0,
2025-09-05T20:04:59.884Z,27,GR86-047-21,,-30.3,33.535091400146484,-86.61695098876953,0.225,-1.146,100.0,3.0,,0.0,0.0,
2025-09-05T20:04:59.927Z,27,GR86-047-21,,-30.200000000000003,33.535091400146484,-86.61695098876953,0.077,-1.138,100.0,3.0,,0.0,0.0,
2025-09-05T20:04:59.970Z,27,GR86-047-21,590.0,-29.5,33.535057067871094,-86.61695098876953,0.073,-1.161,100.0,3.0,6473.0,0.0,0.0,
2025-09-05T20:05:00.014Z,27,GR86-047-21,,-27.9,33.535057067871094,-86.61695098876953,0.107,-1.228,100.0,3.0,,0.0,0.0,134.12
2025-09-05T20:05:00.058Z,27,GR86-047-21,,-26.5,33.53502655029297,-86.61695861816406,0.212,-1.405,100.0,3.0,,0.0,0.0,
2025-09-05T20:05:00.101Z,27,GR86-047-21,,-25.8,33.53502655029297,-86.61695861816406,0.175,-1.54,100.0,3.0,,0.0,0.0,
2025-09-05T20:05:00.144Z,27,GR86-047-21,,-25.9,33.53499221801758,-86.61695861816406,0.141,-1.349,100.0,3.0,,0.0,0.0,
2025-09-05T20:05:00.187Z,27,GR86-047-21,597.0,-26.3,33.53499221801758,-86.61695861816406,0.14,-1.239,100.0,3.0,6454.0,0.0,0.0,
2025-09-05T20:05:00.230Z,27,GR86-047-21,,-27.200000000000003,33.53499221801758,-86.61695861816406,0.119,-1.08,100.0,3.0,,0.0,0.0,135.97
2025-09-05T20:05:00.274Z,27,GR86-047-21,,-27.6,33.53495788574219,-86.61695861816406,0.182,-1.037,100.0,3.0,,0.0,0.0,
2025-09-05T20:05:00.317Z,27,GR86-047-21,,-27.6,33.53495788574219,-86.61695861816406,0.126,-0.958,100.0,3.0,,0.0,0.0,
2025-09-05T20:05:00.361Z,27,GR86-047-21,,-27.700000000000003,33.5349235534668,-86.6169662475586,0.185,-0.85,100.0,3.0,,0.0,0.0,
2025-09-05T20:05:00.404Z,27,GR86-047-21,612.0,-28.0,33.5349235534668,-86.6169662475586,0.168,-0.6880000000000001,100.0,3.0,6411.0,0.0,0.0,
2025-09-05T20:05:00.447Z,27,GR86-047-21,,-28.8,33.534889221191406,-86.61697387695312,0.098,-0.678,100.0,3.0,,0.0,0.0,136.91
2025-09-05T20:05:00.490Z,27,GR86-047-21,,-29.3,33.534889221191406,-86.61697387695312,0.158,-0.745,100.0,3.0,,0.0,0.0,
2025-09-05T20:05:00.533Z,27,GR86-047-21,,-29.5,33.534889221191406,-86.61697387695312,0.174,-0.766,100.0,3.0,,0.0,0.0,
2025-09-05T20:05:00.576Z,27,GR86-047-21,,-29.5,33.53485870361328,-86.61698150634766,0.195,-0.791,100.0,3.0,,0.0,0.0,
2025-09-05T20:05:00.619Z,27,GR86-047-21,620.0,-29.3,33.53485870361328,-86.61698150634766,0.148,-0.802,100.0,3.0,6485.0,0.0,0.0,
2025-09-05T20:05:00.662Z,27,GR86-047-21,,-29.0,33.53482437133789,-86.61698913574219,0.18,-0.764,100.0,3.0,,0.0,0.0,138.07
2025-09-05T20:05:00.705Z,27,GR86-047-21,,-29.0,33.53482437133789,-86.61698913574219,0.154,-0.645,100.0,3.0,,0.0,0.0,
2025-09-05T20:05:00.748Z,27,GR86-047-21,,-29.1,33.5347900390625,-86.61699676513672,0.16,-0.584,100.0,3.0,,0.0,0.0,
2025-09-05T20:05:00.791Z,27,GR86-047-21,,-28.8,33.5347900390625,-86.61699676513672,0.188,-0.655,100.0,3.0,,0.0,0.0,
2025-09-05T20:05:00.834Z,27,GR86-047-21,628.0,-28.1,33.5347900390625,-86.61699676513672,0.152,-0.627,100.0,3.0,6529.0,0.0,0.0,
2025-09-05T20:05:00.877Z,27,GR86-047-21,,-27.5,33.53475570678711,-86.61700439453125,0.193,-0.773,100.0,3.0,,0.0,0.0,138.94
2025-09-05T20:05:00.920Z,27,GR86-047-21,,-26.9,33.53475570678711,-86.61700439453125,0.169,-0.851,100.0,3.0,,0.0,0.0,
2025-09-05T20:05:00.964Z,27,GR86-047-21,,-26.700000000000003,33.534725189208984,-86.61701202392578,0.155,-0.81,100.0,3.0,,0.0,0.0,
2025-09-05T20:05:01.007Z,27,GR86-047-21,,-26.8,33.534725189208984,-86.61701202392578,0.178,-0.784,100.0,3.0,,0.0,0.0,
2025-09-05T20:05:01.051Z,27,GR86-047-21,635.0,-26.8,33.534690856933594,-86.61702728271484,0.198,-0.68,100.0,3.0,6547.0,0.0,0.0,
2025-09-05T20:05:01.094Z,27,GR86-047-21,,-26.8,33.534690856933594,-86.61702728271484,0.17,-0.687,100.0,3.0,,0.0,0.0,140.27
2025-09-05T20:05:01.137Z,27,GR86-047-21,,-26.700000000000003,33.534690856933594,-86.61702728271484,0.167,-0.644,100.0,3.0,,0.0,0.0,
2025-09-05T20:05:01.180Z,27,GR86-047-21,,-26.700000000000003,33.5346565246582,-86.61703491210938,0.201,-0.656,100.0,3.0,,0.0,0.0,
2025-09-05T20:05:01.224Z,27,GR86-047-21,,-26.700000000000003,33.5346565246582,-86.61703491210938,0.17,-0.669,100.0,3.0,,0.0,0.0,
2025-09-05T20:05:01.267Z,27,GR86-047-21,643.0,-26.700000000000003,33.53462600708008,-86.61705017089844,0.18,-0.6960000000000001,100.0,3.0,6591.0,0.0,0.0,
2025-09-05T20:05:01.310Z,27,GR86-047-21,,-25.5,33.53462600708008,-86.61705017089844,0.184,-0.644,100.0,3.0,,0.0,0.0,140.94
2025-09-05T20:05:01.353Z,27,GR86-047-21,,-24.700000000000003,33.53459167480469,-86.6170654296875,0.178,-0.642,100.0,3.0,,0.0,0.0,
2025-09-05T20:05:01.396Z,27,GR86-047-21,,-24.6,33.53459167480469,-86.6170654296875,0.18,-0.627,100.0,3.0,,0.0,0.0,
2025-09-05T20:05:01.439Z,27,GR86-047-21,,-24.700000000000003,33.53459167480469,-86.6170654296875,0.186,-0.669,100.0,3.0,,0.0,0.0,
2025-09-05T20:05:01.482Z,27,GR86-047-21,651.0,-24.700000000000003,33.5345573425293,-86.61707305908203,0.176,-0.657,100.0,3.0,6618.0,0.0,0.0,
2025-09-05T20:05:01.526Z,27,GR86-047-21,,-24.6,33.5345573425293,-86.61707305908203,0.2,-0.616,100.0,3.0,,0.0,0.0,141.6
2025-09-05T20:05:01.569Z,27,GR86-047-21,,-24.6,33.53452682495117,-86.6170883178711,0.181,-0.637,100.0,3.0,,0.0,0.0,
2025-09-05T20:05:01.614Z,27,GR86-047-21,,-24.6,33.53452682495117,-86.6170883178711,0.183,-0.5730000000000001,100.0,3.0,,0.0,0.0,
2025-09-05T20:05:01.657Z,27,GR86-047-21,,-24.6,33.53449249267578,-86.61710357666016,0.171,-0.603,100.0,3.0,,0.0,0.0,
2025-09-05T20:05:01.700Z,27,GR86-047-21,659.0,-24.6,33.53449249267578,-86.61710357666016,0.2,-0.616,100.0,3.0,6644.0,0.0,0.0,
2025-09-05T20:05:01.744Z,27,GR86-047-21,,-24.6,33.534461975097656,-86.61711883544922,0.195,-0.602,100.0,3.0,,0.0,0.0,142.09
2025-09-05T20:05:01.787Z,27,GR86-047-21,,-24.4,33.534461975097656,-86.61711883544922,0.188,-0.602,100.0,3.0,,0.0,0.0,
2025-09-05T20:05:01.831Z,27,GR86-047-21,,-23.6,33.534461975097656,-86.61711883544922,0.199,-0.514,100.0,3.0,,0.0,0.0,
2025-09-05T20:05:01.874Z,27,GR86-047-21,,-22.700000000000003,33.534427642822266,-86.61713409423828,0.149,-0.524,100.0,3.0,,0.0,0.0,
2025-09-05T20:05:01.917Z,27,GR86-047-21,667.0,-21.6,33.534427642822266,-86.61713409423828,0.181,-0.53,100.0,3.0,6680.0,0.0,0.0,
2025-09-05T20:05:01.961Z,27,GR86-047-21,,-20.5,33.53439712524414,-86.61714935302734,0.195,-0.5740000000000001,100.0,3.0,,0.0,0.0,142.48
2025-09-05T20:05:02.004Z,27,GR86-047-21,,-19.200000000000003,33.53439712524414,-86.61714935302734,0.204,-0.591,100.0,3.0,,0.0,0.0,
2025-09-05T20:05:02.047Z,27,GR86-047-21,,-19.1,33.53436279296875,-86.61717224121094,0.19,-0.638,100.0,3.0,,0.0,0.0,
2025-09-05T20:05:02.090Z,27,GR86-047-21,,-19.0,33.53436279296875,-86.61717224121094,0.199,-0.593,100.0,3.0,,0.0,0.0,
2025-09-05T20:05:02.133Z,27,GR86-047-21,675.0,-18.9,33.53436279296875,-86.61717224121094,0.148,-0.595,100.0,3.0,6766.0,0.0,0.0,
2025-09-05T20:05:02.176Z,27,GR86-047-21,,-18.6,33.534332275390625,-86.6171875,0.174,-0.537,100.0,3.0,,0.0,0.0,142.55
2025-09-05T20:05:02.219Z,27,GR86-047-21,,-18.2,33.534332275390625,-86.6171875,0.196,-0.494,100.0,3.0,,0.0,0.0,
2025-09-05T20:05:02.264Z,27,GR86-047-21,,-17.8,33.534297943115234,-86.61720275878906,0.147,-0.5710000000000001,100.0,3.0,,0.0,0.0,
2025-09-05T20:05:02.307Z,27,GR86-047-21,,-17.6,33.534297943115234,-86.61720275878906,0.198,-0.594,100.0,3.0,,0.0,0.0,
2025-09-05T20:05:02.351Z,27,GR86-047-21,683.0,-17.400000000000002,33.53426742553711,-86.61722564697266,0.261,-0.629,100.0,3.0,6813.0,0.0,0.0,
2025-09-05T20:05:02.394Z,27,GR86-047-21,,-17.2,33.53426742553711,-86.61722564697266,0.213,-0.557,100.0,3.0,,0.0,0.0,143.12
2025-09-05T20:05:02.437Z,27,GR86-047-21,,-16.6,33.53426742553711,-86.61722564697266,0.116,-0.423,100.0,3.0,,0.0,0.0,
2025-09-05T20:05:02.480Z,27,GR86-047-21,,-15.2,33.534236907958984,-86.61724853515625,0.108,-0.44,100.0,3.0,,0.0,0.0,
2025-09-05T20:05:02.523Z,27,GR86-047-21,,-12.5,33.534236907958984,-86.61724853515625,0.197,-0.458,100.0,3.0,,0.0,0.0,
2025-09-05T20:05:02.567Z,27,GR86-047-21,691.0,-11.4,33.534202575683594,-86.61726379394531,0.238,-0.493,100.0,3.0,6784.0,0.0,0.0,
2025-09-05T20:05:02.610Z,27,GR86-047-21,,-11.3,33.534202575683594,-86.61726379394531,0.229,-0.5720000000000001,100.0,3.0,,0.0,0.0,144.1
2025-09-05T20:05:02.653Z,27,GR86-047-21,,-11.3,33.53417205810547,-86.6172866821289,0.24,-0.617,100.0,3.0,,0.0,0.0,
2025-09-05T20:05:02.697Z,27,GR86-047-21,,-11.4,33.53417205810547,-86.6172866821289,0.163,-0.642,100.0,3.0,,0.0,0.0,
2025-09-05T20:05:02.740Z,27,GR86-047-21,,-11.6,33.53417205810547,-86.6172866821289,0.177,-0.591,100.0,3.0,,0.0,0.0,
2025-09-05T20:05:02.784Z,27,GR86-047-21,699.0,-11.7,33.534141540527344,-86.6173095703125,0.16,-0.515,100.0,3.0,6905.0,0.0,0.0,
2025-09-05T20:05:02.827Z,27,GR86-047-21,,-11.7,33.534141540527344,-86.6173095703125,0.141,-0.487,100.0,3.0,,0.0,0.0,145.45000000000002
2025-09-05T20:05:02.871Z,27,GR86-047-21,,-11.7,33.53411102294922,-86.6173324584961,0.179,-0.481,100.0,3.0,,0.0,0.0,
2025-09-05T20:05:02.914Z,27,GR86-047-21,,-11.7,33.53411102294922,-86.6173324584961,0.232,-0.494,100.0,3.0,,0.0,0.0,
2025-09-05T20:05:02.957Z,27,GR86-047-21,,-11.7,33.534080505371094,-86.61735534667969,0.182,-0.488,100.0,3.0,,0.0,0.0,
2025-09-05T20:05:03.000Z,27,GR86-047-21,707.0,-11.6,33.534080505371094,-86.61735534667969,0.194,-0.447,100.0,3.0,6882.0,0.0,0.0,
2025-09-05T20:05:03.044Z,27,GR86-047-21,,-11.6,33.53404998779297,-86.61737823486328,0.21,-0.416,100.0,3.0,,0.0,0.0,146.32
2025-09-05T20:05:03.087Z,27,GR86-047-21,,-11.6,33.53404998779297,-86.61737823486328,0.137,-0.415,100.0,3.0,,0.0,0.0,
2025-09-05T20:05:03.131Z,27,GR86-047-21,,-12.0,33.53404998779297,-86.61737823486328,0.135,-0.463,100.0,3.0,,0.0,0.0,
2025-09-05T20:05:03.174Z,27,GR86-047-21,,-12.7,33.534019470214844,-86.61740112304688,0.173,-0.5720000000000001,100.0,3.0,,0.0,0.0,
2025-09-05T20:05:03.217Z,27,GR86-047-21,723.0,-13.0,33.534019470214844,-86.61740112304688,0.251,-0.633,100.0,3.0,7047.0,0.0,0.0,
2025-09-05T20:05:03.261Z,27,GR86-047-21,,-13.0,33.53398895263672,-86.61742401123047,0.21,-0.658,100.0,3.0,,0.0,0.0,147.21
2025-09-05T20:05:03.304Z,27,GR86-047-21,,-13.1,33.53398895263672,-86.61742401123047,0.167,-0.6990000000000001,100.0,3.0,,0.0,0.0,
2025-09-05T20:05:03.347Z,27,GR86-047-21,,-13.1,33.533958435058594,-86.61744689941406,0.173,-0.718,100.0,3.0,,0.0,0.0,
2025-09-05T20:05:03.390Z,27,GR86-047-21,,-13.3,33.533958435058594,-86.61744689941406,0.161,-0.704,100.0,3.0,,0.0,0.0,
2025-09-05T20:05:03.434Z,27,GR86-047-21,731.0,-14.2,33.533958435058594,-86.61744689941406,0.176,-0.655,100.0,3.0,7024.0,0.0,0.0,
2025-09-05T20:05:03.477Z,27,GR86-047-21,,-16.2,33.53392791748047,-86.61747741699219,0.149,-0.5650000000000001,100.0,3.0,,0.0,0.0,148.98
2025-09-05T20:05:03.520Z,27,GR86-047-21,,-18.5,33.53392791748047,-86.61747741699219,0.181,-0.553,100.0,3.0,,0.0,0.0,
2025-09-05T20:05:03.564Z,27,GR86-047-21,,-20.4,33.533897399902344,-86.61750030517578,0.155,-0.54,100.0,3.0,,0.0,0.0,
2025-09-05T20:05:03.607Z,27,GR86-047-21,,-20.5,33.533897399902344,-86.61750030517578,0.151,-0.596,100.0,3.0,,0.0,0.0,
2025-09-05T20:05:03.650Z,27,GR86-047-21,740.0,-20.5,33.53386688232422,-86.6175308227539,0.202,-0.606,100.0,3.0,7078.0,0.0,0.0,
2025-09-05T20:05:03.694Z,27,GR86-047-21,,-20.4,33.53386688232422,-86.6175308227539,0.175,-0.653,100.0,3.0,,0.0,0.0,150.21
2025-09-05T20:05:03.737Z,27,GR86-047-21,,-20.4,33.53386688232422,-86.6175308227539,0.143,-0.718,100.0,3.0,,0.0,0.0,
2025-09-05T20:05:03.781Z,27,GR86-047-21,,-20.200000000000003,33.533836364746094,-86.6175537109375,0.131,-0.724,100.0,3.0,,0.0,0.0,
2025-09-05T20:05:03.824Z,27,GR86-047-21,,-18.1,33.533836364746094,-86.6175537109375,0.207,-0.71,100.0,3.0,,0.0,0.0,
2025-09-05T20:05:03.867Z,27,GR86-047-21,748.0,-17.8,33.533809661865234,-86.61758422851562,0.14,-0.705,100.0,3.0,7147.0,0.0,0.0,
2025-09-05T20:05:03.910Z,27,GR86-047-21,,-17.7,33.533809661865234,-86.61758422851562,0.128,-0.681,100.0,3.0,,0.0,0.0,151.19
2025-09-05T20:05:03.953Z,27,GR86-047-21,,-17.7,33.53377914428711,-86.61761474609375,0.148,-0.683,100.0,3.0,,0.0,0.0,
2025-09-05T20:05:03.996Z,27,GR86-047-21,,-17.5,33.53377914428711,-86.61761474609375,0.191,-0.68,100.0,3.0,,0.0,0.0,
2025-09-05T20:05:04.039Z,27,GR86-047-21,,-16.8,33.53377914428711,-86.61761474609375,0.21,-0.653,100.0,3.0,,0.0,0.0,
2025-09-05T20:05:04.082Z,27,GR86-047-21,757.0,-16.1,33.53375244140625,-86.61764526367188,0.171,-0.585,100.0,3.0,7185.0,0.0,0.0,
2025-09-05T20:05:04.125Z,27,GR86-047-21,,-15.9,33.53375244140625,-86.61764526367188,0.193,-0.5680000000000001,100.0,3.0,,0.0,0.0,152.41
2025-09-05T20:05:04.168Z,27,GR86-047-21,,-15.7,33.533721923828125,-86.61767578125,0.186,-0.538,100.0,3.0,,0.0,0.0,
2025-09-05T20:05:04.211Z,27,GR86-047-21,,-15.6,33.533721923828125,-86.61767578125,0.159,-0.546,100.0,3.0,,0.0,0.0,
2025-09-05T20:05:04.254Z,27,GR86-047-21,,-15.3,33.533695220947266,-86.61770629882812,0.161,-0.551,100.0,3.0,,0.0,0.0,
2025-09-05T20:05:04.297Z,27,GR86-047-21,765.0,-14.4,33.533695220947266,-86.61770629882812,0.148,-0.522,100.0,3.0,7222.0,0.0,0.0,
2025-09-05T20:05:04.340Z,27,GR86-047-21,,-13.7,33.533695220947266,-86.61770629882812,0.156,-0.495,100.0,3.0,,0.0,0.0,153.64
2025-09-05T20:05:04.384Z,27,GR86-047-21,,-13.5,33.53366470336914,-86.61773681640625,0.141,-0.468,100.0,3.0,,0.0,0.0,
2025-09-05T20:05:04.427Z,27,GR86-047-21,,-13.4,33.53366470336914,-86.61773681640625,0.057,-0.41,100.0,3.0,,0.0,0.0,
2025-09-05T20:05:04.470Z,27,GR86-047-21,,-13.4,33.53363800048828,-86.61776733398438,-0.143,-0.366,100.0,4.0,,0.0,0.0,
2025-09-05T20:05:04.515Z,27,GR86-047-21,774.0,-13.0,33.53363800048828,-86.61776733398438,0.04,-0.378,100.0,4.0,7260.0,0.0,0.0,
2025-09-05T20:05:04.558Z,27,GR86-047-21,,-10.6,33.53361129760742,-86.6177978515625,0.455,-0.48,100.0,4.0,,0.0,0.0,154.87
2025-09-05T20:05:04.601Z,27,GR86-047-21,,-8.5,33.53361129760742,-86.6177978515625,0.292,-0.47,100.0,4.0,,0.0,0.0,
2025-09-05T20:05:04.644Z,27,GR86-047-21,,-7.2,33.5335807800293,-86.61782836914062,0.087,-0.411,100.0,4.0,,0.0,0.0,
2025-09-05T20:05:04.687Z,27,GR86-047-21,,-7.2,33.5335807800293,-86.61782836914062,0.097,-0.397,100.0,4.0,,0.0,0.0,
2025-09-05T20:05:04.730Z,27,GR86-047-21,782.0,-7.2,33.5335807800293,-86.61782836914062,0.22,-0.305,100.0,4.0,6203.0,0.0,0.0,
2025-09-05T20:05:04.774Z,27,GR86-047-21,,-7.2,33.53355407714844,-86.61786651611328,0.168,-0.303,100.0,4.0,,0.0,0.0,155.64
2025-09-05T20:05:04.817Z,27,GR86-047-21,,-7.2,33.53355407714844,-86.61786651611328,0.097,-0.257,100.0,4.0,,0.0,0.0,
2025-09-05T20:05:04.861Z,27,GR86-047-21,,-7.2,33.53352737426758,-86.6178970336914,0.096,-0.177,100.0,4.0,,0.0,0.0,
2025-09-05T20:05:04.904Z,27,GR86-047-21,,-7.2,33.53352737426758,-86.6178970336914,0.163,-0.222,100.0,4.0,,0.0,0.0,
2025-09-05T20:05:04.947Z,27,GR86-047-21,791.0,-7.2,33.53350067138672,-86.61793518066406,0.124,-0.189,100.0,4.0,6162.0,0.0,0.0,
2025-09-05T20:05:04.990Z,27,GR86-047-21,,-7.1000000000000005,33.53350067138672,-86.61793518066406,0.113,-0.218,100.0,4.0,,0.0,0.0,157.0
2025-09-05T20:05:05.034Z,27,GR86-047-21,,-7.1000000000000005,33.53350067138672,-86.61793518066406,0.131,-0.222,100.0,4.0,,0.0,0.0,
2025-09-05T20:05:05.077Z,27,GR86-047-21,,-7.0,33.53347396850586,-86.61796569824219,0.145,-0.212,100.0,4.0,,0.0,0.0,
2025-09-05T20:05:05.120Z,27,GR86-047-21,,-7.1000000000000005,33.53347396850586,-86.61796569824219,0.179,-0.211,100.0,4.0,,0.0,0.0,
2025-09-05T20:05:05.164Z,27,GR86-047-21,800.0,-7.1000000000000005,33.533447265625,-86.61799621582031,0.116,-0.201,100.0,4.0,6214.0,0.0,0.0,
2025-09-05T20:05:05.207Z,27,GR86-047-21,,-7.1000000000000005,33.533447265625,-86.61799621582031,0.148,-0.193,100.0,4.0,,0.0,0.0,159.03
2025-09-05T20:05:05.250Z,27,GR86-047-21,,-7.1000000000000005,33.53342056274414,-86.61803436279297,0.164,-0.206,100.0,4.0,,0.0,0.0,
2025-09-05T20:05:05.296Z,27,GR86-047-21,,-7.0,33.53342056274414,-86.61803436279297,0.174,-0.21,100.0,4.0,,0.0,0.0,
2025-09-05T20:05:05.339Z,27,GR86-047-21,,-5.800000000000001,33.53342056274414,-86.61803436279297,0.172,-0.231,100.0,4.0,,0.0,0.0,
2025-09-05T20:05:05.382Z,27,GR86-047-21,809.0,-4.2,33.533390045166016,-86.61807250976562,0.143,-0.208,100.0,4.0,6259.0,0.0,0.0,
2025-09-05T20:05:05.426Z,27,GR86-047-21,,-3.6,33.533390045166016,-86.61807250976562,0.187,-0.215,100.0,4.0,,0.0,0.0,159.95000000000002
2025-09-05T20:05:05.469Z,27,GR86-047-21,,-3.3000000000000003,33.53336334228516,-86.61810302734375,0.169,-0.182,100.0,4.0,,0.0,0.0,
2025-09-05T20:05:05.514Z,27,GR86-047-21,,-3.1,33.53336334228516,-86.61810302734375,0.171,-0.163,100.0,4.0,,0.0,0.0,
2025-09-05T20:05:05.557Z,27,GR86-047-21,,-2.7,33.5333366394043,-86.6181411743164,0.158,-0.14,100.0,4.0,,0.0,0.0,
2025-09-05T20:05:05.600Z,27,GR86-047-21,818.0,-2.6,33.5333366394043,-86.6181411743164,0.121,-0.125,100.0,4.0,6304.0,0.0,0.0,
2025-09-05T20:05:05.644Z,27,GR86-047-21,,-2.5,33.53330993652344,-86.61817169189453,0.19,-0.094,100.0,4.0,,0.0,0.0,161.03
2025-09-05T20:05:05.687Z,27,GR86-047-21,,-2.5,33.53330993652344,-86.61817169189453,0.159,-0.077,100.0,4.0,,0.0,0.0,
2025-09-05T20:05:05.730Z,27,GR86-047-21,,-2.4000000000000004,33.53330993652344,-86.61817169189453,0.165,-0.069,100.0,4.0,,0.0,0.0,
2025-09-05T20:05:05.774Z,27,GR86-047-21,,-2.3000000000000003,33.53328323364258,-86.61820983886719,0.109,-0.059,100.0,4.0,,0.0,0.0,
2025-09-05T20:05:05.817Z,27,GR86-047-21,836.0,-2.2,33.53328323364258,-86.61820983886719,0.103,-0.052,100.0,4.0,6364.0,0.0,0.0,
2025-09-05T20:05:05.860Z,27,GR86-047-21,,-2.2,33.53325653076172,-86.61824798583984,0.099,-0.041,100.0,4.0,,0.0,0.0,162.05
2025-09-05T20:05:05.904Z,27,GR86-047-21,,-2.1,33.53325653076172,-86.61824798583984,0.155,-0.071,100.0,4.0,,0.0,0.0,
2025-09-05T20:05:05.947Z,27,GR86-047-21,,-2.1,33.53325653076172,-86.61824798583984,0.138,-0.05,100.0,4.0,,0.0,0.0,
2025-09-05T20:05:05.990Z,27,GR86-047-21,,-2.1,33.53322982788086,-86.61827850341797,0.108,-0.049,100.0,4.0,,0.0,0.0,
2025-09-05T20:05:06.034Z,27,GR86-047-21,845.0,-2.1,33.53322982788086,-86.61827850341797,0.113,-0.056,100.0,4.0,6407.0,0.0,0.0,
2025-09-05T20:05:06.077Z,27,GR86-047-21,,-2.1,33.533203125,-86.61831665039062,0.107,-0.048,100.0,4.0,,0.0,0.0,162.99
2025-09-05T20:05:06.120Z,27,GR86-047-21,,-2.1,33.533203125,-86.61831665039062,0.141,-0.048,100.0,4.0,,0.0,0.0,
2025-09-05T20:05:06.164Z,27,GR86-047-21,,-2.0,33.53317642211914,-86.61835479736328,0.122,-0.051,100.0,4.0,,0.0,0.0,
2025-09-05T20:05:06.207Z,27,GR86-047-21,,-1.8,33.53317642211914,-86.61835479736328,0.118,-0.046,100.0,4.0,,0.0,0.0,
2025-09-05T20:05:06.251Z,27,GR86-047-21,854.0,-1.4,33.533145904541016,-86.61839294433594,0.096,-0.047,100.0,4.0,6434.0,0.0,0.0,
2025-09-05T20:05:06.296Z,27,GR86-047-21,,-1.0,33.533145904541016,-86.61839294433594,0.117,-0.022,100.0,4.0,,0.0,0.0,163.97
2025-09-05T20:05:06.339Z,27,GR86-047-21,,-0.8,33.533145904541016,-86.61839294433594,0.159,-0.04,100.0,4.0,,0.0,0.0,
2025-09-05T20:05:06.382Z,27,GR86-047-21,,-0.7000000000000001,33.53311920166016,-86.61842346191406,0.118,-0.025,100.0,4.0,,0.0,0.0,
2025-09-05T20:05:06.425Z,27,GR86-047-21,,-0.7000000000000001,33.53311920166016,-86.61842346191406,0.096,-0.027,100.0,4.0,,0.0,0.0,
2025-09-05T20:05:06.468Z,27,GR86-047-21,863.0,-0.3,33.5330924987793,-86.61846160888672,0.102,-0.01,100.0,4.0,6475.0,0.0,0.0,
2025-09-05T20:05:06.511Z,27,GR86-047-21,,0.1,33.5330924987793,-86.61846160888672,0.158,0.015,100.0,4.0,,0.0,0.0,164.89
2025-09-05T20:05:06.554Z,27,GR86-047-21,,0.4,33.53306579589844,-86.61849975585938,0.142,0.002,100.0,4.0,,0.0,0.0,
2025-09-05T20:05:06.597Z,27,GR86-047-21,,1.0,33.53306579589844,-86.61849975585938,0.15,0.021,100.0,4.0,,0.0,0.0,
2025-09-05T20:05:06.640Z,27,GR86-047-21,,1.6,33.53306579589844,-86.61849975585938,0.165,0.031,100.0,4.0,,0.0,0.0,
2025-09-05T20:05:06.684Z,27,GR86-047-21,872.0,2.4000000000000004,33.53303909301758,-86.61853790283203,0.112,0.057,100.0,4.0,6518.0,0.0,0.0,
2025-09-05T20:05:06.727Z,27,GR86-047-21,,2.5,33.53303909301758,-86.61853790283203,0.134,0.069,100.0,4.0,,0.0,0.0,165.86
2025-09-05T20:05:06.771Z,27,GR86-047-21,,2.5,33.53300857543945,-86.61856842041016,0.138,0.088,100.0,4.0,,0.0,0.0,
2025-09-05T20:05:06.814Z,27,GR86-047-21,,2.4000000000000004,33.53300857543945,-86.61856842041016,0.157,0.076,100.0,4.0,,0.0,0.0,
2025-09-05T20:05:06.857Z,27,GR86-047-21,,2.3000000000000003,33.532981872558594,-86.61860656738281,0.153,0.077,100.0,4.0,,0.0,0.0,
2025-09-05T20:05:06.900Z,27,GR86-047-21,881.0,2.3000000000000003,33.532981872558594,-86.61860656738281,0.154,0.088,100.0,4.0,6562.0,0.0,0.0,
2025-09-05T20:05:06.944Z,27,GR86-047-21,,2.3000000000000003,33.532955169677734,-86.61864471435547,0.135,0.091,100.0,4.0,,0.0,0.0,166.76
2025-09-05T20:05:06.987Z,27,GR86-047-21,,2.3000000000000003,33.532955169677734,-86.61864471435547,0.126,0.097,100.0,4.0,,0.0,0.0,
2025-09-05T20:05:07.030Z,27,GR86-047-21,,2.3000000000000003,33.532955169677734,-86.61864471435547,0.148,0.079,100.0,4.0,,0.0,0.0,
2025-09-05T20:05:07.074Z,27,GR86-047-21,,2.3000000000000003,33.53292465209961,-86.61868286132812,0.143,0.047,100.0,4.0,,0.0,0.0,
2025-09-05T20:05:07.117Z,27,GR86-047-21,891.0,2.3000000000000003,33.53292465209961,-86.61868286132812,0.17,0.03,100.0,4.0,6605.0,0.0,0.0,
2025-09-05T20:05:07.161Z,27,GR86-047-21,,2.3000000000000003,33.53289794921875,-86.61872100830078,0.15,0.037,100.0,4.0,,0.0,0.0,167.74
2025-09-05T20:05:07.204Z,27,GR86-047-21,,3.9,33.53289794921875,-86.61872100830078,0.107,0.052,100.0,4.0,,0.0,0.0,
2025-09-05T20:05:07.247Z,27,GR86-047-21,,7.2,33.532867431640625,-86.61875915527344,0.128,0.075,100.0,4.0,,0.0,0.0,
2025-09-05T20:05:07.290Z,27,GR86-047-21,,10.6,33.532867431640625,-86.61875915527344,0.162,0.109,100.0,4.0,,0.0,0.0,
2025-09-05T20:05:07.333Z,27,GR86-047-21,900.0,13.4,33.532867431640625,-86.61875915527344,0.161,0.176,100.0,4.0,6630.0,0.0,0.0,
2025-09-05T20:05:07.376Z,27,GR86-047-21,,15.3,33.532840728759766,-86.61878967285156,0.139,0.261,100.0,4.0,,0.0,0.0,168.72
2025-09-05T20:05:07.419Z,27,GR86-047-21,,16.1,33.532840728759766,-86.61878967285156,0.157,0.306,100.0,4.0,,0.0,0.0,
2025-09-05T20:05:07.462Z,27,GR86-047-21,,16.1,33.53281021118164,-86.61882781982422,0.137,0.439,100.0,4.0,,0.0,0.0,
2025-09-05T20:05:07.506Z,27,GR86-047-21,,16.1,33.53281021118164,-86.61882781982422,0.13,0.477,100.0,4.0,,0.0,0.0,
2025-09-05T20:05:07.549Z,27,GR86-047-21,909.0,16.0,33.53278350830078,-86.61886596679688,0.129,0.532,100.0,4.0,6670.0,0.0,0.0,
2025-09-05T20:05:07.593Z,27,GR86-047-21,,15.7,33.53278350830078,-86.61886596679688,0.151,0.528,100.0,4.0,,0.0,0.0,169.59
2025-09-05T20:05:07.637Z,27,GR86-047-21,,15.6,33.53278350830078,-86.61886596679688,0.146,0.536,100.0,4.0,,0.0,0.0,
2025-09-05T20:05:07.680Z,27,GR86-047-21,,15.1,33.532752990722656,-86.61890411376953,0.16,0.525,100.0,4.0,,0.0,0.0,
2025-09-05T20:05:07.724Z,27,GR86-047-21,,12.0,33.532752990722656,-86.61890411376953,0.115,0.473,100.0,4.0,,0.0,0.0,
2025-09-05T20:05:07.767Z,27,GR86-047-21,919.0,8.6,33.53272247314453,-86.61894226074219,0.115,0.471,100.0,4.0,6727.0,0.0,0.0,
2025-09-05T20:05:07.810Z,27,GR86-047-21,,4.7,33.53272247314453,-86.61894226074219,0.137,0.398,100.0,4.0,,0.0,0.0,171.41
2025-09-05T20:05:07.854Z,27,GR86-047-21,,1.8,33.532691955566406,-86.61897277832031,0.131,0.341,100.0,4.0,,0.0,0.0,
2025-09-05T20:05:07.897Z,27,GR86-047-21,,0.1,33.532691955566406,-86.61897277832031,0.132,0.264,100.0,4.0,,0.0,0.0,
2025-09-05T20:05:07.940Z,27,GR86-047-21,,-0.6000000000000001,33.532691955566406,-86.61897277832031,0.133,0.158,100.0,4.0,,0.0,0.0,
2025-09-05T20:05:07.984Z,27,GR86-047-21,928.0,-1.8,33.53266143798828,-86.61901092529297,0.098,0.011,100.0,4.0,6770.0,0.0,0.0,
2025-09-05T20:05:08.027Z,27,GR86-047-21,,-2.8000000000000003,33.53266143798828,-86.61901092529297,0.089,-0.079,100.0,4.0,,0.0,0.0,172.37
2025-09-05T20:05:08.070Z,27,GR86-047-21,,-3.5,33.53263092041016,-86.61904907226562,0.076,-0.158,100.0,4.0,,0.0,0.0,
2025-09-05T20:05:08.115Z,27,GR86-047-21,,-3.8,33.53263092041016,-86.61904907226562,0.094,-0.221,100.0,4.0,,0.0,0.0,
2025-09-05T20:05:08.158Z,27,GR86-047-21,,-3.9,33.53260040283203,-86.61907958984375,0.091,-0.269,100.0,4.0,,0.0,0.0,
2025-09-05T20:05:08.201Z,27,GR86-047-21,938.0,-4.0,33.53260040283203,-86.61907958984375,0.096,-0.294,100.0,4.0,6773.0,0.0,0.0,
2025-09-05T20:05:08.244Z,27,GR86-047-21,,-4.1000000000000005,33.532569885253906,-86.6191177368164,0.103,-0.326,100.0,4.0,,0.0,0.0,173.14
2025-09-05T20:05:08.287Z,27,GR86-047-21,,-4.1000000000000005,33.532569885253906,-86.6191177368164,0.095,-0.352,100.0,4.0,,0.0,0.0,
2025-09-05T20:05:08.330Z,27,GR86-047-21,,-4.1000000000000005,33.532569885253906,-86.6191177368164,0.089,-0.381,100.0,4.0,,0.0,0.0,
2025-09-05T20:05:08.374Z,27,GR86-047-21,,-4.1000000000000005,33.53253936767578,-86.61915588378906,0.104,-0.379,100.0,4.0,,0.0,0.0,
2025-09-05T20:05:08.417Z,27,GR86-047-21,957.0,-4.1000000000000005,33.53253936767578,-86.61915588378906,0.083,-0.34,89.95,4.0,6854.0,0.0,0.0,
2025-09-05T20:05:08.460Z,27,GR86-047-21,,-3.9,33.532508850097656,-86.61919403076172,0.068,-0.303,72.02,4.0,,0.0,0.0,173.83
2025-09-05T20:05:08.504Z,27,GR86-047-21,,0.4,33.532508850097656,-86.61919403076172,0.163,-0.3,53.65,4.0,,0.0,0.0,
2025-09-05T20:05:08.547Z,27,GR86-047-21,,2.3000000000000003,33.53247833251953,-86.61922454833984,0.104,-0.285,57.06,4.0,,2.5500000000000003,2.64,
2025-09-05T20:05:08.590Z,27,GR86-047-21,,2.4000000000000004,33.53247833251953,-86.61922454833984,0.061,-0.245,54.57,4.0,,4.565,4.565,
2025-09-05T20:05:08.634Z,27,GR86-047-21,967.0,2.3000000000000003,33.53247833251953,-86.61922454833984,-0.038,-0.151,46.91,4.0,6807.0,6.3950000000000005,6.335,
2025-09-05T20:05:08.677Z,27,GR86-047-21,,2.2,33.532447814941406,-86.6192626953125,-0.034,-0.102,42.8,4.0,,6.805,6.96,174.71
2025-09-05T20:05:08.720Z,27,GR86-047-21,,1.7000000000000002,33.532447814941406,-86.6192626953125,-0.035,-0.063,33.76,4.0,,7.0200000000000005,6.99,
2025-09-05T20:05:08.764Z,27,GR86-047-21,,1.1,33.53241729736328,-86.61930084228516,-0.08,0.014,11.47,4.0,,10.985,10.955,
2025-09-05T20:05:08.807Z,27,GR86-047-21,,1.0,33.53241729736328,-86.61930084228516,-0.138,0.019,3.69,4.0,,15.87,15.78,
2025-09-05T20:05:08.851Z,27,GR86-047-21,977.0,1.0,33.53238677978516,-86.61933898925781,-0.246,0.025,4.05,4.0,6820.0,21.41,21.35,
2025-09-05T20:05:08.896Z,27,GR86-047-21,,1.0,33.53238677978516,-86.61933898925781,-0.429,0.026,2.26,4.0,,27.055,26.935,174.79
2025-09-05T20:05:08.939Z,27,GR86-047-21,,0.7000000000000001,33.53238677978516,-86.61933898925781,-0.5670000000000001,-0.003,0.55,4.0,,33.910000000000004,33.62,
2025-09-05T20:05:08.982Z,27,GR86-047-21,,-2.1,33.53235626220703,-86.61937713623047,-0.803,-0.047,0.52,4.0,,46.8,46.435,
2025-09-05T20:05:09.025Z,27,GR86-047-21,,-4.1000000000000005,33.53235626220703,-86.61937713623047,-0.955,-0.082,0.6,4.0,,59.36,58.845,
2025-09-05T20:05:09.068Z,27,GR86-047-21,986.0,-4.800000000000001,33.532325744628906,-86.61941528320312,-1.158,-0.123,0.77,4.0,6485.0,72.06,72.06,
2025-09-05T20:05:09.111Z,27,GR86-047-21,,-4.9,33.532325744628906,-86.61941528320312,-1.326,-0.153,0.79,4.0,,82.375,83.395,173.09
2025-09-05T20:05:09.154Z,27,GR86-047-21,,-4.9,33.53229522705078,-86.61944580078125,-1.398,-0.134,0.71,4.0,,88.205,89.33,
2025-09-05T20:05:09.197Z,27,GR86-047-21,,-4.9,33.53229522705078,-86.61944580078125,-1.222,-0.205,0.71,4.0,,90.05,90.14,
2025-09-05T20:05:09.240Z,27,GR86-047-21,,-4.9,33.53229522705078,-86.61944580078125,-1.186,-0.197,0.68,4.0,,91.15,92.905,
2025-09-05T20:05:09.284Z,27,GR86-047-21,995.0,-4.9,33.53226852416992,-86.6194839477539,-1.058,-0.174,0.71,4.0,5874.0,78.74,80.025,
2025-09-05T20:05:09.327Z,27,GR86-047-21,,-3.5,33.53226852416992,-86.6194839477539,-1.14,-0.292,0.94,4.0,,67.325,68.41,164.6
2025-09-05T20:05:09.370Z,27,GR86-047-21,,2.5,33.53224182128906,-86.61952209472656,-1.156,-0.26,0.84,4.0,,62.03,63.8,
2025-09-05T20:05:09.414Z,27,GR86-047-21,,5.300000000000001,33.53224182128906,-86.61952209472656,-1.046,-0.271,0.77,4.0,,55.715,56.905,
2025-09-05T20:05:09.457Z,27,GR86-047-21,,5.800000000000001,33.5322151184082,-86.61955261230469,-1.102,-0.37,0.76,4.0,,52.92,53.365,
2025-09-05T20:05:09.500Z,27,GR86-047-21,1004.0,5.800000000000001,33.5322151184082,-86.61955261230469,-1.097,-0.178,0.65,4.0,5730.0,55.075,56.495000000000005,
2025-09-05T20:05:09.543Z,27,GR86-047-21,,6.4,33.532188415527344,-86.61958312988281,-1.079,-0.277,0.67,4.0,,55.715,56.22,151.71
2025-09-05T20:05:09.587Z,27,GR86-047-21,,9.2,33.532188415527344,-86.61958312988281,-1.058,-0.258,0.71,3.0,,52.495000000000005,53.870000000000005,
2025-09-05T20:05:09.631Z,27,GR86-047-21,,10.4,33.532188415527344,-86.61958312988281,-1.122,-0.104,0.6900000000000001,3.0,,49.2,50.755,
2025-09-05T20:05:09.674Z,27,GR86-047-21,,10.4,33.532161712646484,-86.61962127685547,-0.989,-0.108,0.66,3.0,,45.69,47.09,
2025-09-05T20:05:09.717Z,27,GR86-047-21,1012.0,9.8,33.532161712646484,-86.61962127685547,-0.985,-0.195,0.71,3.0,5591.0,39.25,40.27,
2025-09-05T20:05:09.760Z,27,GR86-047-21,,8.700000000000001,33.53213882446289,-86.6196517944336,-1.054,-0.14,0.67,3.0,,34.625,35.525,150.53
2025-09-05T20:05:09.804Z,27,GR86-047-21,,8.700000000000001,33.53213882446289,-86.6196517944336,-0.741,-0.128,0.72,3.0,,30.335,30.965,
2025-09-05T20:05:09.847Z,27,GR86-047-21,,13.0,33.53213882446289,-86.6196517944336,-0.804,-0.129,0.8,3.0,,26.63,27.225,
2025-09-05T20:05:09.890Z,27,GR86-047-21,,15.6,33.53211212158203,-86.61968231201172,-0.669,0.034,0.76,3.0,,26.02,26.6,
2025-09-05T20:05:09.934Z,27,GR86-047-21,1020.0,15.7,33.53211212158203,-86.61968231201172,-0.721,0.172,0.73,3.0,6408.0,25.665,26.535,
2025-09-05T20:05:09.977Z,27,GR86-047-21,,15.6,33.53208923339844,-86.61971282958984,-0.6970000000000001,0.177,0.77,3.0,,25.21,25.835,143.53
2025-09-05T20:05:10.020Z,27,GR86-047-21,,13.5,33.53208923339844,-86.61971282958984,-0.653,0.292,0.8,3.0,,25.24,25.835,
2025-09-05T20:05:10.064Z,27,GR86-047-21,,9.0,33.532066345214844,-86.61974334716797,-0.705,0.263,0.81,3.0,,26.02,26.535,
2025-09-05T20:05:10.107Z,27,GR86-047-21,,8.1,33.532066345214844,-86.61974334716797,-0.677,0.289,0.8200000000000001,3.0,,27.405,27.805,
2025-09-05T20:05:10.151Z,27,GR86-047-21,1028.0,8.0,33.53204345703125,-86.6197738647461,-0.715,0.298,0.76,3.0,6258.0,33.405,33.62,
2025-09-05T20:05:10.194Z,27,GR86-047-21,,8.0,33.53204345703125,-86.6197738647461,-0.87,0.299,0.73,3.0,,42.955,42.955,138.87
2025-09-05T20:05:10.237Z,27,GR86-047-21,,8.0,33.53204345703125,-86.6197738647461,-0.948,0.307,0.71,3.0,,52.92,52.74,
2025-09-05T20:05:10.280Z,27,GR86-047-21,,8.8,33.532020568847656,-86.61980438232422,-1.046,0.275,0.75,2.0,,62.370000000000005,62.06,
2025-09-05T20:05:10.323Z,27,GR86-047-21,,11.7,33.532020568847656,-86.61980438232422,-1.232,0.225,0.71,2.0,,72.12,73.69,
2025-09-05T20:05:10.410Z,27,GR86-047-21,1036.0,13.3,33.53199768066406,-86.61982727050781,-1.141,0.361,0.71,2.0,6043.0,71.11,71.645,128.09
2025-09-05T20:05:10.453Z,27,GR86-047-21,,13.5,33.531978607177734,-86.61985778808594,-1.231,0.281,0.72,2.0,,66.395,67.905,
2025-09-05T20:05:10.496Z,27,GR86-047-21,,14.7,33.531978607177734,-86.61985778808594,-1.013,0.437,0.74,2.0,,63.315000000000005,64.96000000000001,
2025-09-05T20:05:10.539Z,27,GR86-047-21,,16.900000000000002,33.531978607177734,-86.61985778808594,-0.744,0.475,0.76,2.0,,55.715,56.095,
2025-09-05T20:05:10.582Z,27,GR86-047-21,1043.0,17.7,33.53195571899414,-86.61988067626953,-1.062,0.486,0.87,2.0,6202.0,54.495000000000005,55.545,
2025-09-05T20:05:10.625Z,27,GR86-047-21,,18.4,33.53195571899414,-86.61988067626953,-0.903,0.582,0.77,2.0,,55.775,56.845,120.99
2025-09-05T20:05:10.668Z,27,GR86-047-21,,19.0,33.53193664550781,-86.61991119384766,-0.893,0.477,0.8200000000000001,2.0,,50.845,51.870000000000005,
2025-09-05T20:05:10.711Z,27,GR86-047-21,,19.0,33.53193664550781,-86.61991119384766,-1.029,0.623,0.8200000000000001,2.0,,49.425,50.31,
2025-09-05T20:05:10.755Z,27,GR86-047-21,,20.0,33.53191375732422,-86.61993408203125,-0.951,0.511,0.81,2.0,,49.425,50.905,
2025-09-05T20:05:10.798Z,27,GR86-047-21,1050.0,22.6,33.53191375732422,-86.61993408203125,-0.868,0.504,0.8,2.0,6315.0,46.495,47.81,
2025-09-05T20:05:10.841Z,27,GR86-047-21,,25.200000000000003,33.53191375732422,-86.61993408203125,-0.907,0.603,0.8,2.0,,42.515,43.295,115.22
2025-09-05T20:05:10.884Z,27,GR86-047-21,,30.3,33.53189468383789,-86.61995697021484,-0.882,0.519,0.75,2.0,,40.18,41.08,
2025-09-05T20:05:10.927Z,27,GR86-047-21,,32.7,33.53189468383789,-86.61995697021484,-0.8200000000000001,0.663,0.71,2.0,,39.875,40.835,
2025-09-05T20:05:10.971Z,27,GR86-047-21,,32.7,33.53187561035156,-86.61997985839844,-0.844,0.683,0.68,2.0,,40.33,41.08,
2025-09-05T20:05:11.014Z,27,GR86-047-21,1062.0,31.4,33.53187561035156,-86.61997985839844,-0.87,0.599,0.71,2.0,5886.0,41.795,42.24,
2025-09-05T20:05:11.057Z,27,GR86-047-21,,27.4,33.53185272216797,-86.62000274658203,-0.864,0.6930000000000001,0.73,2.0,,43.46,43.705,109.44
2025-09-05T20:05:11.100Z,27,GR86-047-21,,26.200000000000003,33.53185272216797,-86.62000274658203,-0.845,0.633,0.67,2.0,,43.14,43.89,
2025-09-05T20:05:11.143Z,27,GR86-047-21,,27.200000000000003,33.53183364868164,-86.6200180053711,-0.931,0.646,0.7000000000000001,2.0,,46.115,46.495,
2025-09-05T20:05:11.187Z,27,GR86-047-21,,32.800000000000004,33.53183364868164,-86.6200180053711,-0.894,0.708,0.67,1.0,,49.275,49.67,
2025-09-05T20:05:11.230Z,27,GR86-047-21,1068.0,35.4,33.53183364868164,-86.6200180053711,-0.931,0.7030000000000001,0.76,1.0,5482.0,48.175,49.275,
2025-09-05T20:05:11.274Z,27,GR86-047-21,,35.5,33.53181457519531,-86.62004089355469,-1.061,0.588,0.72,1.0,,48.71,50.19,104.17
2025-09-05T20:05:11.317Z,27,GR86-047-21,,35.5,33.53181457519531,-86.62004089355469,-0.803,0.866,0.72,1.0,,46.405,47.365,
2025-09-05T20:05:11.361Z,27,GR86-047-21,,35.5,33.531795501708984,-86.62005615234375,-0.848,0.8210000000000001,0.72,1.0,,38.53,39.75,
2025-09-05T20:05:11.404Z,27,GR86-047-21,,40.400000000000006,33.531795501708984,-86.62005615234375,-0.677,0.941,0.79,1.0,,37.355,38.285,
2025-09-05T20:05:11.447Z,27,GR86-047-21,1073.0,46.3,33.531776428222656,-86.62007141113281,-0.9,0.882,0.73,1.0,6149.0,39.555,40.715,
2025-09-05T20:05:11.490Z,27,GR86-047-21,,52.0,33.531776428222656,-86.62007141113281,-0.717,0.863,0.79,1.0,,41.02,41.555,97.35
2025-09-05T20:05:11.534Z,27,GR86-047-21,,56.6,33.531776428222656,-86.62007141113281,-0.867,1.164,0.76,1.0,,41.28,41.765,
2025-09-05T20:05:11.577Z,27,GR86-047-21,,59.400000000000006,33.53175735473633,-86.62008666992188,-0.752,0.924,0.77,1.0,,41.4,41.675,
2025-09-05T20:05:11.620Z,27,GR86-047-21,,63.3,33.53175735473633,-86.62008666992188,-0.655,0.99,0.74,1.0,,42.425,43.295,
2025-09-05T20:05:11.664Z,27,GR86-047-21,1078.0,67.7,33.53173828125,-86.62010192871094,-0.704,1.015,0.78,1.0,6281.0,40.865,42.055,
2025-09-05T20:05:11.707Z,27,GR86-047-21,,71.8,33.53173828125,-86.62010192871094,-0.714,0.978,0.8200000000000001,1.0,,38.56,38.835,91.86
2025-09-05T20:05:11.751Z,27,GR86-047-21,,76.0,33.53171920776367,-86.6201171875,-0.841,1.089,0.79,1.0,,38.655,39.43,
2025-09-05T20:05:11.797Z,27,GR86-047-21,,81.4,33.53171920776367,-86.6201171875,-0.71,1.056,0.84,1.0,,38.595,39.525,
2025-09-05T20:05:11.840Z,27,GR86-047-21,,87.80000000000001,33.53171920776367,-86.6201171875,-0.674,1.035,0.78,1.0,,35.645,36.61,
2025-09-05T20:05:11.883Z,27,GR86-047-21,1083.0,97.6,33.531700134277344,-86.62013244628906,-0.736,0.877,0.89,1.0,5994.0,33.22,33.495,
2025-09-05T20:05:11.927Z,27,GR86-047-21,,102.7,33.531700134277344,-86.62013244628906,-0.779,1.031,0.87,1.0,,31.83,32.475,87.43
2025-09-05T20:05:11.970Z,27,GR86-047-21,,105.9,33.531681060791016,-86.6201400756836,-0.678,0.997,0.81,1.0,,30.155,30.965,
2025-09-05T20:05:12.014Z,27,GR86-047-21,,107.6,33.531681060791016,-86.6201400756836,-0.609,0.973,0.8,1.0,,29.53,30.015,
2025-09-05T20:05:12.058Z,27,GR86-047-21,,109.1,33.53166580200195,-86.62014770507812,-0.618,0.899,0.85,1.0,,28.49,29.21,
2025-09-05T20:05:12.101Z,27,GR86-047-21,1088.0,110.9,33.53166580200195,-86.62014770507812,-0.674,0.989,0.84,1.0,5743.0,24.705,25.575,
2025-09-05T20:05:12.144Z,27,GR86-047-21,,114.4,33.53166580200195,-86.62014770507812,-0.5740000000000001,0.948,0.86,1.0,,19.52,20.385,82.67
2025-09-05T20:05:12.187Z,27,GR86-047-21,,117.2,33.531646728515625,-86.62015533447266,-0.506,1.02,0.8200000000000001,1.0,,17.990000000000002,18.525,
2025-09-05T20:05:12.230Z,27,GR86-047-21,,120.3,33.531646728515625,-86.62015533447266,-0.486,0.982,0.99,1.0,,17.580000000000002,18.295,
2025-09-05T20:05:12.274Z,27,GR86-047-21,,122.7,33.5316276550293,-86.62016296386719,-0.517,1.057,1.28,1.0,,18.055,18.495,
2025-09-05T20:05:12.317Z,27,GR86-047-21,1092.0,124.3,33.5316276550293,-86.62016296386719,-0.495,1.075,1.16,1.0,5399.0,16.8,17.425,
2025-09-05T20:05:12.361Z,27,GR86-047-21,,125.4,33.531612396240234,-86.62017059326172,-0.506,1.081,2.19,1.0,,14.3,15.09,78.93
2025-09-05T20:05:12.404Z,27,GR86-047-21,,125.7,33.531612396240234,-86.62017059326172,-0.516,1.137,1.5,1.0,,11.645,12.27,
2025-09-05T20:05:12.447Z,27,GR86-047-21,,125.8,33.531593322753906,-86.62017822265625,-0.44,1.088,1.08,1.0,,4.6850000000000005,5.34,
2025-09-05T20:05:12.490Z,27,GR86-047-21,,126.1,33.531593322753906,-86.62017822265625,-0.245,1.186,0.71,1.0,,0.0,0.0,
2025-09-05T20:05:12.534Z,27,GR86-047-21,1097.0,126.6,33.531593322753906,-86.62017822265625,-0.247,1.229,0.68,1.0,5131.0,0.0,0.0,
2025-09-05T20:05:12.577Z,27,GR86-047-21,,126.8,33.53157424926758,-86.62018585205078,-0.258,1.289,0.58,1.0,,0.0,0.0,75.69
2025-09-05T20:05:12.620Z,27,GR86-047-21,,127.8,33.53157424926758,-86.62018585205078,-0.208,1.107,0.55,1.0,,0.0,0.0,
2025-09-05T20:05:12.664Z,27,GR86-047-21,,128.70000000000002,33.53155899047852,-86.62018585205078,-0.188,1.185,0.55,1.0,,0.0,0.0,
2025-09-05T20:05:12.707Z,27,GR86-047-21,,128.70000000000002,33.53155899047852,-86.62018585205078,-0.239,1.24,0.55,1.0,,0.0,0.0,
2025-09-05T20:05:12.751Z,27,GR86-047-21,1101.0,128.70000000000002,33.53153991699219,-86.62018585205078,-0.242,1.259,0.55,1.0,5044.0,0.0,0.0,
2025-09-05T20:05:12.794Z,27,GR86-047-21,,128.70000000000002,33.53153991699219,-86.62018585205078,-0.182,1.225,0.56,1.0,,0.0,0.0,72.94
2025-09-05T20:05:12.837Z,27,GR86-047-21,,128.70000000000002,33.53153991699219,-86.62018585205078,-0.166,1.213,0.54,1.0,,0.0,0.0,
2025-09-05T20:05:12.881Z,27,GR86-047-21,,128.70000000000002,33.531524658203125,-86.62018585205078,-0.242,1.249,0.55,1.0,,0.0,0.0,
2025-09-05T20:05:12.924Z,27,GR86-047-21,,128.70000000000002,33.531524658203125,-86.62018585205078,-0.241,1.27,15.25,1.0,,0.0,0.0,
2025-09-05T20:05:12.967Z,27,GR86-047-21,1105.0,128.8,33.5315055847168,-86.62018585205078,-0.219,1.245,15.02,1.0,4951.0,0.0,0.0,
2025-09-05T20:05:13.010Z,27,GR86-047-21,,128.8,33.5315055847168,-86.62018585205078,-0.178,1.196,19.88,1.0,,0.0,0.0,69.86
2025-09-05T20:05:13.053Z,27,GR86-047-21,,128.8,33.531490325927734,-86.62018585205078,-0.178,1.256,34.47,1.0,,0.0,0.0,
2025-09-05T20:05:13.096Z,27,GR86-047-21,,129.1,33.531490325927734,-86.62018585205078,-0.178,1.285,33.230000000000004,1.0,,0.0,0.0,
2025-09-05T20:05:13.139Z,27,GR86-047-21,,129.5,33.531490325927734,-86.62018585205078,-0.136,1.279,36.41,1.0,,0.0,0.0,
2025-09-05T20:05:13.182Z,27,GR86-047-21,1108.0,129.9,33.531471252441406,-86.62018585205078,-0.079,1.214,38.26,1.0,4855.0,0.0,0.0,
2025-09-05T20:05:13.226Z,27,GR86-047-21,,130.0,33.531471252441406,-86.62018585205078,0.176,1.157,38.54,1.0,,0.0,0.0,68.78
2025-09-05T20:05:13.269Z,27,GR86-047-21,,130.0,33.531455993652344,-86.62017822265625,0.247,1.164,38.89,1.0,,0.0,0.0,
2025-09-05T20:05:13.314Z,27,GR86-047-21,,130.0,33.531455993652344,-86.62017822265625,0.261,1.153,39.07,1.0,,0.0,0.0,
2025-09-05T20:05:13.357Z,27,GR86-047-21,,130.0,33.53144073486328,-86.62017059326172,0.194,1.229,35.76,1.0,,0.0,0.0,
2025-09-05T20:05:13.400Z,27,GR86-047-21,1112.0,130.0,33.53144073486328,-86.62017059326172,0.146,1.188,35.87,1.0,5261.0,0.0,0.0,
2025-09-05T20:05:13.443Z,27,GR86-047-21,,130.0,33.53142547607422,-86.62016296386719,0.091,1.196,33.09,1.0,,0.0,0.0,67.91
2025-09-05T20:05:13.487Z,27,GR86-047-21,,130.0,33.53142547607422,-86.62016296386719,0.062,1.275,33.28,1.0,,0.0,0.0,
2025-09-05T20:05:13.530Z,27,GR86-047-21,,130.0,33.53142547607422,-86.62016296386719,0.12,1.293,45.97,1.0,,0.0,0.0,
2025-09-05T20:05:13.574Z,27,GR86-047-21,,130.3,33.53141021728516,-86.62015533447266,0.145,1.275,63.29,1.0,,0.0,0.0,
2025-09-05T20:05:13.617Z,27,GR86-047-21,1120.0,131.3,33.53141021728516,-86.62015533447266,0.08,1.253,72.0,1.0,5239.0,0.0,0.0,
2025-09-05T20:05:13.660Z,27,GR86-047-21,,131.4,33.531394958496094,-86.62014770507812,0.098,1.23,73.69,1.0,,0.0,0.0,69.39
2025-09-05T20:05:13.704Z,27,GR86-047-21,,131.5,33.531394958496094,-86.62014770507812,0.203,1.124,72.71000000000001,1.0,,0.0,0.0,
2025-09-05T20:05:13.747Z,27,GR86-047-21,,131.5,33.53137969970703,-86.6201400756836,0.243,1.143,77.9,1.0,,0.0,0.0,
2025-09-05T20:05:13.790Z,27,GR86-047-21,,131.5,33.53137969970703,-86.6201400756836,0.272,1.162,79.36,1.0,,0.0,0.0,
2025-09-05T20:05:13.834Z,27,GR86-047-21,1124.0,131.5,33.53137969970703,-86.6201400756836,0.251,1.115,81.82000000000001,1.0,5406.0,0.0,0.0,
2025-09-05T20:05:13.877Z,27,GR86-047-21,,129.5,33.53136444091797,-86.62012481689453,0.208,1.156,91.31,1.0,,0.0,0.0,70.44
2025-09-05T20:05:13.920Z,27,GR86-047-21,,125.5,33.53136444091797,-86.62012481689453,0.223,1.173,92.87,1.0,,0.0,0.0,
2025-09-05T20:05:13.964Z,27,GR86-047-21,,113.3,33.53135299682617,-86.62010955810547,0.25,1.144,96.24,1.0,,0.0,0.0,
2025-09-05T20:05:14.007Z,27,GR86-047-21,,100.0,33.53135299682617,-86.62010955810547,0.224,1.204,96.5,1.0,,0.0,0.0,
2025-09-05T20:05:14.051Z,27,GR86-047-21,1128.0,82.2,33.53133773803711,-86.62010192871094,0.276,1.065,99.09,1.0,5536.0,0.0,0.0,
2025-09-05T20:05:14.096Z,27,GR86-047-21,,62.2,33.53133773803711,-86.62010192871094,0.256,1.118,100.0,1.0,,0.0,0.0,71.95
2025-09-05T20:05:14.139Z,27,GR86-047-21,,44.3,33.53133773803711,-86.62010192871094,0.3,1.028,100.0,1.0,,0.0,0.0,
2025-09-05T20:05:14.182Z,27,GR86-047-21,,29.6,33.53132629394531,-86.62008666992188,0.328,0.914,100.0,1.0,,0.0,0.0,
2025-09-05T20:05:14.225Z,27,GR86-047-21,,28.200000000000003,33.53132629394531,-86.62008666992188,0.314,0.875,100.0,1.0,,0.0,0.0,
2025-09-05T20:05:14.268Z,27,GR86-047-21,1132.0,28.9,33.53131103515625,-86.62006378173828,0.352,0.867,100.0,1.0,5711.0,0.0,0.0,
2025-09-05T20:05:14.311Z,27,GR86-047-21,,38.900000000000006,33.53131103515625,-86.62006378173828,0.366,0.908,100.0,1.0,,0.0,0.0,73.99
2025-09-05T20:05:14.354Z,27,GR86-047-21,,52.400000000000006,33.53129959106445,-86.62004852294922,0.384,0.902,100.0,1.0,,0.0,0.0,
2025-09-05T20:05:14.397Z,27,GR86-047-21,,66.3,33.53129959106445,-86.62004852294922,0.356,0.953,100.0,1.0,,0.0,0.0,
2025-09-05T20:05:14.440Z,27,GR86-047-21,,76.9,33.53129959106445,-86.62004852294922,0.339,0.992,100.0,1.0,,0.0,0.0,
2025-09-05T20:05:14.484Z,27,GR86-047-21,1136.0,82.5,33.531288146972656,-86.62003326416016,0.285,0.974,100.0,1.0,5758.0,0.0,0.0,
2025-09-05T20:05:14.527Z,27,GR86-047-21,,82.5,33.531288146972656,-86.62003326416016,0.265,1.015,100.0,1.0,,0.0,0.0,75.57000000000001
2025-09-05T20:05:14.573Z,27,GR86-047-21,,82.5,33.531280517578125,-86.62001037597656,0.261,0.992,100.0,1.0,,0.0,0.0,
2025-09-05T20:05:14.616Z,27,GR86-047-21,,81.7,33.531280517578125,-86.62001037597656,0.277,0.955,100.0,1.0,,0.0,0.0,
2025-09-05T20:05:14.659Z,27,GR86-047-21,,78.7,33.53126907348633,-86.6199951171875,0.268,1.01,100.0,1.0,,0.0,0.0,
2025-09-05T20:05:14.704Z,27,GR86-047-21,1140.0,72.0,33.53126907348633,-86.6199951171875,0.296,0.99,100.0,1.0,5903.0,0.0,0.0,
2025-09-05T20:05:14.747Z,27,GR86-047-21,,70.5,33.53125762939453,-86.6199722290039,0.325,1.033,100.0,1.0,,0.0,0.0,77.66
2025-09-05T20:05:14.790Z,27,GR86-047-21,,70.5,33.53125762939453,-86.6199722290039,0.326,1.057,100.0,1.0,,0.0,0.0,
2025-09-05T20:05:14.834Z,27,GR86-047-21,,70.5,33.53125762939453,-86.6199722290039,0.295,1.002,100.0,1.0,,0.0,0.0,
2025-09-05T20:05:14.877Z,27,GR86-047-21,,71.7,33.53125,-86.61994934082031,0.313,1.041,100.0,1.0,,0.0,0.0,
2025-09-05T20:05:14.920Z,27,GR86-047-21,1145.0,72.10000000000001,33.53125,-86.61994934082031,0.289,1.084,100.0,1.0,6133.0,0.0,0.0,
2025-09-05T20:05:14.963Z,27,GR86-047-21,,72.0,33.53124237060547,-86.61993408203125,0.293,1.141,100.0,1.0,,0.0,0.0,80.21000000000001
2025-09-05T20:05:15.007Z,27,GR86-047-21,,70.0,33.53124237060547,-86.61993408203125,0.274,1.092,100.0,1.0,,0.0,0.0,
2025-09-05T20:05:15.051Z,27,GR86-047-21,,66.10000000000001,33.53123474121094,-86.61991119384766,0.294,1.163,100.0,1.0,,0.0,0.0,
2025-09-05T20:05:15.094Z,27,GR86-047-21,,61.1,33.53123474121094,-86.61991119384766,0.307,1.131,100.0,1.0,,0.0,0.0,
2025-09-05T20:05:15.137Z,27,GR86-047-21,1149.0,55.1,33.53123474121094,-86.61991119384766,0.328,1.116,100.0,1.0,6278.0,0.0,0.0,
2025-09-05T20:05:15.180Z,27,GR86-047-21,,49.7,33.531227111816406,-86.61988830566406,0.313,1.085,100.0,1.0,,0.0,0.0,82.09
2025-09-05T20:05:15.224Z,27,GR86-047-21,,43.3,33.531227111816406,-86.61988830566406,0.348,1.004,100.0,1.0,,0.0,0.0,
2025-09-05T20:05:15.267Z,27,GR86-047-21,,42.3,33.53122329711914,-86.61985778808594,0.342,1.015,100.0,1.0,,0.0,0.0,
2025-09-05T20:05:15.310Z,27,GR86-047-21,,42.3,33.53122329711914,-86.61985778808594,0.376,1.026,100.0,1.0,,0.0,0.0,
2025-09-05T20:05:15.353Z,27,GR86-047-21,1154.0,44.7,33.53121566772461,-86.61983489990234,0.357,1.02,100.0,1.0,6451.0,0.0,0.0,
2025-09-05T20:05:15.396Z,27,GR86-047-21,,50.2,33.53121566772461,-86.61983489990234,0.374,1.086,100.0,1.0,,0.0,0.0,84.11
2025-09-05T20:05:15.439Z,27,GR86-047-21,,56.2,33.53121566772461,-86.61983489990234,0.363,1.053,100.0,1.0,,0.0,0.0,
2025-09-05T20:05:15.482Z,27,GR86-047-21,,62.2,33.531211853027344,-86.61981201171875,0.326,1.062,100.0,1.0,,0.0,0.0,
2025-09-05T20:05:15.525Z,27,GR86-047-21,,62.5,33.531211853027344,-86.61981201171875,0.328,1.076,100.0,1.0,,0.0,0.0,
2025-09-05T20:05:15.568Z,27,GR86-047-21,1159.0,62.5,33.531211853027344,-86.61978912353516,0.297,1.068,100.0,1.0,6583.0,0.0,0.0,
2025-09-05T20:05:15.611Z,27,GR86-047-21,,62.1,33.531211853027344,-86.61978912353516,0.322,1.058,100.0,1.0,,0.0,0.0,87.48
2025-09-05T20:05:15.654Z,27,GR86-047-21,,58.8,33.53120803833008,-86.61975860595703,0.316,1.067,100.0,1.0,,0.0,0.0,
2025-09-05T20:05:15.697Z,27,GR86-047-21,,53.400000000000006,33.53120803833008,-86.61975860595703,0.337,1.02,100.0,1.0,,0.0,0.0,
2025-09-05T20:05:15.740Z,27,GR86-047-21,,48.3,33.53120803833008,-86.61975860595703,0.317,1.019,100.0,1.0,,0.0,0.0,
2025-09-05T20:05:15.783Z,27,GR86-047-21,1164.0,43.400000000000006,33.53120803833008,-86.61973571777344,0.353,0.935,100.0,1.0,6697.0,0.0,0.0,
2025-09-05T20:05:15.827Z,27,GR86-047-21,,41.900000000000006,33.53120803833008,-86.61973571777344,0.324,0.961,100.0,1.0,,0.0,0.0,89.58
2025-09-05T20:05:15.870Z,27,GR86-047-21,,41.0,33.53120803833008,-86.61970520019531,0.397,0.955,100.0,1.0,,0.0,0.0,
2025-09-05T20:05:15.915Z,27,GR86-047-21,,39.5,33.53120803833008,-86.61970520019531,0.344,0.904,100.0,1.0,,0.0,0.0,
2025-09-05T20:05:15.958Z,27,GR86-047-21,,38.2,33.53120803833008,-86.61970520019531,0.344,0.96,100.0,1.0,,0.0,0.0,
2025-09-05T20:05:16.047Z,27,GR86-047-21,1169.0,38.3,33.53120803833008,-86.6196517944336,0.378,0.924,100.0,1.0,6876.0,0.0,0.0,91.36
2025-09-05T20:05:16.090Z,27,GR86-047-21,,40.2,33.53120803833008,-86.6196517944336,0.427,0.939,100.0,1.0,,0.0,0.0,
2025-09-05T20:05:16.133Z,27,GR86-047-21,,40.3,33.53120803833008,-86.6196517944336,0.351,0.95,100.0,1.0,,0.0,0.0,
2025-09-05T20:05:16.176Z,27,GR86-047-21,,40.3,33.531211853027344,-86.61962890625,0.392,0.935,100.0,1.0,,0.0,0.0,
2025-09-05T20:05:16.219Z,27,GR86-047-21,1179.0,40.2,33.531211853027344,-86.61962890625,0.319,0.908,100.0,1.0,7126.0,0.0,0.0,
2025-09-05T20:05:16.262Z,27,GR86-047-21,,40.2,33.53121566772461,-86.61959838867188,0.311,0.857,100.0,1.0,,0.0,0.0,93.24
2025-09-05T20:05:16.305Z,27,GR86-047-21,,40.2,33.53121566772461,-86.61959838867188,0.357,0.878,100.0,1.0,,0.0,0.0,
2025-09-05T20:05:16.348Z,27,GR86-047-21,,40.1,33.531219482421875,-86.61957550048828,0.333,0.846,100.0,1.0,,0.0,0.0,
2025-09-05T20:05:16.391Z,27,GR86-047-21,,39.900000000000006,33.531219482421875,-86.61957550048828,0.334,0.847,100.0,1.0,,0.0,0.0,
2025-09-05T20:05:16.434Z,27,GR86-047-21,1184.0,38.900000000000006,33.531219482421875,-86.61957550048828,0.299,0.867,100.0,1.0,7271.0,0.0,0.0,
2025-09-05T20:05:16.477Z,27,GR86-047-21,,37.4,33.53122329711914,-86.61954498291016,0.34,0.865,100.0,1.0,,0.0,0.0,95.21
2025-09-05T20:05:16.520Z,27,GR86-047-21,,36.9,33.53122329711914,-86.61954498291016,0.284,0.8190000000000001,100.0,1.0,,0.0,0.0,
2025-09-05T20:05:16.564Z,27,GR86-047-21,,36.6,33.531227111816406,-86.61951446533203,0.245,0.837,100.0,1.0,,0.0,0.0,
2025-09-05T20:05:16.607Z,27,GR86-047-21,,35.9,33.531227111816406,-86.61951446533203,0.139,0.8210000000000001,100.0,2.0,,0.0,0.0,
2025-09-05T20:05:16.653Z,27,GR86-047-21,1190.0,34.2,33.53123474121094,-86.61949157714844,-0.085,0.8,100.0,2.0,7235.0,0.0,0.0,
2025-09-05T20:05:16.696Z,27,GR86-047-21,,33.5,33.53123474121094,-86.61949157714844,0.5670000000000001,0.752,100.0,2.0,,0.0,0.0,96.48
2025-09-05T20:05:16.739Z,27,GR86-047-21,,33.5,33.53123474121094,-86.61949157714844,0.633,0.65,100.0,2.0,,0.0,0.0,
2025-09-05T20:05:16.782Z,27,GR86-047-21,,33.6,33.53124237060547,-86.61946105957031,0.545,0.812,100.0,2.0,,0.0,0.0,
2025-09-05T20:05:16.826Z,27,GR86-047-21,,33.5,33.53124237060547,-86.61946105957031,0.407,0.788,100.0,2.0,,0.0,0.0,
2025-09-05T20:05:16.869Z,27,GR86-047-21,1195.0,34.1,33.53125,-86.61943054199219,0.221,0.684,100.0,2.0,5917.0,0.0,0.0,
2025-09-05T20:05:16.914Z,27,GR86-047-21,,34.2,33.53125,-86.61943054199219,0.143,0.8150000000000001,100.0,2.0,,0.0,0.0,97.81
2025-09-05T20:05:16.957Z,27,GR86-047-21,,34.5,33.53125762939453,-86.6194076538086,0.202,0.771,100.0,2.0,,0.0,0.0,
2025-09-05T20:05:17.000Z,27,GR86-047-21,,36.5,33.53125762939453,-86.6194076538086,0.291,0.708,100.0,2.0,,0.0,0.0,
2025-09-05T20:05:17.043Z,27,GR86-047-21,,43.0,33.53126907348633,-86.61937713623047,0.365,0.811,100.0,2.0,,0.0,0.0,
2025-09-05T20:05:17.087Z,27,GR86-047-21,1201.0,45.400000000000006,33.53126907348633,-86.61937713623047,0.28,0.736,100.0,2.0,5967.0,0.0,0.0,
2025-09-05T20:05:17.131Z,27,GR86-047-21,,45.6,33.53126907348633,-86.61937713623047,0.234,0.795,100.0,2.0,,0.0,0.0,100.37
2025-09-05T20:05:17.174Z,27,GR86-047-21,,45.6,33.53127670288086,-86.61934661865234,0.215,0.755,100.0,2.0,,0.0,0.0,
2025-09-05T20:05:17.217Z,27,GR86-047-21,,45.400000000000006,33.53127670288086,-86.61934661865234,0.267,0.675,100.0,2.0,,0.0,0.0,
2025-09-05T20:05:17.260Z,27,GR86-047-21,,43.5,33.531288146972656,-86.61932373046875,0.279,0.503,100.0,2.0,,0.0,0.0,
2025-09-05T20:05:17.304Z,27,GR86-047-21,1206.0,41.7,33.531288146972656,-86.61932373046875,0.23,0.512,100.0,2.0,5969.0,0.0,0.0,
2025-09-05T20:05:17.347Z,27,GR86-047-21,,39.1,33.53129959106445,-86.61929321289062,0.222,0.5,100.0,2.0,,0.0,0.0,102.31
2025-09-05T20:05:17.390Z,27,GR86-047-21,,37.8,33.53129959106445,-86.61929321289062,0.318,0.562,100.0,2.0,,0.0,0.0,
2025-09-05T20:05:17.433Z,27,GR86-047-21,,36.3,33.53129959106445,-86.61929321289062,0.269,0.648,100.0,2.0,,0.0,0.0,
2025-09-05T20:05:17.476Z,27,GR86-047-21,,34.7,33.53131103515625,-86.61927032470703,0.291,0.613,100.0,2.0,,0.0,0.0,
2025-09-05T20:05:17.519Z,27,GR86-047-21,1212.0,33.4,33.53131103515625,-86.61927032470703,0.231,0.661,100.0,2.0,6126.0,0.0,0.0,
2025-09-05T20:05:17.562Z,27,GR86-047-21,,32.7,33.53132247924805,-86.6192398071289,0.251,0.65,100.0,2.0,,0.0,0.0,103.4
2025-09-05T20:05:17.607Z,27,GR86-047-21,,31.8,33.53132247924805,-86.6192398071289,0.303,0.5680000000000001,100.0,2.0,,0.0,0.0,
2025-09-05T20:05:17.651Z,27,GR86-047-21,,28.1,33.53133773803711,-86.61920928955078,0.239,0.557,100.0,2.0,,0.0,0.0,
2025-09-05T20:05:17.694Z,27,GR86-047-21,,26.0,33.53133773803711,-86.61920928955078,0.256,0.502,100.0,2.0,,0.0,0.0,
2025-09-05T20:05:17.737Z,27,GR86-047-21,1218.0,23.200000000000003,33.53133773803711,-86.61920928955078,0.242,0.476,100.0,2.0,6194.0,0.0,0.0,
2025-09-05T20:05:17.781Z,27,GR86-047-21,,22.5,33.531349182128906,-86.61918640136719,0.281,0.5660000000000001,100.0,2.0,,0.0,0.0,105.32
2025-09-05T20:05:17.824Z,27,GR86-047-21,,22.0,33.531349182128906,-86.61918640136719,0.307,0.473,100.0,2.0,,0.0,0.0,
2025-09-05T20:05:17.867Z,27,GR86-047-21,,21.8,33.53136444091797,-86.61915588378906,0.269,0.418,100.0,2.0,,0.0,0.0,
2025-09-05T20:05:17.910Z,27,GR86-047-21,,21.4,33.53136444091797,-86.61915588378906,0.224,0.344,100.0,2.0,,0.0,0.0,
2025-09-05T20:05:17.953Z,27,GR86-047-21,1224.0,20.5,33.53137969970703,-86.61913299560547,0.243,0.318,100.0,2.0,6280.0,0.0,0.0,
2025-09-05T20:05:17.996Z,27,GR86-047-21,,19.200000000000003,33.53137969970703,-86.61913299560547,0.215,0.273,100.0,2.0,,0.0,0.0,106.58
2025-09-05T20:05:18.039Z,27,GR86-047-21,,17.6,33.53137969970703,-86.61913299560547,0.288,0.272,100.0,2.0,,0.0,0.0,
2025-09-05T20:05:18.082Z,27,GR86-047-21,,16.6,33.531394958496094,-86.61910247802734,0.34,0.314,100.0,2.0,,0.0,0.0,
2025-09-05T20:05:18.125Z,27,GR86-047-21,,16.400000000000002,33.531394958496094,-86.61910247802734,0.286,0.341,100.0,2.0,,0.0,0.0,
2025-09-05T20:05:18.168Z,27,GR86-047-21,1230.0,16.400000000000002,33.53141021728516,-86.61907958984375,0.254,0.324,100.0,2.0,6399.0,0.0,0.0,
2025-09-05T20:05:18.211Z,27,GR86-047-21,,16.400000000000002,33.53141021728516,-86.61907958984375,0.254,0.324,100.0,2.0,,0.0,0.0,110.05
2025-09-05T20:05:18.254Z,27,GR86-047-21,,16.3,33.53142547607422,-86.61904907226562,0.243,0.291,100.0,2.0,,0.0,0.0,
2025-09-05T20:05:18.297Z,27,GR86-047-21,,16.1,33.53142547607422,-86.61904907226562,0.237,0.204,100.0,2.0,,0.0,0.0,
2025-09-05T20:05:18.340Z,27,GR86-047-21,,15.1,33.53142547607422,-86.61904907226562,0.26,0.218,100.0,2.0,,0.0,0.0,
2025-09-05T20:05:18.383Z,27,GR86-047-21,1236.0,14.8,33.53144073486328,-86.61902618408203,0.283,0.243,100.0,2.0,6407.0,0.0,0.0,
2025-09-05T20:05:18.427Z,27,GR86-047-21,,14.8,33.53144073486328,-86.61902618408203,0.299,0.291,100.0,2.0,,0.0,0.0,111.6
2025-09-05T20:05:18.470Z,27,GR86-047-21,,14.8,33.53145980834961,-86.6189956665039,0.3,0.314,100.0,2.0,,0.0,0.0,
2025-09-05T20:05:18.514Z,27,GR86-047-21,,14.8,33.53145980834961,-86.6189956665039,0.231,0.34,100.0,2.0,,0.0,0.0,
2025-09-05T20:05:18.557Z,27,GR86-047-21,,14.8,33.53147506713867,-86.61897277832031,0.265,0.3,100.0,2.0,,0.0,0.0,
2025-09-05T20:05:18.600Z,27,GR86-047-21,1242.0,14.8,33.53147506713867,-86.61897277832031,0.248,0.262,100.0,2.0,6544.0,0.0,0.0,
2025-09-05T20:05:18.643Z,27,GR86-047-21,,14.8,33.531494140625,-86.61894226074219,0.237,0.216,100.0,2.0,,0.0,0.0,113.69
2025-09-05T20:05:18.687Z,27,GR86-047-21,,14.8,33.531494140625,-86.61894226074219,0.265,0.216,100.0,2.0,,0.0,0.0,
2025-09-05T20:05:18.731Z,27,GR86-047-21,,14.8,33.531494140625,-86.61894226074219,0.289,0.23,100.0,2.0,,0.0,0.0,
2025-09-05T20:05:18.774Z,27,GR86-047-21,,14.8,33.53150939941406,-86.6189193725586,0.239,0.203,100.0,2.0,,0.0,0.0,
2025-09-05T20:05:18.817Z,27,GR86-047-21,1255.0,14.7,33.53150939941406,-86.6189193725586,0.259,0.26,100.0,2.0,6706.0,0.0,0.0,
2025-09-05T20:05:18.861Z,27,GR86-047-21,,14.8,33.53152847290039,-86.61888885498047,0.264,0.271,100.0,2.0,,0.0,0.0,115.17
2025-09-05T20:05:18.904Z,27,GR86-047-21,,14.8,33.53152847290039,-86.61888885498047,0.295,0.29,100.0,2.0,,0.0,0.0,
2025-09-05T20:05:18.947Z,27,GR86-047-21,,14.8,33.53154754638672,-86.61886596679688,0.266,0.298,100.0,2.0,,0.0,0.0,
2025-09-05T20:05:18.990Z,27,GR86-047-21,,14.8,33.53154754638672,-86.61886596679688,0.287,0.304,100.0,2.0,,0.0,0.0,
2025-09-05T20:05:19.033Z,27,GR86-047-21,1261.0,14.8,33.53154754638672,-86.61886596679688,0.249,0.306,100.0,2.0,6788.0,0.0,0.0,
2025-09-05T20:05:19.076Z,27,GR86-047-21,,14.8,33.53156661987305,-86.61883544921875,0.218,0.306,100.0,2.0,,0.0,0.0,116.94
2025-09-05T20:05:19.119Z,27,GR86-047-21,,14.8,33.53156661987305,-86.61883544921875,0.25,0.317,100.0,2.0,,0.0,0.0,
2025-09-05T20:05:19.162Z,27,GR86-047-21,,14.8,33.531585693359375,-86.61881256103516,0.288,0.3,100.0,2.0,,0.0,0.0,
2025-09-05T20:05:19.206Z,27,GR86-047-21,,14.7,33.531585693359375,-86.61881256103516,0.285,0.29,100.0,2.0,,0.0,0.0,
2025-09-05T20:05:19.249Z,27,GR86-047-21,1268.0,14.7,33.531585693359375,-86.61881256103516,0.234,0.304,100.0,2.0,6908.0,0.0,0.0,
2025-09-05T20:05:19.292Z,27,GR86-047-21,,14.7,33.5316047668457,-86.61878204345703,0.288,0.301,100.0,2.0,,0.0,0.0,118.75
2025-09-05T20:05:19.336Z,27,GR86-047-21,,14.7,33.5316047668457,-86.61878204345703,0.252,0.285,100.0,2.0,,0.0,0.0,
2025-09-05T20:05:19.379Z,27,GR86-047-21,,14.8,33.53162384033203,-86.61875915527344,0.241,0.298,100.0,2.0,,0.0,0.0,
2025-09-05T20:05:19.424Z,27,GR86-047-21,,14.7,33.53162384033203,-86.61875915527344,0.224,0.292,100.0,2.0,,0.0,0.0,
2025-09-05T20:05:19.467Z,27,GR86-047-21,1274.0,14.7,33.53164291381836,-86.61872863769531,0.275,0.312,100.0,2.0,6995.0,0.0,0.0,
2025-09-05T20:05:19.510Z,27,GR86-047-21,,14.7,33.53164291381836,-86.61872863769531,0.273,0.268,100.0,2.0,,0.0,0.0,120.51
2025-09-05T20:05:19.553Z,27,GR86-047-21,,14.7,33.53166580200195,-86.61870574951172,0.225,0.296,100.0,2.0,,0.0,0.0,
2025-09-05T20:05:19.596Z,27,GR86-047-21,,14.7,33.53166580200195,-86.61870574951172,0.289,0.31,100.0,2.0,,0.0,0.0,
2025-09-05T20:05:19.639Z,27,GR86-047-21,,14.6,33.53166580200195,-86.61870574951172,0.266,0.278,100.0,2.0,,0.0,0.0,
2025-09-05T20:05:19.682Z,27,GR86-047-21,1281.0,14.5,33.53168487548828,-86.6186752319336,0.247,0.292,100.0,2.0,7113.0,0.0,0.0,
2025-09-05T20:05:19.725Z,27,GR86-047-21,,14.3,33.53168487548828,-86.6186752319336,0.207,0.28,100.0,2.0,,0.0,0.0,122.04
2025-09-05T20:05:19.768Z,27,GR86-047-21,,14.2,33.531707763671875,-86.61865234375,0.266,0.282,100.0,2.0,,0.0,0.0,
2025-09-05T20:05:19.811Z,27,GR86-047-21,,14.1,33.531707763671875,-86.61865234375,0.286,0.264,100.0,2.0,,0.0,0.0,
2025-09-05T20:05:19.854Z,27,GR86-047-21,,14.0,33.5317268371582,-86.61862182617188,0.241,0.251,100.0,2.0,,0.0,0.0,
2025-09-05T20:05:19.897Z,27,GR86-047-21,1288.0,13.9,33.5317268371582,-86.61862182617188,0.203,0.272,100.0,2.0,7222.0,0.0,0.0,
2025-09-05T20:05:19.940Z,27,GR86-047-21,,13.7,33.5317268371582,-86.61862182617188,0.272,0.266,100.0,2.0,,0.0,0.0,123.72
2025-09-05T20:05:19.983Z,27,GR86-047-21,,13.7,33.5317497253418,-86.61859893798828,0.278,0.268,100.0,2.0,,0.0,0.0,
2025-09-05T20:05:20.027Z,27,GR86-047-21,,13.7,33.5317497253418,-86.61859893798828,0.067,0.264,100.0,3.0,,0.0,0.0,
2025-09-05T20:05:20.070Z,27,GR86-047-21,,13.7,33.53177261352539,-86.61856842041016,-0.101,0.314,100.0,3.0,,0.0,0.0,
2025-09-05T20:05:20.115Z,27,GR86-047-21,1295.0,13.7,33.53177261352539,-86.61856842041016,0.621,0.247,100.0,3.0,7294.0,0.0,0.0,
2025-09-05T20:05:20.158Z,27,GR86-047-21,,13.7,33.531795501708984,-86.61854553222656,0.422,0.221,100.0,3.0,,0.0,0.0,125.47
2025-09-05T20:05:20.201Z,27,GR86-047-21,,13.7,33.531795501708984,-86.61854553222656,0.351,0.372,100.0,3.0,,0.0,0.0,
2025-09-05T20:05:20.244Z,27,GR86-047-21,,13.7,33.53181838989258,-86.61852264404297,0.058,0.295,100.0,3.0,,0.0,0.0,
2025-09-05T20:05:20.287Z,27,GR86-047-21,,13.7,33.53181838989258,-86.61852264404297,0.111,0.33,100.0,3.0,,0.0,0.0,
2025-09-05T20:05:20.331Z,27,GR86-047-21,1302.0,13.7,33.53181838989258,-86.61852264404297,0.256,0.384,100.0,3.0,5999.0,0.0,0.0,
2025-09-05T20:05:20.374Z,27,GR86-047-21,,13.7,33.53184127807617,-86.61849212646484,0.236,0.277,100.0,3.0,,0.0,0.0,126.93
2025-09-05T20:05:20.417Z,27,GR86-047-21,,13.6,33.53184127807617,-86.61849212646484,0.206,0.345,100.0,3.0,,0.0,0.0,
2025-09-05T20:05:20.460Z,27,GR86-047-21,,13.6,33.531864166259766,-86.61846923828125,0.209,0.353,100.0,3.0,,0.0,0.0,
2025-09-05T20:05:20.504Z,27,GR86-047-21,,13.6,33.531864166259766,-86.61846923828125,0.182,0.296,100.0,3.0,,0.0,0.0,
2025-09-05T20:05:20.547Z,27,GR86-047-21,1309.0,13.6,33.53188705444336,-86.61843872070312,0.252,0.282,100.0,3.0,6098.0,0.0,0.0,
2025-09-05T20:05:20.590Z,27,GR86-047-21,,13.5,33.53188705444336,-86.61843872070312,0.188,0.258,100.0,3.0,,0.0,0.0,128.92000000000002
2025-09-05T20:05:20.634Z,27,GR86-047-21,,13.4,33.53188705444336,-86.61843872070312,0.191,0.269,100.0,3.0,,0.0,0.0,
2025-09-05T20:05:20.677Z,27,GR86-047-21,,13.4,33.53190994262695,-86.61841583251953,0.214,0.27,100.0,3.0,,0.0,0.0,
2025-09-05T20:05:20.720Z,27,GR86-047-21,,13.2,33.53190994262695,-86.61841583251953,0.223,0.241,100.0,3.0,,0.0,0.0,
2025-09-05T20:05:20.764Z,27,GR86-047-21,1317.0,13.0,33.53193664550781,-86.6183853149414,0.233,0.249,100.0,3.0,6158.0,0.0,0.0,
2025-09-05T20:05:20.807Z,27,GR86-047-21,,12.9,33.53193664550781,-86.6183853149414,0.185,0.245,100.0,3.0,,0.0,0.0,132.04
2025-09-05T20:05:20.851Z,27,GR86-047-21,,12.7,33.531959533691406,-86.61836242675781,0.17,0.247,100.0,3.0,,0.0,0.0,
2025-09-05T20:05:20.895Z,27,GR86-047-21,,12.7,33.531959533691406,-86.61836242675781,0.214,0.258,100.0,3.0,,0.0,0.0,
2025-09-05T20:05:20.938Z,27,GR86-047-21,,12.6,33.531959533691406,-86.61836242675781,0.227,0.239,100.0,3.0,,0.0,0.0,
2025-09-05T20:05:20.981Z,27,GR86-047-21,1324.0,12.5,33.531986236572266,-86.61833953857422,0.169,0.216,100.0,3.0,6217.0,0.0,0.0,
2025-09-05T20:05:21.024Z,27,GR86-047-21,,12.2,33.531986236572266,-86.61833953857422,0.172,0.21,100.0,3.0,,0.0,0.0,133.61
2025-09-05T20:05:21.067Z,27,GR86-047-21,,12.1,33.532012939453125,-86.6183090209961,0.159,0.206,100.0,3.0,,0.0,0.0,
2025-09-05T20:05:21.110Z,27,GR86-047-21,,12.1,33.532012939453125,-86.6183090209961,0.213,0.23,100.0,3.0,,0.0,0.0,
2025-09-05T20:05:21.154Z,27,GR86-047-21,,12.0,33.53203582763672,-86.6182861328125,0.234,0.219,100.0,3.0,,0.0,0.0,
2025-09-05T20:05:21.197Z,27,GR86-047-21,1331.0,11.9,33.53203582763672,-86.6182861328125,0.177,0.223,100.0,3.0,6272.0,0.0,0.0,
2025-09-05T20:05:21.240Z,27,GR86-047-21,,11.8,33.53203582763672,-86.6182861328125,0.165,0.233,100.0,3.0,,0.0,0.0,135.1
2025-09-05T20:05:21.283Z,27,GR86-047-21,,11.8,33.53206253051758,-86.6182632446289,0.169,0.222,100.0,3.0,,0.0,0.0,
2025-09-05T20:05:21.327Z,27,GR86-047-21,,11.7,33.53206253051758,-86.6182632446289,0.205,0.221,100.0,3.0,,0.0,0.0,
2025-09-05T20:05:21.370Z,27,GR86-047-21,,11.7,33.53208923339844,-86.61823272705078,0.206,0.207,100.0,3.0,,0.0,0.0,
2025-09-05T20:05:21.414Z,27,GR86-047-21,1346.0,11.7,33.53208923339844,-86.61823272705078,0.196,0.172,100.0,3.0,6426.0,0.0,0.0,
2025-09-05T20:05:21.457Z,27,GR86-047-21,,11.6,33.5321159362793,-86.61820983886719,0.156,0.174,100.0,3.0,,0.0,0.0,136.82
2025-09-05T20:05:21.500Z,27,GR86-047-21,,11.6,33.5321159362793,-86.61820983886719,0.205,0.217,100.0,3.0,,0.0,0.0,
2025-09-05T20:05:21.543Z,27,GR86-047-21,,11.5,33.53214263916016,-86.6181869506836,0.191,0.206,100.0,3.0,,0.0,0.0,
2025-09-05T20:05:21.587Z,27,GR86-047-21,,11.5,33.53214263916016,-86.6181869506836,0.225,0.215,100.0,3.0,,0.0,0.0,
2025-09-05T20:05:21.630Z,27,GR86-047-21,1354.0,11.5,33.53214263916016,-86.6181869506836,0.184,0.198,100.0,3.0,6496.0,0.0,0.0,
2025-09-05T20:05:21.674Z,27,GR86-047-21,,11.4,33.532169342041016,-86.61815643310547,0.162,0.178,100.0,3.0,,0.0,0.0,138.38
2025-09-05T20:05:21.717Z,27,GR86-047-21,,11.4,33.532169342041016,-86.61815643310547,0.175,0.217,100.0,3.0,,0.0,0.0,
2025-09-05T20:05:21.761Z,27,GR86-047-21,,11.4,33.532196044921875,-86.61813354492188,0.207,0.219,100.0,3.0,,0.0,0.0,
2025-09-05T20:05:21.804Z,27,GR86-047-21,,11.4,33.532196044921875,-86.61813354492188,0.181,0.208,100.0,3.0,,0.0,0.0,
2025-09-05T20:05:21.847Z,27,GR86-047-21,1362.0,11.3,33.5322265625,-86.61811065673828,0.218,0.223,100.0,3.0,6576.0,0.0,0.0,
2025-09-05T20:05:21.890Z,27,GR86-047-21,,11.3,33.5322265625,-86.61811065673828,0.187,0.192,100.0,3.0,,0.0,0.0,140.02
2025-09-05T20:05:21.933Z,27,GR86-047-21,,11.3,33.5322265625,-86.61811065673828,0.183,0.209,100.0,3.0,,0.0,0.0,
2025-09-05T20:05:21.976Z,27,GR86-047-21,,11.3,33.53225326538086,-86.61808013916016,0.164,0.207,100.0,3.0,,0.0,0.0,
2025-09-05T20:05:22.019Z,27,GR86-047-21,,11.3,33.53225326538086,-86.61808013916016,0.212,0.216,100.0,3.0,,0.0,0.0,
2025-09-05T20:05:22.064Z,27,GR86-047-21,1370.0,11.3,33.53227996826172,-86.61805725097656,0.172,0.231,100.0,3.0,6652.0,0.0,0.0,
2025-09-05T20:05:22.107Z,27,GR86-047-21,,11.2,33.53227996826172,-86.61805725097656,0.212,0.232,100.0,3.0,,0.0,0.0,141.67000000000002
2025-09-05T20:05:22.154Z,27,GR86-047-21,,11.2,33.532310485839844,-86.61803436279297,0.224,0.221,100.0,3.0,,0.0,0.0,
2025-09-05T20:05:22.197Z,27,GR86-047-21,,11.2,33.532310485839844,-86.61803436279297,0.164,0.182,100.0,3.0,,0.0,0.0,
2025-09-05T20:05:22.241Z,27,GR86-047-21,,11.2,33.532310485839844,-86.61803436279297,0.151,0.203,100.0,3.0,,0.0,0.0,
2025-09-05T20:05:22.284Z,27,GR86-047-21,1378.0,11.2,33.5323371887207,-86.61800384521484,0.178,0.205,100.0,3.0,6724.0,0.0,0.0,
2025-09-05T20:05:22.327Z,27,GR86-047-21,,11.2,33.5323371887207,-86.61800384521484,0.165,0.215,100.0,3.0,,0.0,0.0,143.31
2025-09-05T20:05:22.370Z,27,GR86-047-21,,11.2,33.53236770629883,-86.61798095703125,0.182,0.229,100.0,3.0,,0.0,0.0,
2025-09-05T20:05:22.414Z,27,GR86-047-21,,11.2,33.53236770629883,-86.61798095703125,0.208,0.225,100.0,3.0,,0.0,0.0,
2025-09-05T20:05:22.457Z,27,GR86-047-21,,11.2,33.53239822387695,-86.61795806884766,0.21,0.2,100.0,3.0,,0.0,0.0,
2025-09-05T20:05:22.500Z,27,GR86-047-21,1386.0,11.2,33.53239822387695,-86.61795806884766,0.167,0.187,100.0,3.0,6801.0,0.0,0.0,
2025-09-05T20:05:22.543Z,27,GR86-047-21,,11.1,33.53242492675781,-86.61793518066406,0.203,0.195,100.0,3.0,,0.0,0.0,144.9
2025-09-05T20:05:22.587Z,27,GR86-047-21,,11.1,33.53242492675781,-86.61793518066406,0.181,0.183,100.0,3.0,,0.0,0.0,
2025-09-05T20:05:22.631Z,27,GR86-047-21,,11.1,33.53242492675781,-86.61793518066406,0.15,0.208,100.0,3.0,,0.0,0.0,
2025-09-05T20:05:22.674Z,27,GR86-047-21,,11.0,33.53245544433594,-86.61790466308594,0.176,0.226,100.0,3.0,,0.0,0.0,
2025-09-05T20:05:22.717Z,27,GR86-047-21,1394.0,11.0,33.53245544433594,-86.61790466308594,0.219,0.223,100.0,3.0,6877.0,0.0,0.0,
2025-09-05T20:05:22.760Z,27,GR86-047-21,,10.9,33.53248596191406,-86.61788177490234,0.206,0.217,100.0,3.0,,0.0,0.0,146.48
2025-09-05T20:05:22.804Z,27,GR86-047-21,,10.8,33.53248596191406,-86.61788177490234,0.207,0.232,100.0,3.0,,0.0,0.0,
2025-09-05T20:05:22.847Z,27,GR86-047-21,,10.6,33.53251647949219,-86.61785888671875,0.238,0.22,100.0,3.0,,0.0,0.0,
2025-09-05T20:05:22.890Z,27,GR86-047-21,,10.4,33.53251647949219,-86.61785888671875,0.208,0.195,100.0,3.0,,0.0,0.0,
2025-09-05T20:05:22.933Z,27,GR86-047-21,1402.0,10.1,33.53251647949219,-86.61785888671875,0.144,0.194,100.0,3.0,6955.0,0.0,0.0,
2025-09-05T20:05:22.976Z,27,GR86-047-21,,9.5,33.53254699707031,-86.61783599853516,0.131,0.174,100.0,3.0,,0.0,0.0,148.02
2025-09-05T20:05:23.019Z,27,GR86-047-21,,8.700000000000001,33.53254699707031,-86.61783599853516,0.169,0.181,100.0,3.0,,0.0,0.0,
2025-09-05T20:05:23.062Z,27,GR86-047-21,,7.800000000000001,33.53257751464844,-86.61780548095703,0.149,0.13,100.0,3.0,,0.0,0.0,
2025-09-05T20:05:23.106Z,27,GR86-047-21,,7.300000000000001,33.53257751464844,-86.61780548095703,0.153,0.153,100.0,3.0,,0.0,0.0,
2025-09-05T20:05:23.149Z,27,GR86-047-21,1410.0,6.800000000000001,33.53260803222656,-86.61778259277344,0.191,0.145,100.0,3.0,7021.0,0.0,0.0,
2025-09-05T20:05:23.193Z,27,GR86-047-21,,6.7,33.53260803222656,-86.61778259277344,0.204,0.101,100.0,3.0,,0.0,0.0,149.70000000000002
2025-09-05T20:05:23.237Z,27,GR86-047-21,,6.5,33.53260803222656,-86.61778259277344,0.201,0.055,100.0,3.0,,0.0,0.0,
2025-09-05T20:05:23.280Z,27,GR86-047-21,,6.4,33.53264236450195,-86.61775970458984,0.17,0.051,100.0,3.0,,0.0,0.0,
2025-09-05T20:05:23.324Z,27,GR86-047-21,,6.2,33.53264236450195,-86.61775970458984,0.207,0.054,100.0,3.0,,0.0,0.0,
2025-09-05T20:05:23.367Z,27,GR86-047-21,1419.0,5.9,33.53267288208008,-86.61773681640625,0.182,0.023,100.0,3.0,7083.0,0.0,0.0,
2025-09-05T20:05:23.410Z,27,GR86-047-21,,5.6000000000000005,33.53267288208008,-86.61773681640625,0.144,0.031,100.0,3.0,,0.0,0.0,152.56
2025-09-05T20:05:23.453Z,27,GR86-047-21,,5.1000000000000005,33.5327033996582,-86.61770629882812,0.138,0.032,100.0,3.0,,0.0,0.0,
2025-09-05T20:05:23.496Z,27,GR86-047-21,,4.6000000000000005,33.5327033996582,-86.61770629882812,0.147,0.057,100.0,3.0,,0.0,0.0,
2025-09-05T20:05:23.539Z,27,GR86-047-21,,4.3,33.5327033996582,-86.61770629882812,0.164,0.059,100.0,3.0,,0.0,0.0,
2025-09-05T20:05:23.582Z,27,GR86-047-21,1427.0,4.1000000000000005,33.532737731933594,-86.61768341064453,0.121,0.023,100.0,3.0,7157.0,0.0,0.0,
2025-09-05T20:05:23.625Z,27,GR86-047-21,,4.1000000000000005,33.532737731933594,-86.61768341064453,0.162,0.031,100.0,3.0,,0.0,0.0,154.0
2025-09-05T20:05:23.668Z,27,GR86-047-21,,4.0,33.53276824951172,-86.61766052246094,0.178,0.014,100.0,3.0,,0.0,0.0,
2025-09-05T20:05:23.711Z,27,GR86-047-21,,3.9,33.53276824951172,-86.61766052246094,0.195,-0.006,100.0,3.0,,0.0,0.0,
2025-09-05T20:05:23.755Z,27,GR86-047-21,,3.8,33.53280258178711,-86.61763763427734,0.186,-0.023,100.0,3.0,,0.0,0.0,
2025-09-05T20:05:23.798Z,27,GR86-047-21,1436.0,3.4000000000000004,33.53280258178711,-86.61763763427734,0.161,-0.03,100.0,3.0,7223.0,0.0,0.0,
2025-09-05T20:05:23.841Z,27,GR86-047-21,,3.0,33.53280258178711,-86.61763763427734,0.127,-0.037,100.0,3.0,,0.0,0.0,155.44
2025-09-05T20:05:23.884Z,27,GR86-047-21,,2.3000000000000003,33.532833099365234,-86.61760711669922,0.178,-0.065,100.0,3.0,,0.0,0.0,
2025-09-05T20:05:23.927Z,27,GR86-047-21,,2.0,33.532833099365234,-86.61760711669922,0.123,-0.092,100.0,3.0,,0.0,0.0,
2025-09-05T20:05:23.970Z,27,GR86-047-21,,2.0,33.532867431640625,-86.61758422851562,-0.041,-0.095,100.0,4.0,,0.0,0.0,
2025-09-05T20:05:24.014Z,27,GR86-047-21,1453.0,1.9,33.532867431640625,-86.61758422851562,-0.112,-0.042,100.0,4.0,6985.0,0.0,0.0,
2025-09-05T20:05:24.058Z,27,GR86-047-21,,1.9,33.53289794921875,-86.61756134033203,0.428,-0.072,100.0,4.0,,0.0,0.0,156.68
2025-09-05T20:05:24.101Z,27,GR86-047-21,,1.8,33.53289794921875,-86.61756134033203,0.277,-0.124,100.0,4.0,,0.0,0.0,
2025-09-05T20:05:24.144Z,27,GR86-047-21,,1.8,33.53289794921875,-86.61756134033203,0.037,-0.025,100.0,4.0,,0.0,0.0,
2025-09-05T20:05:24.187Z,27,GR86-047-21,,1.8,33.53293228149414,-86.61753845214844,0.013,-0.098,100.0,4.0,,0.0,0.0,
2025-09-05T20:05:24.231Z,27,GR86-047-21,1462.0,1.8,33.53293228149414,-86.61753845214844,0.134,-0.049,100.0,4.0,6181.0,0.0,0.0,
2025-09-05T20:05:24.274Z,27,GR86-047-21,,1.8,33.53296661376953,-86.61750793457031,0.234,0.018,100.0,4.0,,0.0,0.0,157.81
2025-09-05T20:05:24.317Z,27,GR86-047-21,,1.8,33.53296661376953,-86.61750793457031,0.151,-0.054,100.0,4.0,,0.0,0.0,
2025-09-05T20:05:24.361Z,27,GR86-047-21,,1.8,33.532997131347656,-86.61748504638672,0.11,-0.02,100.0,4.0,,0.0,0.0,
2025-09-05T20:05:24.404Z,27,GR86-047-21,,1.5,33.532997131347656,-86.61748504638672,0.172,-0.05,100.0,4.0,,0.0,0.0,
2025-09-05T20:05:24.447Z,27,GR86-047-21,1471.0,1.5,33.53303146362305,-86.61746215820312,0.176,-0.052,100.0,4.0,6276.0,0.0,0.0,
2025-09-05T20:05:24.490Z,27,GR86-047-21,,1.4,33.53303146362305,-86.61746215820312,0.165,-0.027,100.0,4.0,,0.0,0.0,158.99
2025-09-05T20:05:24.534Z,27,GR86-047-21,,1.1,33.53303146362305,-86.61746215820312,0.108,-0.075,100.0,4.0,,0.0,0.0,
2025-09-05T20:05:24.577Z,27,GR86-047-21,,1.0,33.53306579589844,-86.617431640625,0.104,-0.074,100.0,4.0,,0.0,0.0,
2025-09-05T20:05:24.620Z,27,GR86-047-21,,0.9,33.53306579589844,-86.617431640625,0.11,-0.078,100.0,4.0,,0.0,0.0,
2025-09-05T20:05:24.663Z,27,GR86-047-21,1480.0,0.9,33.53309631347656,-86.6174087524414,0.14,-0.113,100.0,4.0,6299.0,0.0,0.0,
2025-09-05T20:05:24.707Z,27,GR86-047-21,,0.9,33.53309631347656,-86.6174087524414,0.127,-0.096,100.0,4.0,,0.0,0.0,159.99
2025-09-05T20:05:24.751Z,27,GR86-047-21,,0.9,33.53313064575195,-86.61737823486328,0.101,-0.108,100.0,4.0,,0.0,0.0,
2025-09-05T20:05:24.794Z,27,GR86-047-21,,0.9,33.53313064575195,-86.61737823486328,0.112,-0.09,100.0,4.0,,0.0,0.0,
2025-09-05T20:05:24.837Z,27,GR86-047-21,,0.9,33.53313064575195,-86.61737823486328,0.109,-0.087,100.0,4.0,,0.0,0.0,
2025-09-05T20:05:24.880Z,27,GR86-047-21,1488.0,0.8,33.533164978027344,-86.61735534667969,0.121,-0.091,100.0,4.0,6333.0,0.0,0.0,
2025-09-05T20:05:24.923Z,27,GR86-047-21,,0.6000000000000001,33.533164978027344,-86.61735534667969,0.123,-0.102,100.0,4.0,,0.0,0.0,161.06
2025-09-05T20:05:24.967Z,27,GR86-047-21,,-0.3,33.533199310302734,-86.6173324584961,0.08,-0.08,100.0,4.0,,0.0,0.0,
2025-09-05T20:05:25.010Z,27,GR86-047-21,,-0.6000000000000001,33.533199310302734,-86.6173324584961,0.134,-0.098,100.0,4.0,,0.0,0.0,
2025-09-05T20:05:25.053Z,27,GR86-047-21,,-0.6000000000000001,33.533233642578125,-86.61730194091797,0.097,-0.101,100.0,4.0,,0.0,0.0,
2025-09-05T20:05:25.096Z,27,GR86-047-21,1497.0,-0.6000000000000001,33.533233642578125,-86.61730194091797,0.16,-0.13,100.0,4.0,6371.0,0.0,0.0,
2025-09-05T20:05:25.139Z,27,GR86-047-21,,-0.7000000000000001,33.533233642578125,-86.61730194091797,0.15,-0.131,100.0,4.0,,0.0,0.0,162.04
2025-09-05T20:05:25.182Z,27,GR86-047-21,,-0.7000000000000001,33.53326416015625,-86.61727905273438,0.109,-0.134,100.0,4.0,,0.0,0.0,
2025-09-05T20:05:25.225Z,27,GR86-047-21,,-0.7000000000000001,33.53326416015625,-86.61727905273438,0.122,-0.138,100.0,4.0,,0.0,0.0,
2025-09-05T20:05:25.268Z,27,GR86-047-21,,-0.7000000000000001,33.53329849243164,-86.61724853515625,0.126,-0.144,100.0,4.0,,0.0,0.0,
2025-09-05T20:05:25.311Z,27,GR86-047-21,1507.0,-0.7000000000000001,33.53329849243164,-86.61724853515625,0.147,-0.157,100.0,4.0,6400.0,0.0,0.0,
2025-09-05T20:05:25.354Z,27,GR86-047-21,,-0.7000000000000001,33.53333282470703,-86.61722564697266,0.16,-0.147,100.0,4.0,,0.0,0.0,162.96
2025-09-05T20:05:25.397Z,27,GR86-047-21,,-0.7000000000000001,33.53333282470703,-86.61722564697266,0.126,-0.126,100.0,4.0,,0.0,0.0,
2025-09-05T20:05:25.440Z,27,GR86-047-21,,-0.7000000000000001,33.53333282470703,-86.61722564697266,0.141,-0.146,100.0,4.0,,0.0,0.0,
2025-09-05T20:05:25.483Z,27,GR86-047-21,,-0.7000000000000001,33.53336715698242,-86.61719512939453,0.148,-0.079,100.0,4.0,,0.0,0.0,
2025-09-05T20:05:25.527Z,27,GR86-047-21,1516.0,-0.7000000000000001,33.53336715698242,-86.61719512939453,0.152,-0.089,100.0,4.0,6443.0,0.0,0.0,
2025-09-05T20:05:25.570Z,27,GR86-047-21,,-0.7000000000000001,33.53340148925781,-86.6171646118164,0.156,-0.065,100.0,4.0,,0.0,0.0,163.93
2025-09-05T20:05:25.614Z,27,GR86-047-21,,-0.7000000000000001,33.53340148925781,-86.6171646118164,0.129,-0.052,100.0,4.0,,0.0,0.0,
2025-09-05T20:05:25.657Z,27,GR86-047-21,,-0.7000000000000001,33.5334358215332,-86.61714172363281,0.142,-0.036,100.0,4.0,,0.0,0.0,
2025-09-05T20:05:25.700Z,27,GR86-047-21,,-0.7000000000000001,33.5334358215332,-86.61714172363281,0.103,-0.021,100.0,4.0,,0.0,0.0,
2025-09-05T20:05:25.743Z,27,GR86-047-21,1525.0,-0.7000000000000001,33.533470153808594,-86.61711120605469,0.146,-0.008,100.0,4.0,6491.0,0.0,0.0,
2025-09-05T20:05:25.787Z,27,GR86-047-21,,-0.7000000000000001,33.533470153808594,-86.61711120605469,0.152,-0.026,100.0,4.0,,0.0,0.0,164.86
2025-09-05T20:05:25.831Z,27,GR86-047-21,,-0.7000000000000001,33.533470153808594,-86.61711120605469,0.137,-0.019,100.0,4.0,,0.0,0.0,
2025-09-05T20:05:25.874Z,27,GR86-047-21,,-0.7000000000000001,33.533504486083984,-86.6170883178711,0.142,-0.05,100.0,4.0,,0.0,0.0,
2025-09-05T20:05:25.917Z,27,GR86-047-21,,-0.7000000000000001,33.533504486083984,-86.6170883178711,0.104,-0.059,100.0,4.0,,0.0,0.0,
2025-09-05T20:05:25.960Z,27,GR86-047-21,1534.0,-0.7000000000000001,33.533538818359375,-86.61705780029297,0.111,-0.071,100.0,4.0,6523.0,0.0,0.0,
2025-09-05T20:05:26.004Z,27,GR86-047-21,,-0.7000000000000001,33.533538818359375,-86.61705780029297,0.139,-0.101,100.0,4.0,,0.0,0.0,166.76
2025-09-05T20:05:26.047Z,27,GR86-047-21,,-0.7000000000000001,33.533573150634766,-86.61702728271484,0.158,-0.099,100.0,4.0,,0.0,0.0,
2025-09-05T20:05:26.090Z,27,GR86-047-21,,-0.7000000000000001,33.533573150634766,-86.61702728271484,0.099,-0.149,100.0,4.0,,0.0,0.0,
2025-09-05T20:05:26.133Z,27,GR86-047-21,,-0.7000000000000001,33.533573150634766,-86.61702728271484,0.12,-0.133,100.0,4.0,,0.0,0.0,
2025-09-05T20:05:26.176Z,27,GR86-047-21,1543.0,-0.7000000000000001,33.53360748291016,-86.61700439453125,0.102,-0.092,100.0,4.0,6561.0,0.0,0.0,
2025-09-05T20:05:26.219Z,27,GR86-047-21,,-0.7000000000000001,33.53360748291016,-86.61700439453125,0.117,-0.102,100.0,4.0,,0.0,0.0,167.68
2025-09-05T20:05:26.262Z,27,GR86-047-21,,-0.7000000000000001,33.53364181518555,-86.61697387695312,0.158,-0.129,100.0,4.0,,0.0,0.0,
2025-09-05T20:05:26.307Z,27,GR86-047-21,,-0.7000000000000001,33.53364181518555,-86.61697387695312,0.119,-0.139,100.0,4.0,,0.0,0.0,
2025-09-05T20:05:26.351Z,27,GR86-047-21,,-0.7000000000000001,33.53367614746094,-86.616943359375,0.121,-0.129,100.0,4.0,,0.0,0.0,
2025-09-05T20:05:26.394Z,27,GR86-047-21,1553.0,-0.7000000000000001,33.53367614746094,-86.616943359375,0.126,-0.127,100.0,4.0,6621.0,0.0,0.0,
2025-09-05T20:05:26.437Z,27,GR86-047-21,,-0.7000000000000001,33.53367614746094,-86.616943359375,0.108,-0.108,100.0,4.0,,0.0,0.0,168.68
2025-09-05T20:05:26.481Z,27,GR86-047-21,,-0.7000000000000001,33.53371047973633,-86.6169204711914,0.107,-0.086,100.0,4.0,,0.0,0.0,
2025-09-05T20:05:26.524Z,27,GR86-047-21,,-0.1,33.53371047973633,-86.6169204711914,0.167,-0.065,100.0,4.0,,0.0,0.0,
2025-09-05T20:05:26.567Z,27,GR86-047-21,,0.8,33.53374481201172,-86.61688995361328,0.135,-0.046,100.0,4.0,,0.0,0.0,
2025-09-05T20:05:26.610Z,27,GR86-047-21,1571.0,1.1,33.53374481201172,-86.61688995361328,0.15,-0.03,100.0,4.0,6686.0,0.0,0.0,
2025-09-05T20:05:26.653Z,27,GR86-047-21,,1.2000000000000002,33.53377914428711,-86.61685943603516,0.124,-0.021,100.0,4.0,,0.0,0.0,169.6
2025-09-05T20:05:26.696Z,27,GR86-047-21,,1.2000000000000002,33.53377914428711,-86.61685943603516,0.118,-0.003,100.0,4.0,,0.0,0.0,
2025-09-05T20:05:26.739Z,27,GR86-047-21,,1.2000000000000002,33.53377914428711,-86.61685943603516,0.111,0.027,100.0,4.0,,0.0,0.0,
2025-09-05T20:05:26.782Z,27,GR86-047-21,,1.2000000000000002,33.5338134765625,-86.61682891845703,0.145,0.057,100.0,4.0,,0.0,0.0,
2025-09-05T20:05:26.825Z,27,GR86-047-21,1581.0,1.2000000000000002,33.5338134765625,-86.61682891845703,0.168,0.051,100.0,4.0,6713.0,0.0,0.0,
2025-09-05T20:05:26.868Z,27,GR86-047-21,,1.2000000000000002,33.53384780883789,-86.6167984008789,0.16,0.041,100.0,4.0,,0.0,0.0,170.63
2025-09-05T20:05:26.911Z,27,GR86-047-21,,1.2000000000000002,33.53384780883789,-86.6167984008789,0.149,0.031,100.0,4.0,,0.0,0.0,
2025-09-05T20:05:26.954Z,27,GR86-047-21,,1.2000000000000002,33.53388214111328,-86.61677551269531,0.147,0.025,100.0,4.0,,0.0,0.0,
2025-09-05T20:05:26.997Z,27,GR86-047-21,,1.2000000000000002,33.53388214111328,-86.61677551269531,0.107,0.017,100.0,4.0,,0.0,0.0,
2025-09-05T20:05:27.040Z,27,GR86-047-21,1590.0,1.2000000000000002,33.53388214111328,-86.61677551269531,0.108,-0.009,100.0,4.0,6746.0,0.0,0.0,
2025-09-05T20:05:27.084Z,27,GR86-047-21,,1.2000000000000002,33.53391647338867,-86.61674499511719,0.172,-0.013,100.0,4.0,,0.0,0.0,171.65
2025-09-05T20:05:27.127Z,27,GR86-047-21,,1.1,33.53391647338867,-86.61674499511719,0.166,-0.021,100.0,4.0,,0.0,0.0,
2025-09-05T20:05:27.171Z,27,GR86-047-21,,1.1,33.53395080566406,-86.61671447753906,0.162,-0.025,100.0,4.0,,0.0,0.0,
2025-09-05T20:05:27.214Z,27,GR86-047-21,,1.1,33.53395080566406,-86.61671447753906,0.148,-0.029,100.0,4.0,,0.0,0.0,
2025-09-05T20:05:27.257Z,27,GR86-047-21,1600.0,1.2000000000000002,33.53398895263672,-86.61668395996094,0.164,-0.034,100.0,4.0,6785.0,0.0,0.0,
2025-09-05T20:05:27.300Z,27,GR86-047-21,,1.2000000000000002,33.53398895263672,-86.61668395996094,0.152,-0.048,100.0,4.0,,0.0,0.0,172.64
2025-09-05T20:05:27.343Z,27,GR86-047-21,,-1.2000000000000002,33.53402328491211,-86.61665344238281,0.121,-0.054,65.78,4.0,,0.0,0.0,
2025-09-05T20:05:27.387Z,27,GR86-047-21,,-3.4000000000000004,33.53402328491211,-86.61665344238281,0.137,-0.088,31.92,4.0,,0.0,0.0,
2025-09-05T20:05:27.431Z,27,GR86-047-21,,-5.6000000000000005,33.53402328491211,-86.61665344238281,0.128,-0.124,5.6000000000000005,4.0,,0.0,0.0,
2025-09-05T20:05:27.474Z,27,GR86-047-21,1610.0,-7.7,33.5340576171875,-86.61662292480469,0.111,-0.2,0.42,4.0,6820.0,0.0,0.0,
2025-09-05T20:05:27.517Z,27,GR86-047-21,,-10.1,33.5340576171875,-86.61662292480469,0.015,-0.228,0.49,4.0,,7.4,7.525,173.51
2025-09-05T20:05:27.560Z,27,GR86-047-21,,-12.7,33.53409194946289,-86.61659240722656,-0.128,-0.283,0.41,4.0,,11.58,11.58,
2025-09-05T20:05:27.604Z,27,GR86-047-21,,-14.3,33.53409194946289,-86.61659240722656,-0.5740000000000001,-0.381,0.48,4.0,,17.03,17.06,
2025-09-05T20:05:27.647Z,27,GR86-047-21,,-14.3,33.53413009643555,-86.61656951904297,-0.519,-0.456,0.42,4.0,,23.21,23.15,
2025-09-05T20:05:27.690Z,27,GR86-047-21,1619.0,-14.3,33.53413009643555,-86.61656951904297,-0.529,-0.476,0.44,4.0,6490.0,27.835,27.745,
2025-09-05T20:05:27.734Z,27,GR86-047-21,,-13.8,33.53413009643555,-86.61656951904297,-0.584,-0.5750000000000001,0.45,4.0,,31.68,31.36,174.24
2025-09-05T20:05:27.777Z,27,GR86-047-21,,-13.4,33.53416442871094,-86.61653900146484,-0.724,-0.624,0.45,4.0,,37.89,37.42,
2025-09-05T20:05:27.820Z,27,GR86-047-21,,-13.3,33.53416442871094,-86.61653900146484,-0.8190000000000001,-0.5700000000000001,0.46,4.0,,45.75,45.215,
2025-09-05T20:05:27.864Z,27,GR86-047-21,,-13.2,33.53419876098633,-86.61650848388672,-0.897,-0.603,0.47,4.0,,54.235,54.465,
2025-09-05T20:05:27.907Z,27,GR86-047-21,1629.0,-13.2,33.53419876098633,-86.61650848388672,-0.983,-0.5740000000000001,0.54,4.0,6426.0,56.905,58.585,
2025-09-05T20:05:27.951Z,27,GR86-047-21,,-15.4,33.53423309326172,-86.6164779663086,-1.024,-0.658,0.47,4.0,,57.835,58.795,171.77
2025-09-05T20:05:27.994Z,27,GR86-047-21,,-18.5,33.53423309326172,-86.6164779663086,-0.999,-0.673,0.5,4.0,,56.875,56.72,
2025-09-05T20:05:28.037Z,27,GR86-047-21,,-18.8,33.53423309326172,-86.6164779663086,-0.982,-0.674,0.48,4.0,,58.795,59.985,
2025-09-05T20:05:28.080Z,27,GR86-047-21,,-18.8,33.534263610839844,-86.61644744873047,-0.931,-0.799,0.5,4.0,,59.68,61.36,
2025-09-05T20:05:28.124Z,27,GR86-047-21,1638.0,-15.5,33.534263610839844,-86.61644744873047,-0.916,-0.942,0.48,4.0,5930.0,54.615,56.065,
2025-09-05T20:05:28.167Z,27,GR86-047-21,,-6.800000000000001,33.534297943115234,-86.61641693115234,-0.896,-0.872,0.64,4.0,,49.105,49.55,166.08
2025-09-05T20:05:28.210Z,27,GR86-047-21,,0.7000000000000001,33.534297943115234,-86.61641693115234,-0.924,-0.786,0.6,4.0,,48.36,49.55,
2025-09-05T20:05:28.253Z,27,GR86-047-21,,3.6,33.53432846069336,-86.61641693115234,-0.849,-0.834,0.62,4.0,,47.52,49.135,
2025-09-05T20:05:28.296Z,27,GR86-047-21,,3.6,33.53432846069336,-86.61638641357422,-0.894,-0.8150000000000001,0.59,4.0,,42.39,43.05,
2025-09-05T20:05:28.339Z,27,GR86-047-21,1647.0,-1.5,33.53432846069336,-86.61638641357422,-0.975,-0.784,0.62,4.0,5741.0,39.31,39.495,
2025-09-05T20:05:28.382Z,27,GR86-047-21,,-12.8,33.53435516357422,-86.6163558959961,-0.756,-0.889,0.58,4.0,,39.495,40.835,158.09
2025-09-05T20:05:28.425Z,27,GR86-047-21,,-15.7,33.53435516357422,-86.6163558959961,-0.8240000000000001,-0.912,0.58,4.0,,37.77,38.93,
2025-09-05T20:05:28.468Z,27,GR86-047-21,,-16.2,33.534385681152344,-86.6163330078125,-0.68,-0.886,0.56,4.0,,36.12,36.805,
2025-09-05T20:05:28.511Z,27,GR86-047-21,,-16.7,33.534385681152344,-86.6163330078125,-0.801,-0.841,0.63,4.0,,34.81,35.235,
2025-09-05T20:05:28.554Z,27,GR86-047-21,1655.0,-16.900000000000002,33.5344123840332,-86.61630249023438,-0.786,-0.786,0.53,4.0,5703.0,34.455,35.615,
2025-09-05T20:05:28.597Z,27,GR86-047-21,,-16.900000000000002,33.5344123840332,-86.61630249023438,-0.792,-0.8160000000000001,0.56,3.0,,33.315,34.49,153.46
2025-09-05T20:05:28.640Z,27,GR86-047-21,,-16.900000000000002,33.5344123840332,-86.61630249023438,-0.772,-0.853,0.85,3.0,,31.39,31.925,
2025-09-05T20:05:28.684Z,27,GR86-047-21,,-16.900000000000002,33.53443908691406,-86.61627197265625,-0.752,-0.784,0.61,3.0,,30.245,31.39,
2025-09-05T20:05:28.727Z,27,GR86-047-21,,-17.5,33.53443908691406,-86.61627197265625,-0.683,-0.878,0.76,3.0,,29.835,30.58,
2025-09-05T20:05:28.770Z,27,GR86-047-21,1664.0,-17.7,33.534461975097656,-86.61624145507812,-0.793,-0.879,0.66,3.0,5912.0,27.68,28.275,
2025-09-05T20:05:28.814Z,27,GR86-047-21,,-17.7,33.534461975097656,-86.61624145507812,-0.709,-0.742,0.64,3.0,,23.835,24.765,142.77
2025-09-05T20:05:28.858Z,27,GR86-047-21,,-17.7,33.53448867797852,-86.6162109375,-0.589,-0.857,0.72,3.0,,19.335,20.265,
2025-09-05T20:05:28.901Z,27,GR86-047-21,,-17.7,33.53448867797852,-86.6162109375,-0.5720000000000001,-0.891,0.71,3.0,,12.68,13.52,
2025-09-05T20:05:28.944Z,27,GR86-047-21,,-20.8,33.53451156616211,-86.61618041992188,-0.409,-0.94,1.15,3.0,,0.0,2.215,
2025-09-05T20:05:29.030Z,27,GR86-047-21,1672.0,-24.9,33.53451156616211,-86.61618041992188,-0.283,-1.047,1.2,3.0,6291.0,0.0,0.0,138.57
2025-09-05T20:05:29.074Z,27,GR86-047-21,,-33.7,33.5345344543457,-86.61614990234375,-0.229,-1.157,21.12,3.0,,0.0,0.0,
2025-09-05T20:05:29.117Z,27,GR86-047-21,,-33.7,33.5345344543457,-86.61614990234375,-0.202,-1.049,25.72,3.0,,0.0,0.0,
2025-09-05T20:05:29.160Z,27,GR86-047-21,,-33.6,33.53455352783203,-86.61611938476562,-0.182,-1.075,29.81,3.0,,0.0,0.0,
2025-09-05T20:05:29.204Z,27,GR86-047-21,1687.0,-30.1,33.53455352783203,-86.61611938476562,-0.16,-1.088,33.49,3.0,6242.0,0.0,0.0,
2025-09-05T20:05:29.247Z,27,GR86-047-21,,-29.9,33.534576416015625,-86.6160888671875,-0.118,-1.082,33.06,3.0,,0.0,0.0,136.25
2025-09-05T20:05:29.290Z,27,GR86-047-21,,-29.9,33.534576416015625,-86.6160888671875,0.107,-1.126,31.91,3.0,,0.0,0.0,
2025-09-05T20:05:29.333Z,27,GR86-047-21,,-29.8,33.534576416015625,-86.6160888671875,0.024,-1.157,32.660000000000004,3.0,,0.0,0.0,
2025-09-05T20:05:29.376Z,27,GR86-047-21,,-28.9,33.53459548950195,-86.61605834960938,0.061,-1.179,32.88,3.0,,0.0,0.0,
2025-09-05T20:05:29.419Z,27,GR86-047-21,1694.0,-25.700000000000003,33.53459548950195,-86.61605834960938,0.1,-1.231,32.37,3.0,6414.0,0.0,0.0,
2025-09-05T20:05:29.462Z,27,GR86-047-21,,-23.6,33.53461456298828,-86.61602783203125,0.05,-1.191,31.83,3.0,,0.0,0.0,134.61
2025-09-05T20:05:29.505Z,27,GR86-047-21,,-23.6,33.53461456298828,-86.61602783203125,0.064,-1.254,30.07,3.0,,0.0,0.0,
2025-09-05T20:05:29.548Z,27,GR86-047-21,,-25.200000000000003,33.53463363647461,-86.6159896850586,0.036,-1.077,29.86,3.0,,0.0,0.0,
2025-09-05T20:05:29.591Z,27,GR86-047-21,,-29.6,33.53463363647461,-86.6159896850586,0.011,-1.159,26.88,3.0,,0.0,0.0,
2025-09-05T20:05:29.634Z,27,GR86-047-21,1702.0,-30.8,33.53463363647461,-86.6159896850586,0.035,-1.273,21.08,3.0,6369.0,0.0,0.0,
2025-09-05T20:05:29.720Z,27,GR86-047-21,,-30.9,33.53465270996094,-86.61595916748047,0.03,-0.894,22.62,3.0,,0.0,0.0,134.66
2025-09-05T20:05:29.764Z,27,GR86-047-21,,-31.4,33.53466796875,-86.61592102050781,0.073,-0.874,17.93,3.0,,0.0,0.0,
2025-09-05T20:05:29.807Z,27,GR86-047-21,,-31.700000000000003,33.53466796875,-86.61592102050781,-0.157,-0.738,18.07,3.0,,0.0,0.0,
2025-09-05T20:05:29.850Z,27,GR86-047-21,1709.0,-31.700000000000003,33.53468322753906,-86.61589050292969,-0.089,-0.851,15.7,3.0,6343.0,0.0,0.0,
2025-09-05T20:05:29.893Z,27,GR86-047-21,,-31.700000000000003,33.53468322753906,-86.61589050292969,0.099,-0.985,6.17,3.0,,0.0,0.0,135.23
2025-09-05T20:05:29.936Z,27,GR86-047-21,,-33.6,33.53468322753906,-86.61589050292969,0.051,-0.922,5.47,3.0,,0.0,0.0,
2025-09-05T20:05:30.022Z,27,GR86-047-21,,-36.3,33.534698486328125,-86.61585235595703,-0.131,-1.494,6.55,3.0,,0.0,0.0,
2025-09-05T20:05:30.066Z,27,GR86-047-21,1717.0,-36.3,33.53471374511719,-86.61581420898438,-0.102,-1.378,11.81,3.0,6418.0,0.0,0.0,
2025-09-05T20:05:30.109Z,27,GR86-047-21,,-34.6,33.53471374511719,-86.61581420898438,-0.182,-1.009,28.64,3.0,,0.0,0.0,135.84
2025-09-05T20:05:30.153Z,27,GR86-047-21,,-24.700000000000003,33.53472900390625,-86.61577606201172,-0.242,-1.115,33.2,3.0,,0.0,0.0,
2025-09-05T20:05:30.197Z,27,GR86-047-21,,-14.4,33.53472900390625,-86.61577606201172,-0.073,-0.8150000000000001,26.69,3.0,,0.0,0.0,
2025-09-05T20:05:30.240Z,27,GR86-047-21,,-8.8,33.53472900390625,-86.61577606201172,-0.143,-0.662,28.23,3.0,,0.0,0.0,
2025-09-05T20:05:30.284Z,27,GR86-047-21,1724.0,-8.3,33.53474044799805,-86.6157455444336,-0.016,-0.736,27.91,3.0,6122.0,0.0,0.0,
2025-09-05T20:05:30.327Z,27,GR86-047-21,,-8.5,33.53474044799805,-86.6157455444336,0.016,-0.585,27.77,3.0,,0.0,0.0,135.37
2025-09-05T20:05:30.370Z,27,GR86-047-21,,-8.5,33.534751892089844,-86.61570739746094,0.114,-1.226,24.55,3.0,,0.0,0.0,
2025-09-05T20:05:30.414Z,27,GR86-047-21,,-8.5,33.534751892089844,-86.61570739746094,0.199,-1.358,18.52,3.0,,0.0,0.0,
2025-09-05T20:05:30.457Z,27,GR86-047-21,,-8.5,33.53476333618164,-86.61566925048828,0.193,-1.127,19.95,3.0,,3.31,3.695,
2025-09-05T20:05:30.500Z,27,GR86-047-21,1732.0,-4.1000000000000005,33.53476333618164,-86.61566925048828,0.025,-0.855,19.54,3.0,6607.0,10.925,11.155,
2025-09-05T20:05:30.543Z,27,GR86-047-21,,-0.4,33.53477478027344,-86.61563110351562,-0.238,-0.772,2.29,3.0,,18.145,17.96,133.74
2025-09-05T20:05:30.587Z,27,GR86-047-21,,-2.8000000000000003,33.53477478027344,-86.61563110351562,-0.33,-0.45,0.55,3.0,,20.63,20.6,
2025-09-05T20:05:30.631Z,27,GR86-047-21,,-12.5,33.53477478027344,-86.61563110351562,-0.352,-0.338,0.62,3.0,,23.59,23.425,
2025-09-05T20:05:30.674Z,27,GR86-047-21,,-20.4,33.53478240966797,-86.61559295654297,-0.641,-0.356,0.6,3.0,,28.78,28.4,
2025-09-05T20:05:30.717Z,27,GR86-047-21,1739.0,-24.3,33.53478240966797,-86.61559295654297,-0.643,-0.278,0.59,3.0,6277.0,32.84,32.445,
2025-09-05T20:05:30.760Z,27,GR86-047-21,,-24.4,33.5347900390625,-86.61555480957031,-0.847,-0.316,0.72,3.0,,33.375,33.525,134.05
2025-09-05T20:05:30.804Z,27,GR86-047-21,,-23.6,33.5347900390625,-86.61555480957031,-0.806,-0.329,0.6,3.0,,33.555,33.875,
2025-09-05T20:05:30.847Z,27,GR86-047-21,,-20.4,33.53479766845703,-86.61551666259766,-0.764,-0.332,0.68,3.0,,33.435,33.525,
2025-09-05T20:05:30.890Z,27,GR86-047-21,,-17.5,33.53479766845703,-86.61551666259766,-0.8,-0.426,0.6,3.0,,34.715,34.655,
2025-09-05T20:05:30.933Z,27,GR86-047-21,1747.0,-13.9,33.53479766845703,-86.61551666259766,-0.812,-0.397,0.65,3.0,5779.0,40.59,40.21,
2025-09-05T20:05:30.976Z,27,GR86-047-21,,-9.0,33.53480911254883,-86.615478515625,-0.894,-0.462,0.64,3.0,,47.765,47.64,130.75
2025-09-05T20:05:31.019Z,27,GR86-047-21,,-1.8,33.53480911254883,-86.615478515625,-0.929,-0.463,0.59,3.0,,54.43,55.515,
2025-09-05T20:05:31.064Z,27,GR86-047-21,,2.9000000000000004,33.53481674194336,-86.61544036865234,-1.152,-0.425,0.8200000000000001,2.0,,62.06,63.77,
2025-09-05T20:05:31.107Z,27,GR86-047-21,,3.6,33.53481674194336,-86.61544036865234,-1.234,-0.343,0.6900000000000001,2.0,,64.06,65.77,
2025-09-05T20:05:31.152Z,27,GR86-047-21,1754.0,7.0,33.534820556640625,-86.61540985107422,-1.053,-0.4,1.56,2.0,5524.0,59.15,60.735,
2025-09-05T20:05:31.196Z,27,GR86-047-21,,11.9,33.534820556640625,-86.61540985107422,-0.962,-0.597,0.77,2.0,,53.18,53.685,126.61
2025-09-05T20:05:31.239Z,27,GR86-047-21,,15.4,33.534820556640625,-86.61540985107422,-1.091,-0.422,0.84,2.0,,53.15,54.295,
2025-09-05T20:05:31.282Z,27,GR86-047-21,,15.0,33.53482818603516,-86.61537170410156,-0.88,-0.577,0.66,2.0,,47.305,48.42,
2025-09-05T20:05:31.325Z,27,GR86-047-21,,10.5,33.53482818603516,-86.61537170410156,-0.845,-0.286,0.77,2.0,,40.18,41.08,
2025-09-05T20:05:31.368Z,27,GR86-047-21,1760.0,6.6000000000000005,33.53483581542969,-86.61534118652344,-0.678,0.045,0.75,2.0,5962.0,35.985,37.08,
2025-09-05T20:05:31.411Z,27,GR86-047-21,,3.4000000000000004,33.53483581542969,-86.61534118652344,-0.539,0.046,0.62,2.0,,36.245,37.585,111.8
2025-09-05T20:05:31.454Z,27,GR86-047-21,,0.2,33.53483963012695,-86.61531066894531,-0.639,-0.09,0.68,2.0,,36.12,36.455,
2025-09-05T20:05:31.497Z,27,GR86-047-21,,-2.7,33.53483963012695,-86.61531066894531,-0.58,0.101,0.66,2.0,,35.495,35.86,
2025-09-05T20:05:31.541Z,27,GR86-047-21,,-6.4,33.53483963012695,-86.61531066894531,-0.747,-0.003,0.66,2.0,,37.05,37.355,
2025-09-05T20:05:31.584Z,27,GR86-047-21,1767.0,-11.3,33.53484344482422,-86.61527252197266,-0.953,0.041,0.72,2.0,6244.0,42.425,42.515,
2025-09-05T20:05:31.627Z,27,GR86-047-21,,-11.7,33.53484344482422,-86.61527252197266,-0.35,-0.098,0.67,2.0,,42.955,43.89,107.59
2025-09-05T20:05:31.670Z,27,GR86-047-21,,-13.3,33.53485107421875,-86.61524200439453,-0.621,0.007,0.72,2.0,,47.185,47.84,
2025-09-05T20:05:31.714Z,27,GR86-047-21,,-25.200000000000003,33.53485107421875,-86.61524200439453,-0.864,-0.106,0.72,2.0,,51.99,51.96,
2025-09-05T20:05:31.757Z,27,GR86-047-21,,-36.4,33.534854888916016,-86.6152114868164,-0.762,-0.129,0.72,2.0,,53.485,54.295,
2025-09-05T20:05:31.800Z,27,GR86-047-21,1773.0,-40.8,33.534854888916016,-86.6152114868164,-1.025,-0.427,0.67,2.0,5895.0,51.870000000000005,52.89,
2025-09-05T20:05:31.843Z,27,GR86-047-21,,-40.900000000000006,33.53485870361328,-86.61518096923828,-0.915,-0.245,2.03,2.0,,54.14,54.86,102.32
2025-09-05T20:05:31.887Z,27,GR86-047-21,,-36.6,33.53485870361328,-86.61518096923828,-1.112,-0.502,0.66,2.0,,61.82,62.72,
2025-09-05T20:05:31.931Z,27,GR86-047-21,,-34.9,33.53485870361328,-86.61518096923828,-0.893,-0.718,0.66,2.0,,61.91,63.055,
2025-09-05T20:05:31.974Z,27,GR86-047-21,,-34.800000000000004,33.53486251831055,-86.61515808105469,-1.031,-0.625,0.78,2.0,,55.24,56.31,
2025-09-05T20:05:32.017Z,27,GR86-047-21,1784.0,-34.6,33.53486251831055,-86.61515808105469,-0.891,-0.683,0.63,2.0,5295.0,47.705,48.145,
2025-09-05T20:05:32.060Z,27,GR86-047-21,,-32.7,33.53486633300781,-86.61512756347656,-0.767,-0.674,0.72,1.0,,44.255,44.88,99.19
2025-09-05T20:05:32.104Z,27,GR86-047-21,,-30.1,33.53486633300781,-86.61512756347656,-1.031,-0.471,1.47,1.0,,46.205,47.245,
2025-09-05T20:05:32.147Z,27,GR86-047-21,,-30.0,33.53487014770508,-86.61509704589844,-0.929,-0.414,0.7000000000000001,1.0,,50.31,51.655,
2025-09-05T20:05:32.190Z,27,GR86-047-21,,-30.3,33.53487014770508,-86.61509704589844,-0.754,-0.833,1.05,1.0,,48.71,49.2,
2025-09-05T20:05:32.233Z,27,GR86-047-21,1789.0,-32.800000000000004,33.53487014770508,-86.61509704589844,-1.157,-0.5630000000000001,1.18,1.0,5905.0,47.125,47.58,
2025-09-05T20:05:32.276Z,27,GR86-047-21,,-34.9,33.534873962402344,-86.61507415771484,-0.6920000000000001,-0.559,0.68,1.0,,49.015,49.9,94.24
2025-09-05T20:05:32.319Z,27,GR86-047-21,,-34.9,33.534873962402344,-86.61507415771484,-0.8290000000000001,-0.949,0.67,1.0,,49.305,50.435,
2025-09-05T20:05:32.362Z,27,GR86-047-21,,-34.9,33.534873962402344,-86.61504364013672,-0.749,-0.738,0.7000000000000001,1.0,,36.7,37.295,
2025-09-05T20:05:32.406Z,27,GR86-047-21,,-34.9,33.534873962402344,-86.61504364013672,-0.737,-0.793,0.84,1.0,,33.71,34.335,
2025-09-05T20:05:32.449Z,27,GR86-047-21,1794.0,-37.4,33.53487777709961,-86.61502075195312,-0.79,-0.802,0.89,1.0,5829.0,34.335,35.115,
2025-09-05T20:05:32.493Z,27,GR86-047-21,,-43.400000000000006,33.53487777709961,-86.61502075195312,-0.78,-0.656,0.73,1.0,,32.9,33.875,88.57000000000001
2025-09-05T20:05:32.536Z,27,GR86-047-21,,-49.400000000000006,33.53487777709961,-86.61502075195312,-0.726,-0.96,0.73,1.0,,28.125,28.72,
2025-09-05T20:05:32.579Z,27,GR86-047-21,,-55.2,33.53487777709961,-86.614990234375,-0.661,-0.882,0.72,1.0,,23.745,24.2,
2025-09-05T20:05:32.624Z,27,GR86-047-21,,-63.2,33.53487777709961,-86.614990234375,-0.518,-0.957,0.73,1.0,,22.16,22.735,
2025-09-05T20:05:32.667Z,27,GR86-047-21,1799.0,-66.7,33.53487777709961,-86.6149673461914,-0.512,-0.952,0.74,1.0,5866.0,21.38,21.99,
2025-09-05T20:05:32.710Z,27,GR86-047-21,,-67.3,33.53487777709961,-86.6149673461914,-0.585,-0.983,0.76,1.0,,20.355,20.63,83.59
2025-09-05T20:05:32.754Z,27,GR86-047-21,,-67.3,33.53487777709961,-86.61494445800781,-0.585,-0.986,0.8,1.0,,18.985,19.58,
2025-09-05T20:05:32.797Z,27,GR86-047-21,,-67.3,33.53487777709961,-86.61494445800781,-0.47,-0.965,0.85,1.0,,17.185,17.745,
2025-09-05T20:05:32.840Z,27,GR86-047-21,,-67.3,33.53487777709961,-86.61494445800781,-0.516,-1.061,0.99,1.0,,15.93,16.375,
2025-09-05T20:05:32.883Z,27,GR86-047-21,1803.0,-67.9,33.534873962402344,-86.61492156982422,-0.491,-1.014,0.88,1.0,5669.0,10.59,11.215,
2025-09-05T20:05:32.927Z,27,GR86-047-21,,-71.10000000000001,33.534873962402344,-86.61492156982422,-0.527,-1.227,1.22,1.0,,8.485,9.065,81.26
2025-09-05T20:05:32.970Z,27,GR86-047-21,,-76.5,33.534873962402344,-86.61489868164062,-0.385,-1.083,1.37,1.0,,6.425,7.08,
2025-09-05T20:05:33.014Z,27,GR86-047-21,,-83.80000000000001,33.534873962402344,-86.61489868164062,-0.33,-1.153,1.23,1.0,,1.985,2.395,
2025-09-05T20:05:33.058Z,27,GR86-047-21,,-92.5,33.53487014770508,-86.61487579345703,-0.301,-1.253,0.86,1.0,,0.0,0.0,
2025-09-05T20:05:33.101Z,27,GR86-047-21,1808.0,-100.4,33.53487014770508,-86.61487579345703,-0.345,-1.239,0.71,1.0,5571.0,0.0,0.0,
2025-09-05T20:05:33.144Z,27,GR86-047-21,,-105.4,33.53486633300781,-86.61485290527344,-0.301,-1.309,0.78,1.0,,0.0,0.0,79.34
2025-09-05T20:05:33.187Z,27,GR86-047-21,,-106.4,33.53486633300781,-86.61485290527344,-0.333,-1.316,2.2,1.0,,0.0,0.0,
2025-09-05T20:05:33.230Z,27,GR86-047-21,,-106.7,33.53486633300781,-86.61485290527344,-0.285,-1.32,1.94,1.0,,0.0,0.0,
2025-09-05T20:05:33.273Z,27,GR86-047-21,,-107.4,33.53485870361328,-86.61483001708984,-0.365,-1.466,4.66,1.0,,0.0,0.0,
2025-09-05T20:05:33.316Z,27,GR86-047-21,1812.0,-107.8,33.53485870361328,-86.61483001708984,-0.292,-1.395,12.45,1.0,5518.0,0.0,0.0,
2025-09-05T20:05:33.359Z,27,GR86-047-21,,-107.9,33.534854888916016,-86.61481475830078,-0.326,-1.497,27.27,1.0,,0.0,0.0,78.58
2025-09-05T20:05:33.404Z,27,GR86-047-21,,-109.0,33.534854888916016,-86.61481475830078,-0.339,-1.439,47.0,1.0,,0.0,0.0,
2025-09-05T20:05:33.447Z,27,GR86-047-21,,-110.1,33.534847259521484,-86.61479187011719,-0.225,-1.448,47.870000000000005,1.0,,0.0,0.0,
2025-09-05T20:05:33.490Z,27,GR86-047-21,,-110.4,33.534847259521484,-86.61479187011719,-0.182,-1.336,48.620000000000005,1.0,,0.0,0.0,
2025-09-05T20:05:33.534Z,27,GR86-047-21,1816.0,-110.4,33.534847259521484,-86.61479187011719,-0.17,-1.399,49.61,1.0,5445.0,0.0,0.0,
2025-09-05T20:05:33.577Z,27,GR86-047-21,,-110.4,33.53483963012695,-86.61477661132812,0.117,-1.288,49.39,1.0,,0.0,0.0,77.65
2025-09-05T20:05:33.620Z,27,GR86-047-21,,-110.4,33.53483963012695,-86.61477661132812,0.281,-1.277,50.07,1.0,,0.0,0.0,
2025-09-05T20:05:33.664Z,27,GR86-047-21,,-110.4,33.53482818603516,-86.61475372314453,0.304,-1.213,60.19,1.0,,0.0,0.0,
2025-09-05T20:05:33.707Z,27,GR86-047-21,,-110.4,33.53482818603516,-86.61475372314453,0.19,-1.295,67.79,1.0,,0.0,0.0,
2025-09-05T20:05:33.750Z,27,GR86-047-21,1821.0,-110.4,33.53481674194336,-86.61473846435547,0.133,-1.255,76.60000000000001,1.0,6024.0,0.0,0.0,
2025-09-05T20:05:33.794Z,27,GR86-047-21,,-110.4,33.53481674194336,-86.61473846435547,0.066,-1.235,84.16,1.0,,0.0,0.0,76.82000000000001
2025-09-05T20:05:33.837Z,27,GR86-047-21,,-108.1,33.53481674194336,-86.61473846435547,0.129,-1.279,95.52,1.0,,0.0,0.0,
2025-09-05T20:05:33.880Z,27,GR86-047-21,,-103.1,33.53480529785156,-86.6147232055664,0.155,-1.292,100.0,1.0,,0.0,0.0,
2025-09-05T20:05:33.924Z,27,GR86-047-21,,-91.7,33.53480529785156,-86.6147232055664,0.243,-1.273,100.0,1.0,,0.0,0.0,
2025-09-05T20:05:33.967Z,27,GR86-047-21,1825.0,-83.60000000000001,33.534793853759766,-86.61470031738281,0.275,-1.188,100.0,1.0,5866.0,0.0,0.0,
2025-09-05T20:05:34.010Z,27,GR86-047-21,,-76.10000000000001,33.534793853759766,-86.61470031738281,0.282,-1.26,100.0,1.0,,0.0,0.0,79.27
2025-09-05T20:05:34.053Z,27,GR86-047-21,,-70.8,33.5347785949707,-86.61468505859375,0.314,-1.228,100.0,1.0,,0.0,0.0,
2025-09-05T20:05:34.096Z,27,GR86-047-21,,-69.3,33.5347785949707,-86.61468505859375,0.292,-1.18,100.0,1.0,,0.0,0.0,
2025-09-05T20:05:34.139Z,27,GR86-047-21,,-69.2,33.5347785949707,-86.61468505859375,0.261,-1.209,100.0,1.0,,0.0,0.0,
2025-09-05T20:05:34.182Z,27,GR86-047-21,1829.0,-69.9,33.534767150878906,-86.61466979980469,0.303,-1.207,100.0,1.0,6177.0,0.0,0.0,
2025-09-05T20:05:34.226Z,27,GR86-047-21,,-70.4,33.534767150878906,-86.61466979980469,0.249,-1.217,100.0,1.0,,0.0,0.0,81.87
2025-09-05T20:05:34.269Z,27,GR86-047-21,,-71.0,33.53474807739258,-86.61465454101562,0.279,-1.215,100.0,1.0,,0.0,0.0,
2025-09-05T20:05:34.314Z,27,GR86-047-21,,-73.10000000000001,33.53474807739258,-86.61465454101562,0.274,-1.212,100.0,1.0,,0.0,0.0,
2025-09-05T20:05:34.357Z,27,GR86-047-21,,-77.30000000000001,33.53473281860352,-86.6146469116211,0.259,-1.215,100.0,1.0,,0.0,0.0,
2025-09-05T20:05:34.400Z,27,GR86-047-21,1834.0,-82.60000000000001,33.53473281860352,-86.6146469116211,0.248,-1.273,100.0,1.0,6311.0,0.0,0.0,
2025-09-05T20:05:34.443Z,27,GR86-047-21,,-87.2,33.53473281860352,-86.6146469116211,0.242,-1.254,100.0,1.0,,0.0,0.0,84.21000000000001
2025-09-05T20:05:34.486Z,27,GR86-047-21,,-87.30000000000001,33.53471374511719,-86.61463165283203,0.215,-1.31,100.0,1.0,,0.0,0.0,
2025-09-05T20:05:34.529Z,27,GR86-047-21,,-87.30000000000001,33.53471374511719,-86.61463165283203,0.253,-1.276,100.0,1.0,,0.0,0.0,
2025-09-05T20:05:34.574Z,27,GR86-047-21,,-87.30000000000001,33.534698486328125,-86.61461639404297,0.242,-1.308,100.0,1.0,,0.0,0.0,
2025-09-05T20:05:34.661Z,27,GR86-047-21,1843.0,-86.10000000000001,33.534698486328125,-86.61461639404297,0.239,-1.265,100.0,1.0,6638.0,0.0,0.0,86.78
2025-09-05T20:05:34.704Z,27,GR86-047-21,,-75.60000000000001,33.5346794128418,-86.61460876464844,0.234,-1.256,100.0,1.0,,0.0,0.0,
2025-09-05T20:05:34.747Z,27,GR86-047-21,,-72.2,33.5346565246582,-86.6146011352539,0.235,-1.279,100.0,1.0,,0.0,0.0,
2025-09-05T20:05:34.790Z,27,GR86-047-21,,-71.8,33.5346565246582,-86.6146011352539,0.25,-1.229,100.0,1.0,,0.0,0.0,
2025-09-05T20:05:34.834Z,27,GR86-047-21,1848.0,-71.8,33.5346565246582,-86.6146011352539,0.271,-1.241,100.0,1.0,6844.0,0.0,0.0,
2025-09-05T20:05:34.877Z,27,GR86-047-21,,-71.8,33.534637451171875,-86.61459350585938,0.274,-1.237,100.0,1.0,,0.0,0.0,89.2
2025-09-05T20:05:34.920Z,27,GR86-047-21,,-71.8,33.534637451171875,-86.61459350585938,0.266,-1.246,100.0,1.0,,0.0,0.0,
2025-09-05T20:05:34.964Z,27,GR86-047-21,,-70.4,33.53461456298828,-86.61458587646484,0.218,-1.25,100.0,1.0,,0.0,0.0,
2025-09-05T20:05:35.007Z,27,GR86-047-21,,-69.7,33.53461456298828,-86.61458587646484,0.222,-1.309,100.0,1.0,,0.0,0.0,
2025-09-05T20:05:35.051Z,27,GR86-047-21,1853.0,-68.7,33.53459548950195,-86.61457824707031,0.269,-1.219,100.0,1.0,7003.0,0.0,0.0,
2025-09-05T20:05:35.096Z,27,GR86-047-21,,-67.2,33.53459548950195,-86.61457824707031,0.271,-1.303,100.0,1.0,,0.0,0.0,91.47
2025-09-05T20:05:35.139Z,27,GR86-047-21,,-65.4,33.53459548950195,-86.61457824707031,0.28,-1.234,100.0,1.0,,0.0,0.0,
2025-09-05T20:05:35.182Z,27,GR86-047-21,,-63.400000000000006,33.53457260131836,-86.61457061767578,0.227,-1.214,100.0,1.0,,0.0,0.0,
2025-09-05T20:05:35.225Z,27,GR86-047-21,,-62.7,33.53457260131836,-86.61457061767578,0.252,-1.217,100.0,1.0,,0.0,0.0,
2025-09-05T20:05:35.268Z,27,GR86-047-21,1859.0,-62.6,33.534549713134766,-86.61457061767578,0.277,-1.213,100.0,1.0,7150.0,0.0,0.0,
2025-09-05T20:05:35.311Z,27,GR86-047-21,,-62.5,33.534549713134766,-86.61457061767578,0.278,-1.2,100.0,1.0,,0.0,0.0,93.88
2025-09-05T20:05:35.354Z,27,GR86-047-21,,-62.400000000000006,33.534549713134766,-86.61457061767578,0.259,-1.24,100.0,1.0,,0.0,0.0,
2025-09-05T20:05:35.397Z,27,GR86-047-21,,-62.400000000000006,33.53452682495117,-86.61456298828125,0.249,-1.19,100.0,1.0,,0.0,0.0,
2025-09-05T20:05:35.440Z,27,GR86-047-21,,-62.400000000000006,33.53452682495117,-86.61456298828125,0.227,-1.184,100.0,1.0,,0.0,0.0,
2025-09-05T20:05:35.483Z,27,GR86-047-21,1864.0,-62.400000000000006,33.53450393676758,-86.61456298828125,0.137,-1.218,100.0,1.0,7295.0,0.0,0.0,
2025-09-05T20:05:35.527Z,27,GR86-047-21,,-62.400000000000006,33.53450393676758,-86.61456298828125,-0.095,-1.178,100.0,2.0,,0.0,0.0,96.06
2025-09-05T20:05:35.571Z,27,GR86-047-21,,-62.400000000000006,33.53447723388672,-86.61456298828125,0.058,-1.154,100.0,2.0,,0.0,0.0,
2025-09-05T20:05:35.614Z,27,GR86-047-21,,-62.400000000000006,33.53447723388672,-86.61456298828125,0.511,-1.155,100.0,2.0,,0.0,0.0,
2025-09-05T20:05:35.657Z,27,GR86-047-21,,-61.8,33.534454345703125,-86.61457061767578,0.446,-1.238,100.0,2.0,,0.0,0.0,
2025-09-05T20:05:35.700Z,27,GR86-047-21,1869.0,-61.0,33.534454345703125,-86.61457061767578,0.533,-1.106,100.0,2.0,6642.0,0.0,0.0,
2025-09-05T20:05:35.744Z,27,GR86-047-21,,-59.6,33.53443145751953,-86.61457061767578,0.227,-1.308,100.0,2.0,,0.0,0.0,98.12
2025-09-05T20:05:35.787Z,27,GR86-047-21,,-58.2,33.53443145751953,-86.61457061767578,0.155,-1.154,100.0,2.0,,0.0,0.0,
2025-09-05T20:05:35.831Z,27,GR86-047-21,,-56.2,33.53443145751953,-86.61457061767578,0.084,-1.261,100.0,2.0,,0.0,0.0,
2025-09-05T20:05:35.874Z,27,GR86-047-21,,-54.2,33.53440475463867,-86.61457824707031,0.178,-1.229,100.0,2.0,,0.0,0.0,
2025-09-05T20:05:35.917Z,27,GR86-047-21,1875.0,-53.5,33.53440475463867,-86.61457824707031,0.231,-1.193,100.0,2.0,5758.0,0.0,0.0,
2025-09-05T20:05:35.960Z,27,GR86-047-21,,-53.5,33.53438186645508,-86.61457824707031,0.273,-1.146,100.0,2.0,,0.0,0.0,100.49
2025-09-05T20:05:36.004Z,27,GR86-047-21,,-53.5,33.53438186645508,-86.61457824707031,0.247,-1.119,100.0,2.0,,0.0,0.0,
2025-09-05T20:05:36.047Z,27,GR86-047-21,,-53.5,33.534358978271484,-86.61458587646484,0.192,-1.13,100.0,2.0,,0.0,0.0,
2025-09-05T20:05:36.090Z,27,GR86-047-21,,-53.5,33.534358978271484,-86.61458587646484,0.179,-1.112,100.0,2.0,,0.0,0.0,
2025-09-05T20:05:36.133Z,27,GR86-047-21,1881.0,-53.5,33.534358978271484,-86.61458587646484,0.201,-1.158,100.0,2.0,5982.0,0.0,0.0,
2025-09-05T20:05:36.176Z,27,GR86-047-21,,-53.5,33.534332275390625,-86.61459350585938,0.218,-1.105,100.0,2.0,,0.0,0.0,102.44
2025-09-05T20:05:36.219Z,27,GR86-047-21,,-53.400000000000006,33.534332275390625,-86.61459350585938,0.234,-1.088,100.0,2.0,,0.0,0.0,
2025-09-05T20:05:36.262Z,27,GR86-047-21,,-52.3,33.53430938720703,-86.61460876464844,0.215,-1.095,100.0,2.0,,0.0,0.0,
2025-09-05T20:05:36.306Z,27,GR86-047-21,,-50.5,33.53430938720703,-86.61460876464844,0.209,-1.085,100.0,2.0,,0.0,0.0,
2025-09-05T20:05:36.349Z,27,GR86-047-21,1886.0,-48.5,33.53428649902344,-86.61461639404297,0.207,-1.102,100.0,2.0,6087.0,0.0,0.0,
2025-09-05T20:05:36.393Z,27,GR86-047-21,,-46.400000000000006,33.53428649902344,-86.61461639404297,0.227,-1.074,100.0,2.0,,0.0,0.0,104.1
2025-09-05T20:05:36.436Z,27,GR86-047-21,,-45.5,33.53428649902344,-86.61461639404297,0.221,-1.06,100.0,2.0,,0.0,0.0,
2025-09-05T20:05:36.479Z,27,GR86-047-21,,-45.400000000000006,33.53425979614258,-86.61463165283203,0.232,-1.014,100.0,2.0,,0.0,0.0,
2025-09-05T20:05:36.524Z,27,GR86-047-21,,-45.400000000000006,33.53425979614258,-86.61463165283203,0.202,-0.957,100.0,2.0,,0.0,0.0,
2025-09-05T20:05:36.567Z,27,GR86-047-21,1892.0,-45.400000000000006,33.534236907958984,-86.61463928222656,0.185,-0.97,100.0,2.0,6183.0,0.0,0.0,
2025-09-05T20:05:36.610Z,27,GR86-047-21,,-45.5,33.534236907958984,-86.61463928222656,0.246,-0.924,100.0,2.0,,0.0,0.0,107.03
2025-09-05T20:05:36.653Z,27,GR86-047-21,,-45.7,33.53421401977539,-86.61465454101562,0.237,-0.957,100.0,2.0,,0.0,0.0,
2025-09-05T20:05:36.697Z,27,GR86-047-21,,-45.7,33.53421401977539,-86.61465454101562,0.213,-0.904,100.0,2.0,,0.0,0.0,
2025-09-05T20:05:36.740Z,27,GR86-047-21,,-45.7,33.53421401977539,-86.61465454101562,0.214,-0.919,100.0,2.0,,0.0,0.0,
2025-09-05T20:05:36.783Z,27,GR86-047-21,1898.0,-44.0,33.5341911315918,-86.61466979980469,0.223,-0.882,100.0,2.0,6278.0,0.0,0.0,
2025-09-05T20:05:36.827Z,27,GR86-047-21,,-41.8,33.5341911315918,-86.61466979980469,0.199,-0.919,100.0,2.0,,0.0,0.0,108.72
2025-09-05T20:05:36.870Z,27,GR86-047-21,,-39.8,33.53416442871094,-86.61468505859375,0.235,-0.856,100.0,2.0,,0.0,0.0,
2025-09-05T20:05:36.914Z,27,GR86-047-21,,-39.3,33.53416442871094,-86.61468505859375,0.22,-0.889,100.0,2.0,,0.0,0.0,
2025-09-05T20:05:36.958Z,27,GR86-047-21,,-39.2,33.534141540527344,-86.61470794677734,0.224,-0.928,100.0,2.0,,0.0,0.0,
2025-09-05T20:05:37.001Z,27,GR86-047-21,1904.0,-39.2,33.534141540527344,-86.61470794677734,0.204,-0.846,100.0,2.0,6387.0,0.0,0.0,
2025-09-05T20:05:37.047Z,27,GR86-047-21,,-39.2,33.534122467041016,-86.6147232055664,0.229,-0.944,100.0,2.0,,0.0,0.0,110.5
2025-09-05T20:05:37.090Z,27,GR86-047-21,,-39.1,33.534122467041016,-86.6147232055664,0.224,-0.864,100.0,2.0,,0.0,0.0,
2025-09-05T20:05:37.134Z,27,GR86-047-21,,-38.1,33.534122467041016,-86.6147232055664,0.232,-0.858,100.0,2.0,,0.0,0.0,
2025-09-05T20:05:37.177Z,27,GR86-047-21,,-37.2,33.53409957885742,-86.61474609375,0.211,-0.891,100.0,2.0,,0.0,0.0,
2025-09-05T20:05:37.220Z,27,GR86-047-21,1917.0,-36.6,33.53409957885742,-86.61474609375,0.217,-0.8140000000000001,100.0,2.0,6588.0,0.0,0.0,
2025-09-05T20:05:37.264Z,27,GR86-047-21,,-36.2,33.53407669067383,-86.61476135253906,0.228,-0.81,100.0,2.0,,0.0,0.0,112.45
2025-09-05T20:05:37.307Z,27,GR86-047-21,,-36.0,33.53407669067383,-86.61476135253906,0.219,-0.808,100.0,2.0,,0.0,0.0,
2025-09-05T20:05:37.351Z,27,GR86-047-21,,-35.0,33.534053802490234,-86.61478424072266,0.209,-0.8180000000000001,100.0,2.0,,0.0,0.0,
2025-09-05T20:05:37.395Z,27,GR86-047-21,,-34.0,33.534053802490234,-86.61478424072266,0.232,-0.717,100.0,2.0,,0.0,0.0,
2025-09-05T20:05:37.438Z,27,GR86-047-21,1923.0,-33.300000000000004,33.534053802490234,-86.61478424072266,0.223,-0.7010000000000001,100.0,2.0,6697.0,0.0,0.0,
2025-09-05T20:05:37.481Z,27,GR86-047-21,,-31.6,33.53403091430664,-86.61480712890625,0.219,-0.76,100.0,2.0,,0.0,0.0,114.3
2025-09-05T20:05:37.524Z,27,GR86-047-21,,-29.0,33.53403091430664,-86.61480712890625,0.231,-0.708,100.0,2.0,,0.0,0.0,
2025-09-05T20:05:37.567Z,27,GR86-047-21,,-28.700000000000003,33.53401184082031,-86.61483001708984,0.216,-0.806,100.0,2.0,,0.0,0.0,
2025-09-05T20:05:37.610Z,27,GR86-047-21,,-28.700000000000003,33.53401184082031,-86.61483001708984,0.27,-0.683,100.0,2.0,,0.0,0.0,
2025-09-05T20:05:37.653Z,27,GR86-047-21,1929.0,-28.700000000000003,33.53398895263672,-86.61485290527344,0.209,-0.606,100.0,2.0,6823.0,0.0,0.0,
2025-09-05T20:05:37.696Z,27,GR86-047-21,,-28.5,33.53398895263672,-86.61485290527344,0.19,-0.675,100.0,2.0,,0.0,0.0,116.17
2025-09-05T20:05:37.739Z,27,GR86-047-21,,-27.5,33.53398895263672,-86.61485290527344,0.191,-0.712,100.0,2.0,,0.0,0.0,
2025-09-05T20:05:37.782Z,27,GR86-047-21,,-26.1,33.53396987915039,-86.61487579345703,0.281,-0.801,100.0,2.0,,0.0,0.0,
2025-09-05T20:05:37.825Z,27,GR86-047-21,,-25.5,33.53396987915039,-86.61487579345703,0.267,-0.837,100.0,2.0,,0.0,0.0,
2025-09-05T20:05:37.868Z,27,GR86-047-21,1936.0,-24.5,33.5339469909668,-86.61489868164062,0.229,-0.87,100.0,2.0,6942.0,0.0,0.0,
2025-09-05T20:05:37.911Z,27,GR86-047-21,,-23.700000000000003,33.5339469909668,-86.61489868164062,0.21,-0.783,100.0,2.0,,0.0,0.0,118.03
2025-09-05T20:05:37.954Z,27,GR86-047-21,,-23.1,33.53392791748047,-86.61492156982422,0.217,-0.767,100.0,2.0,,0.0,0.0,
2025-09-05T20:05:37.997Z,27,GR86-047-21,,-21.6,33.53392791748047,-86.61492156982422,0.227,-0.737,100.0,2.0,,0.0,0.0,
2025-09-05T20:05:38.040Z,27,GR86-047-21,,-20.4,33.53392791748047,-86.61492156982422,0.26,-0.581,100.0,2.0,,0.0,0.0,
2025-09-05T20:05:38.083Z,27,GR86-047-21,1943.0,-17.900000000000002,33.53390884399414,-86.61495208740234,0.26,-0.5640000000000001,100.0,2.0,7005.0,0.0,0.0,
2025-09-05T20:05:38.127Z,27,GR86-047-21,,-16.8,33.53390884399414,-86.61495208740234,0.207,-0.443,100.0,2.0,,0.0,0.0,120.24
2025-09-05T20:05:38.170Z,27,GR86-047-21,,-16.400000000000002,33.53388977050781,-86.61498260498047,0.214,-0.435,100.0,2.0,,0.0,0.0,
2025-09-05T20:05:38.214Z,27,GR86-047-21,,-16.1,33.53388977050781,-86.61498260498047,0.243,-0.419,100.0,2.0,,0.0,0.0,
2025-09-05T20:05:38.257Z,27,GR86-047-21,,-15.7,33.533870697021484,-86.61500549316406,0.242,-0.389,100.0,2.0,,0.0,0.0,
2025-09-05T20:05:38.300Z,27,GR86-047-21,1949.0,-15.6,33.533870697021484,-86.61500549316406,0.23,-0.391,100.0,2.0,7098.0,0.0,0.0,
2025-09-05T20:05:38.344Z,27,GR86-047-21,,-15.3,33.53384780883789,-86.61503601074219,0.195,-0.391,100.0,2.0,,0.0,0.0,122.13
2025-09-05T20:05:38.387Z,27,GR86-047-21,,-14.8,33.53384780883789,-86.61503601074219,0.237,-0.364,100.0,2.0,,0.0,0.0,
2025-09-05T20:05:38.430Z,27,GR86-047-21,,-13.6,33.53384780883789,-86.61503601074219,0.239,-0.379,100.0,2.0,,0.0,0.0,
2025-09-05T20:05:38.474Z,27,GR86-047-21,,-12.5,33.53382873535156,-86.61506652832031,0.221,-0.364,100.0,2.0,,0.0,0.0,
2025-09-05T20:05:38.517Z,27,GR86-047-21,1956.0,-11.3,33.53382873535156,-86.61506652832031,0.251,-0.338,100.0,2.0,7195.0,0.0,0.0,
2025-09-05T20:05:38.560Z,27,GR86-047-21,,-10.4,33.53382873535156,-86.61506652832031,0.239,-0.276,100.0,2.0,,0.0,0.0,123.87
2025-09-05T20:05:38.604Z,27,GR86-047-21,,-9.3,33.533809661865234,-86.61509704589844,0.22,-0.311,100.0,2.0,,0.0,0.0,
2025-09-05T20:05:38.647Z,27,GR86-047-21,,-8.1,33.53379440307617,-86.61512756347656,0.188,-0.284,100.0,2.0,,0.0,0.0,
2025-09-05T20:05:38.690Z,27,GR86-047-21,,-6.4,33.53379440307617,-86.61512756347656,0.168,-0.252,100.0,2.0,,0.0,0.0,
2025-09-05T20:05:38.734Z,27,GR86-047-21,1963.0,-2.5,33.53379440307617,-86.61512756347656,0.133,-0.215,100.0,3.0,7288.0,0.0,0.0,
2025-09-05T20:05:38.777Z,27,GR86-047-21,,0.7000000000000001,33.533775329589844,-86.61515045166016,-0.092,-0.174,100.0,3.0,,0.0,0.0,125.67
2025-09-05T20:05:38.820Z,27,GR86-047-21,,1.6,33.533775329589844,-86.61515045166016,0.617,-0.122,100.0,3.0,,0.0,0.0,
2025-09-05T20:05:38.864Z,27,GR86-047-21,,2.1,33.53375625610352,-86.61518096923828,0.395,-0.141,100.0,3.0,,0.0,0.0,
2025-09-05T20:05:38.907Z,27,GR86-047-21,,2.0,33.53375625610352,-86.61518096923828,0.333,0.061,100.0,3.0,,0.0,0.0,
2025-09-05T20:05:38.951Z,27,GR86-047-21,1970.0,2.0,33.53373718261719,-86.6152114868164,0.108,-0.007,100.0,3.0,6930.0,0.0,0.0,
2025-09-05T20:05:38.995Z,27,GR86-047-21,,2.0,33.53373718261719,-86.6152114868164,0.097,-0.006,100.0,3.0,,0.0,0.0,127.28
2025-09-05T20:05:39.038Z,27,GR86-047-21,,2.0,33.53373718261719,-86.6152114868164,0.152,0.073,100.0,3.0,,0.0,0.0,
2025-09-05T20:05:39.081Z,27,GR86-047-21,,2.0,33.53371810913086,-86.61524963378906,0.278,0.045,100.0,3.0,,0.0,0.0,
2025-09-05T20:05:39.124Z,27,GR86-047-21,,2.0,33.53371810913086,-86.61524963378906,0.197,0.084,100.0,3.0,,0.0,0.0,
2025-09-05T20:05:39.167Z,27,GR86-047-21,1978.0,2.0,33.53369903564453,-86.61528015136719,0.179,0.039,100.0,3.0,6031.0,0.0,0.0,
2025-09-05T20:05:39.210Z,27,GR86-047-21,,2.0,33.53369903564453,-86.61528015136719,0.16,0.009,100.0,3.0,,0.0,0.0,130.67000000000002
2025-09-05T20:05:39.253Z,27,GR86-047-21,,2.0,33.5336799621582,-86.61531066894531,0.169,0.069,100.0,3.0,,0.0,0.0,
2025-09-05T20:05:39.296Z,27,GR86-047-21,,2.0,33.5336799621582,-86.61531066894531,0.241,0.048,100.0,3.0,,0.0,0.0,
2025-09-05T20:05:39.382Z,27,GR86-047-21,1985.0,3.8,33.533660888671875,-86.61534118652344,0.208,0.078,100.0,3.0,6115.0,0.0,0.0,
2025-09-05T20:05:39.425Z,27,GR86-047-21,,3.8,33.533660888671875,-86.61534118652344,0.18,0.073,100.0,3.0,,0.0,0.0,132.14
2025-09-05T20:05:39.468Z,27,GR86-047-21,,4.1000000000000005,33.53363800048828,-86.61537170410156,0.168,0.12,100.0,3.0,,0.0,0.0,
2025-09-05T20:05:39.511Z,27,GR86-047-21,,4.3,33.53363800048828,-86.61537170410156,0.202,0.124,100.0,3.0,,0.0,0.0,
2025-09-05T20:05:39.554Z,27,GR86-047-21,,4.5,33.53361892700195,-86.61540222167969,0.203,0.128,100.0,3.0,,0.0,0.0,
2025-09-05T20:05:39.597Z,27,GR86-047-21,1992.0,5.2,33.53361892700195,-86.61540222167969,0.194,0.105,100.0,3.0,6191.0,0.0,0.0,
2025-09-05T20:05:39.641Z,27,GR86-047-21,,5.9,33.53361892700195,-86.61540222167969,0.196,0.136,100.0,3.0,,0.0,0.0,133.44
2025-09-05T20:05:39.684Z,27,GR86-047-21,,6.4,33.533599853515625,-86.61543273925781,0.155,0.167,100.0,3.0,,0.0,0.0,
2025-09-05T20:05:39.727Z,27,GR86-047-21,,6.300000000000001,33.533599853515625,-86.61543273925781,0.185,0.191,100.0,3.0,,0.0,0.0,
2025-09-05T20:05:39.771Z,27,GR86-047-21,,6.300000000000001,33.5335807800293,-86.61547088623047,0.214,0.196,100.0,3.0,,0.0,0.0,
2025-09-05T20:05:39.814Z,27,GR86-047-21,2007.0,6.300000000000001,33.5335807800293,-86.61547088623047,0.21,0.157,100.0,3.0,6347.0,0.0,0.0,
2025-09-05T20:05:39.857Z,27,GR86-047-21,,6.300000000000001,33.53356170654297,-86.6155014038086,0.182,0.191,100.0,3.0,,0.0,0.0,134.84
2025-09-05T20:05:39.900Z,27,GR86-047-21,,6.300000000000001,33.53356170654297,-86.6155014038086,0.21,0.212,100.0,3.0,,0.0,0.0,
2025-09-05T20:05:39.944Z,27,GR86-047-21,,6.300000000000001,33.533538818359375,-86.61553192138672,0.162,0.202,100.0,3.0,,0.0,0.0,
2025-09-05T20:05:39.987Z,27,GR86-047-21,,6.300000000000001,33.533538818359375,-86.61553192138672,0.212,0.177,100.0,3.0,,0.0,0.0,
2025-09-05T20:05:40.031Z,27,GR86-047-21,2015.0,6.300000000000001,33.533538818359375,-86.61553192138672,0.219,0.147,100.0,3.0,6396.0,0.0,0.0,
2025-09-05T20:05:40.074Z,27,GR86-047-21,,6.300000000000001,33.53351974487305,-86.61556243896484,0.173,0.153,100.0,3.0,,0.0,0.0,136.28
2025-09-05T20:05:40.117Z,27,GR86-047-21,,6.300000000000001,33.53351974487305,-86.61556243896484,0.201,0.2,100.0,3.0,,0.0,0.0,
2025-09-05T20:05:40.161Z,27,GR86-047-21,,6.300000000000001,33.53349685668945,-86.61559295654297,0.195,0.181,100.0,3.0,,0.0,0.0,
2025-09-05T20:05:40.204Z,27,GR86-047-21,,6.300000000000001,33.53349685668945,-86.61559295654297,0.176,0.177,100.0,3.0,,0.0,0.0,
2025-09-05T20:05:40.247Z,27,GR86-047-21,2022.0,6.300000000000001,33.533477783203125,-86.61563110351562,0.212,0.158,100.0,3.0,6445.0,0.0,0.0,
2025-09-05T20:05:40.290Z,27,GR86-047-21,,6.300000000000001,33.533477783203125,-86.61563110351562,0.221,0.171,100.0,3.0,,0.0,0.0,137.65
2025-09-05T20:05:40.334Z,27,GR86-047-21,,6.300000000000001,33.533477783203125,-86.61563110351562,0.173,0.183,100.0,3.0,,0.0,0.0,
2025-09-05T20:05:40.377Z,27,GR86-047-21,,6.300000000000001,33.53345489501953,-86.61566162109375,0.167,0.216,100.0,3.0,,0.0,0.0,
2025-09-05T20:05:40.420Z,27,GR86-047-21,,6.300000000000001,33.53345489501953,-86.61566162109375,0.187,0.213,100.0,3.0,,0.0,0.0,
2025-09-05T20:05:40.463Z,27,GR86-047-21,2030.0,6.300000000000001,33.53343200683594,-86.61569213867188,0.187,0.232,100.0,3.0,6511.0,0.0,0.0,
2025-09-05T20:05:40.507Z,27,GR86-047-21,,6.300000000000001,33.53343200683594,-86.61569213867188,0.235,0.221,100.0,3.0,,0.0,0.0,139.0
2025-09-05T20:05:40.553Z,27,GR86-047-21,,6.300000000000001,33.53341293334961,-86.61572265625,0.204,0.203,100.0,3.0,,0.0,0.0,
2025-09-05T20:05:40.596Z,27,GR86-047-21,,6.300000000000001,33.53341293334961,-86.61572265625,0.169,0.199,100.0,3.0,,0.0,0.0,
2025-09-05T20:05:40.639Z,27,GR86-047-21,,6.300000000000001,33.53341293334961,-86.61572265625,0.174,0.227,100.0,3.0,,0.0,0.0,
2025-09-05T20:05:40.682Z,27,GR86-047-21,2038.0,6.300000000000001,33.533390045166016,-86.61575317382812,0.163,0.206,100.0,3.0,6575.0,0.0,0.0,
2025-09-05T20:05:40.725Z,27,GR86-047-21,,6.300000000000001,33.533390045166016,-86.61575317382812,0.182,0.21,100.0,3.0,,0.0,0.0,140.28
2025-09-05T20:05:40.768Z,27,GR86-047-21,,6.300000000000001,33.53336715698242,-86.61579132080078,0.208,0.191,100.0,3.0,,0.0,0.0,
2025-09-05T20:05:40.811Z,27,GR86-047-21,,6.300000000000001,33.53336715698242,-86.61579132080078,0.203,0.143,100.0,3.0,,0.0,0.0,
2025-09-05T20:05:40.854Z,27,GR86-047-21,,6.300000000000001,33.53334426879883,-86.61579132080078,0.184,0.151,100.0,3.0,,0.0,0.0,
2025-09-05T20:05:40.897Z,27,GR86-047-21,2046.0,6.300000000000001,33.53334426879883,-86.6158218383789,0.167,0.174,100.0,3.0,6652.0,0.0,0.0,
2025-09-05T20:05:40.940Z,27,GR86-047-21,,6.300000000000001,33.53334426879883,-86.6158218383789,0.176,0.193,100.0,3.0,,0.0,0.0,141.62
2025-09-05T20:05:40.983Z,27,GR86-047-21,,6.4,33.533321380615234,-86.61585235595703,0.187,0.21,100.0,3.0,,0.0,0.0,
2025-09-05T20:05:41.027Z,27,GR86-047-21,,6.7,33.533321380615234,-86.61585235595703,0.198,0.215,100.0,3.0,,0.0,0.0,
2025-09-05T20:05:41.070Z,27,GR86-047-21,,6.7,33.53329849243164,-86.61588287353516,0.193,0.199,100.0,3.0,,0.0,0.0,
2025-09-05T20:05:41.115Z,27,GR86-047-21,2054.0,6.7,33.53329849243164,-86.61588287353516,0.18,0.196,100.0,3.0,6716.0,0.0,0.0,
2025-09-05T20:05:41.158Z,27,GR86-047-21,,6.7,33.53327560424805,-86.61592102050781,0.174,0.226,100.0,3.0,,0.0,0.0,142.94
2025-09-05T20:05:41.201Z,27,GR86-047-21,,6.6000000000000005,33.53327560424805,-86.61592102050781,0.188,0.238,100.0,3.0,,0.0,0.0,
2025-09-05T20:05:41.244Z,27,GR86-047-21,,6.6000000000000005,33.53325271606445,-86.61595153808594,0.178,0.22,100.0,3.0,,0.0,0.0,
2025-09-05T20:05:41.287Z,27,GR86-047-21,,6.5,33.53325271606445,-86.61595153808594,0.187,0.218,100.0,3.0,,0.0,0.0,
2025-09-05T20:05:41.331Z,27,GR86-047-21,2062.0,6.5,33.53325271606445,-86.61595153808594,0.181,0.197,100.0,3.0,6772.0,0.0,0.0,
2025-09-05T20:05:41.374Z,27,GR86-047-21,,6.5,33.533226013183594,-86.61598205566406,0.188,0.156,100.0,3.0,,0.0,0.0,144.25
2025-09-05T20:05:41.417Z,27,GR86-047-21,,6.4,33.533226013183594,-86.61598205566406,0.189,0.121,100.0,3.0,,0.0,0.0,
2025-09-05T20:05:41.461Z,27,GR86-047-21,,6.1000000000000005,33.533203125,-86.61601257324219,0.188,0.155,100.0,3.0,,0.0,0.0,
2025-09-05T20:05:41.504Z,27,GR86-047-21,,5.1000000000000005,33.533203125,-86.61601257324219,0.182,0.082,100.0,3.0,,0.0,0.0,
2025-09-05T20:05:41.547Z,27,GR86-047-21,2070.0,4.800000000000001,33.533180236816406,-86.61604309082031,0.184,0.095,100.0,3.0,6829.0,0.0,0.0,
2025-09-05T20:05:41.590Z,27,GR86-047-21,,4.800000000000001,33.533180236816406,-86.61604309082031,0.184,0.074,100.0,3.0,,0.0,0.0,145.53
2025-09-05T20:05:41.633Z,27,GR86-047-21,,4.800000000000001,33.533180236816406,-86.61604309082031,0.197,0.063,100.0,3.0,,0.0,0.0,
2025-09-05T20:05:41.676Z,27,GR86-047-21,,4.800000000000001,33.53315353393555,-86.61608123779297,0.192,0.035,100.0,3.0,,0.0,0.0,
2025-09-05T20:05:41.719Z,27,GR86-047-21,,4.800000000000001,33.53315353393555,-86.61608123779297,0.184,0.039,100.0,3.0,,0.0,0.0,
2025-09-05T20:05:41.762Z,27,GR86-047-21,2078.0,5.0,33.53313064575195,-86.6161117553711,0.188,0.04,100.0,3.0,6880.0,0.0,0.0,
2025-09-05T20:05:41.806Z,27,GR86-047-21,,5.4,33.53313064575195,-86.6161117553711,0.181,0.056,100.0,3.0,,0.0,0.0,148.20000000000002
2025-09-05T20:05:41.849Z,27,GR86-047-21,,6.0,33.533103942871094,-86.61614227294922,0.2,0.093,100.0,3.0,,0.0,0.0,
2025-09-05T20:05:41.893Z,27,GR86-047-21,,6.6000000000000005,33.533103942871094,-86.61614227294922,0.195,0.167,100.0,3.0,,0.0,0.0,
2025-09-05T20:05:41.937Z,27,GR86-047-21,,7.0,33.533103942871094,-86.61614227294922,0.185,0.19,100.0,3.0,,0.0,0.0,
2025-09-05T20:05:41.980Z,27,GR86-047-21,2086.0,7.300000000000001,33.5330810546875,-86.61618041992188,0.195,0.176,100.0,3.0,6948.0,0.0,0.0,
2025-09-05T20:05:42.023Z,27,GR86-047-21,,7.4,33.5330810546875,-86.61618041992188,0.203,0.202,100.0,3.0,,0.0,0.0,149.53
2025-09-05T20:05:42.066Z,27,GR86-047-21,,7.5,33.53305435180664,-86.6162109375,0.174,0.205,100.0,3.0,,0.0,0.0,
2025-09-05T20:05:42.109Z,27,GR86-047-21,,7.5,33.53305435180664,-86.6162109375,0.191,0.162,100.0,3.0,,0.0,0.0,
2025-09-05T20:05:42.153Z,27,GR86-047-21,,7.800000000000001,33.53302764892578,-86.61624145507812,0.166,0.168,100.0,3.0,,0.0,0.0,
2025-09-05T20:05:42.197Z,27,GR86-047-21,2094.0,9.2,33.53302764892578,-86.61624145507812,0.186,0.193,100.0,3.0,7007.0,0.0,0.0,
2025-09-05T20:05:42.240Z,27,GR86-047-21,,11.3,33.53302764892578,-86.61624145507812,0.2,0.166,100.0,3.0,,0.0,0.0,151.01
2025-09-05T20:05:42.284Z,27,GR86-047-21,,14.9,33.53300476074219,-86.61627197265625,0.143,0.191,100.0,3.0,,0.0,0.0,
2025-09-05T20:05:42.327Z,27,GR86-047-21,,16.6,33.53300476074219,-86.61627197265625,0.201,0.244,100.0,3.0,,0.0,0.0,
2025-09-05T20:05:42.370Z,27,GR86-047-21,,17.7,33.53297805786133,-86.6163101196289,0.157,0.272,100.0,3.0,,0.0,0.0,
2025-09-05T20:05:42.414Z,27,GR86-047-21,2111.0,18.4,33.53297805786133,-86.6163101196289,0.213,0.38,100.0,3.0,7137.0,0.0,0.0,
2025-09-05T20:05:42.457Z,27,GR86-047-21,,19.6,33.53297805786133,-86.6163101196289,0.19,0.397,100.0,3.0,,0.0,0.0,151.96
2025-09-05T20:05:42.500Z,27,GR86-047-21,,21.9,33.53295135498047,-86.61634063720703,0.164,0.468,100.0,3.0,,0.0,0.0,
2025-09-05T20:05:42.543Z,27,GR86-047-21,,26.200000000000003,33.53292465209961,-86.61637115478516,0.176,0.52,100.0,3.0,,0.0,0.0,
2025-09-05T20:05:42.586Z,27,GR86-047-21,,28.3,33.53292465209961,-86.61637115478516,0.147,0.514,100.0,3.0,,0.0,0.0,
2025-09-05T20:05:42.629Z,27,GR86-047-21,2120.0,28.700000000000003,33.53292465209961,-86.61637115478516,0.172,0.558,100.0,3.0,7180.0,0.0,0.0,
2025-09-05T20:05:42.674Z,27,GR86-047-21,,28.8,33.53289794921875,-86.61640167236328,0.157,0.595,100.0,3.0,,0.0,0.0,153.42000000000002
2025-09-05T20:05:42.717Z,27,GR86-047-21,,28.8,33.53289794921875,-86.61640167236328,0.158,0.675,100.0,3.0,,0.0,0.0,
2025-09-05T20:05:42.760Z,27,GR86-047-21,,28.8,33.53287124633789,-86.61643981933594,0.182,0.759,100.0,3.0,,0.0,0.0,
2025-09-05T20:05:42.804Z,27,GR86-047-21,,28.700000000000003,33.53287124633789,-86.61643981933594,0.164,0.875,100.0,3.0,,0.0,0.0,
2025-09-05T20:05:42.847Z,27,GR86-047-21,2128.0,28.6,33.53284454345703,-86.61647033691406,0.171,0.915,100.0,3.0,7263.0,0.0,0.0,
2025-09-05T20:05:42.890Z,27,GR86-047-21,,28.6,33.53284454345703,-86.61647033691406,0.174,0.931,100.0,3.0,,0.0,0.0,154.16
2025-09-05T20:05:42.933Z,27,GR86-047-21,,28.6,33.53284454345703,-86.61647033691406,0.074,0.89,100.0,3.0,,0.0,0.0,
2025-09-05T20:05:42.976Z,27,GR86-047-21,,28.6,33.532814025878906,-86.61650085449219,-0.107,0.888,100.0,4.0,,0.0,0.0,
2025-09-05T20:05:43.019Z,27,GR86-047-21,,28.6,33.532814025878906,-86.61650085449219,0.323,0.835,100.0,4.0,,0.0,0.0,
2025-09-05T20:05:43.064Z,27,GR86-047-21,2137.0,28.8,33.53278732299805,-86.61653137207031,0.283,0.8250000000000001,100.0,4.0,6833.0,0.0,0.0,
2025-09-05T20:05:43.107Z,27,GR86-047-21,,28.8,33.53278732299805,-86.61653137207031,0.192,0.968,100.0,4.0,,0.0,0.0,154.94
2025-09-05T20:05:43.153Z,27,GR86-047-21,,28.8,33.53275680541992,-86.61656188964844,0.063,0.973,100.0,4.0,,0.0,0.0,
2025-09-05T20:05:43.197Z,27,GR86-047-21,,29.0,33.53275680541992,-86.61656188964844,0.122,0.942,100.0,4.0,,0.0,0.0,
2025-09-05T20:05:43.240Z,27,GR86-047-21,,29.1,33.53275680541992,-86.61656188964844,0.167,1.111,100.0,4.0,,0.0,0.0,
2025-09-05T20:05:43.283Z,27,GR86-047-21,2145.0,29.0,33.5327262878418,-86.61659240722656,0.149,0.996,100.0,4.0,6197.0,0.0,0.0,
2025-09-05T20:05:43.327Z,27,GR86-047-21,,28.9,33.5327262878418,-86.61659240722656,0.158,0.95,100.0,4.0,,0.0,0.0,155.44
2025-09-05T20:05:43.371Z,27,GR86-047-21,,28.8,33.53269577026367,-86.61662292480469,0.111,0.937,100.0,4.0,,0.0,0.0,
2025-09-05T20:05:43.414Z,27,GR86-047-21,,28.8,33.53269577026367,-86.61662292480469,0.15,0.881,100.0,4.0,,0.0,0.0,
2025-09-05T20:05:43.457Z,27,GR86-047-21,,28.8,33.53266525268555,-86.61664581298828,0.15,0.903,100.0,4.0,,0.0,0.0,
2025-09-05T20:05:43.500Z,27,GR86-047-21,2154.0,28.8,33.53266525268555,-86.61664581298828,0.142,0.905,100.0,4.0,6191.0,0.0,0.0,
2025-09-05T20:05:43.544Z,27,GR86-047-21,,28.8,33.53263473510742,-86.6166763305664,0.131,0.874,100.0,4.0,,0.0,0.0,156.27
2025-09-05T20:05:43.587Z,27,GR86-047-21,,28.8,33.53263473510742,-86.6166763305664,0.133,0.92,100.0,4.0,,0.0,0.0,
2025-09-05T20:05:43.631Z,27,GR86-047-21,,27.700000000000003,33.53263473510742,-86.6166763305664,0.14,0.892,100.0,4.0,,0.0,0.0,
2025-09-05T20:05:43.674Z,27,GR86-047-21,,27.1,33.53260040283203,-86.61669921875,0.157,0.868,100.0,4.0,,0.0,0.0,
2025-09-05T20:05:43.717Z,27,GR86-047-21,2163.0,26.9,33.53260040283203,-86.61669921875,0.158,0.8130000000000001,100.0,4.0,6199.0,0.0,0.0,
2025-09-05T20:05:43.760Z,27,GR86-047-21,,26.700000000000003,33.532569885253906,-86.6167221069336,0.162,0.741,100.0,4.0,,0.0,0.0,156.66
2025-09-05T20:05:43.804Z,27,GR86-047-21,,26.1,33.532569885253906,-86.6167221069336,0.16,0.717,100.0,4.0,,0.0,0.0,
2025-09-05T20:05:43.847Z,27,GR86-047-21,,25.5,33.53253555297852,-86.61675262451172,0.166,0.71,100.0,4.0,,0.0,0.0,
2025-09-05T20:05:43.890Z,27,GR86-047-21,,24.200000000000003,33.53253555297852,-86.61675262451172,0.178,0.671,100.0,4.0,,0.0,0.0,
2025-09-05T20:05:43.933Z,27,GR86-047-21,2172.0,22.5,33.53253555297852,-86.61675262451172,0.162,0.6950000000000001,100.0,4.0,6226.0,0.0,0.0,
2025-09-05T20:05:43.976Z,27,GR86-047-21,,20.8,33.532501220703125,-86.61677551269531,0.162,0.668,100.0,4.0,,0.0,0.0,157.47
2025-09-05T20:05:44.019Z,27,GR86-047-21,,20.3,33.532501220703125,-86.61677551269531,0.124,0.65,100.0,4.0,,0.0,0.0,
2025-09-05T20:05:44.062Z,27,GR86-047-21,,20.3,33.532466888427734,-86.6167984008789,0.168,0.606,100.0,4.0,,0.0,0.0,
2025-09-05T20:05:44.106Z,27,GR86-047-21,,21.5,33.532466888427734,-86.6167984008789,0.137,0.606,100.0,4.0,,0.0,0.0,
2025-09-05T20:05:44.149Z,27,GR86-047-21,2180.0,25.3,33.532432556152344,-86.6168212890625,0.149,0.626,100.0,4.0,6230.0,0.0,0.0,
2025-09-05T20:05:44.193Z,27,GR86-047-21,,27.1,33.532432556152344,-86.6168212890625,0.124,0.654,100.0,4.0,,0.0,0.0,158.02
2025-09-05T20:05:44.237Z,27,GR86-047-21,,27.1,33.532432556152344,-86.6168212890625,0.089,0.647,100.0,4.0,,0.0,0.0,
2025-09-05T20:05:44.280Z,27,GR86-047-21,,27.0,33.53239822387695,-86.6168441772461,0.139,0.714,100.0,4.0,,0.0,0.0,
2025-09-05T20:05:44.324Z,27,GR86-047-21,,22.4,33.53239822387695,-86.6168441772461,0.127,0.681,100.0,4.0,,0.0,0.0,
2025-09-05T20:05:44.367Z,27,GR86-047-21,2189.0,17.2,33.53236389160156,-86.61686706542969,0.112,0.5760000000000001,100.0,4.0,6245.0,0.0,0.0,
2025-09-05T20:05:44.410Z,27,GR86-047-21,,12.1,33.53236389160156,-86.61686706542969,0.154,0.561,100.0,4.0,,0.0,0.0,159.57
2025-09-05T20:05:44.453Z,27,GR86-047-21,,6.5,33.53232955932617,-86.61688232421875,0.17,0.579,100.0,4.0,,0.0,0.0,
2025-09-05T20:05:44.496Z,27,GR86-047-21,,1.0,33.53232955932617,-86.61688232421875,0.175,0.477,100.0,4.0,,0.0,0.0,
2025-09-05T20:05:44.539Z,27,GR86-047-21,,-4.3,33.53232955932617,-86.61688232421875,0.217,0.386,100.0,4.0,,0.0,0.0,
2025-09-05T20:05:44.582Z,27,GR86-047-21,2198.0,-9.2,33.53229141235352,-86.61690521240234,0.118,0.133,100.0,4.0,6284.0,0.0,0.0,
2025-09-05T20:05:44.625Z,27,GR86-047-21,,-11.4,33.53229141235352,-86.61690521240234,0.164,0.04,100.0,4.0,,0.0,0.0,159.85
2025-09-05T20:05:44.668Z,27,GR86-047-21,,-13.4,33.532257080078125,-86.61692810058594,0.166,-0.113,100.0,4.0,,0.0,0.0,
2025-09-05T20:05:44.711Z,27,GR86-047-21,,-14.5,33.532257080078125,-86.61692810058594,0.177,-0.268,100.0,4.0,,0.0,0.0,
2025-09-05T20:05:44.755Z,27,GR86-047-21,,-14.9,33.532257080078125,-86.61692810058594,0.138,-0.376,100.0,4.0,,0.0,0.0,
2025-09-05T20:05:44.798Z,27,GR86-047-21,2207.0,-16.3,33.53221893310547,-86.616943359375,0.132,-0.448,100.0,4.0,6290.0,0.0,0.0,
2025-09-05T20:05:44.841Z,27,GR86-047-21,,-19.6,33.53221893310547,-86.616943359375,0.098,-0.54,100.0,4.0,,0.0,0.0,160.5
2025-09-05T20:05:44.884Z,27,GR86-047-21,,-23.700000000000003,33.53218460083008,-86.6169662475586,0.138,-0.612,100.0,4.0,,0.0,0.0,
2025-09-05T20:05:44.927Z,27,GR86-047-21,,-25.5,33.53218460083008,-86.6169662475586,0.138,-0.641,100.0,4.0,,0.0,0.0,
2025-09-05T20:05:44.970Z,27,GR86-047-21,,-27.1,33.53214645385742,-86.61698150634766,0.11,-0.721,100.0,4.0,,0.0,0.0,
2025-09-05T20:05:45.014Z,27,GR86-047-21,2225.0,-27.200000000000003,33.53214645385742,-86.61698150634766,0.079,-0.778,100.0,4.0,6379.0,0.0,0.0,
2025-09-05T20:05:45.058Z,27,GR86-047-21,,-27.200000000000003,33.53211212158203,-86.61700439453125,0.094,-0.8170000000000001,100.0,4.0,,0.0,0.0,160.83
2025-09-05T20:05:45.101Z,27,GR86-047-21,,-27.200000000000003,33.53211212158203,-86.61700439453125,0.116,-0.931,100.0,4.0,,0.0,0.0,
2025-09-05T20:05:45.144Z,27,GR86-047-21,,-24.0,33.53207778930664,-86.61702728271484,0.069,-0.94,100.0,4.0,,0.0,0.0,
2025-09-05T20:05:45.187Z,27,GR86-047-21,,-22.9,33.53207778930664,-86.61702728271484,0.092,-0.979,100.0,4.0,,0.0,0.0,
2025-09-05T20:05:45.230Z,27,GR86-047-21,2234.0,-22.9,33.53207778930664,-86.61702728271484,0.111,-1.009,100.0,4.0,6436.0,0.0,0.0,
2025-09-05T20:05:45.274Z,27,GR86-047-21,,-22.9,33.532039642333984,-86.61705017089844,0.116,-0.882,100.0,4.0,,0.0,0.0,161.33
2025-09-05T20:05:45.317Z,27,GR86-047-21,,-23.0,33.532039642333984,-86.61705017089844,0.073,-0.879,100.0,4.0,,0.0,0.0,
2025-09-05T20:05:45.360Z,27,GR86-047-21,,-22.9,33.532005310058594,-86.61707305908203,0.099,-0.953,100.0,4.0,,0.0,0.0,
2025-09-05T20:05:45.404Z,27,GR86-047-21,,-23.0,33.532005310058594,-86.61707305908203,0.135,-1.051,100.0,4.0,,0.0,0.0,
2025-09-05T20:05:45.447Z,27,GR86-047-21,2243.0,-26.200000000000003,33.5319709777832,-86.61709594726562,0.116,-1.115,100.0,4.0,6485.0,0.0,0.0,
2025-09-05T20:05:45.490Z,27,GR86-047-21,,-29.8,33.5319709777832,-86.61709594726562,0.099,-1.109,100.0,4.0,,0.0,0.0,161.61
2025-09-05T20:05:45.533Z,27,GR86-047-21,,-30.1,33.5319709777832,-86.61709594726562,0.059,-1.181,100.0,4.0,,0.0,0.0,
2025-09-05T20:05:45.576Z,27,GR86-047-21,,-30.1,33.53193664550781,-86.61712646484375,0.108,-1.221,100.0,4.0,,0.0,0.0,
2025-09-05T20:05:45.619Z,27,GR86-047-21,,-30.1,33.53193664550781,-86.61712646484375,0.101,-1.239,100.0,4.0,,0.0,0.0,
2025-09-05T20:05:45.662Z,27,GR86-047-21,2252.0,-31.0,33.53190231323242,-86.61714935302734,0.12,-1.149,100.0,4.0,6496.0,0.0,0.0,
2025-09-05T20:05:45.705Z,27,GR86-047-21,,-33.0,33.53190231323242,-86.61714935302734,0.104,-1.08,100.0,4.0,,0.0,0.0,162.38
2025-09-05T20:05:45.748Z,27,GR86-047-21,,-34.9,33.5318717956543,-86.61717987060547,0.083,-1.142,100.0,4.0,,0.0,0.0,
2025-09-05T20:05:45.791Z,27,GR86-047-21,,-35.2,33.5318717956543,-86.61717987060547,0.095,-1.097,100.0,4.0,,0.0,0.0,
2025-09-05T20:05:45.834Z,27,GR86-047-21,,-35.2,33.5318717956543,-86.61717987060547,0.043,-1.153,100.0,4.0,,0.0,0.0,
2025-09-05T20:05:45.877Z,27,GR86-047-21,2261.0,-35.2,33.531837463378906,-86.61720275878906,0.081,-1.131,100.0,4.0,6482.0,0.0,0.0,
2025-09-05T20:05:45.920Z,27,GR86-047-21,,-35.2,33.531837463378906,-86.61720275878906,0.075,-1.104,100.0,4.0,,0.0,0.0,162.67000000000002
2025-09-05T20:05:45.964Z,27,GR86-047-21,,-34.2,33.53180694580078,-86.61723327636719,0.079,-1.108,100.0,4.0,,0.0,0.0,
2025-09-05T20:05:46.007Z,27,GR86-047-21,,-30.9,33.53180694580078,-86.61723327636719,0.06,-1.213,100.0,4.0,,0.0,0.0,
2025-09-05T20:05:46.050Z,27,GR86-047-21,,-27.200000000000003,33.531776428222656,-86.61726379394531,0.088,-1.217,100.0,4.0,,0.0,0.0,
2025-09-05T20:05:46.094Z,27,GR86-047-21,2270.0,-24.0,33.531776428222656,-86.61726379394531,0.075,-1.184,100.0,4.0,6536.0,0.0,0.0,
2025-09-05T20:05:46.137Z,27,GR86-047-21,,-23.6,33.531776428222656,-86.61726379394531,0.099,-1.146,100.0,4.0,,0.0,0.0,162.62
2025-09-05T20:05:46.180Z,27,GR86-047-21,,-23.6,33.531742095947266,-86.61729431152344,0.113,-1.151,100.0,4.0,,0.0,0.0,
2025-09-05T20:05:46.224Z,27,GR86-047-21,,-24.700000000000003,33.531742095947266,-86.61729431152344,0.071,-1.188,100.0,4.0,,0.0,0.0,
2025-09-05T20:05:46.267Z,27,GR86-047-21,,-24.700000000000003,33.531715393066406,-86.6173324584961,0.101,-1.242,100.0,4.0,,0.0,0.0,
2025-09-05T20:05:46.310Z,27,GR86-047-21,2279.0,-24.6,33.531715393066406,-86.6173324584961,0.125,-1.218,100.0,4.0,6538.0,0.0,0.0,
2025-09-05T20:05:46.353Z,27,GR86-047-21,,-21.700000000000003,33.53168487548828,-86.61736297607422,0.116,-1.08,100.0,4.0,,0.0,0.0,163.15
2025-09-05T20:05:46.396Z,27,GR86-047-21,,-20.1,33.53168487548828,-86.61736297607422,0.12,-1.028,100.0,4.0,,0.0,0.0,
2025-09-05T20:05:46.439Z,27,GR86-047-21,,-20.0,33.53168487548828,-86.61736297607422,0.096,-0.999,100.0,4.0,,0.0,0.0,
2025-09-05T20:05:46.482Z,27,GR86-047-21,,-20.6,33.53165435791016,-86.61739349365234,0.131,-1.059,100.0,4.0,,0.0,0.0,
2025-09-05T20:05:46.526Z,27,GR86-047-21,2288.0,-25.700000000000003,33.53165435791016,-86.61739349365234,0.151,-1.069,100.0,4.0,6545.0,0.0,0.0,
2025-09-05T20:05:46.569Z,27,GR86-047-21,,-30.5,33.5316276550293,-86.617431640625,0.107,-1.123,100.0,4.0,,0.0,0.0,163.5
2025-09-05T20:05:46.614Z,27,GR86-047-21,,-33.300000000000004,33.5316276550293,-86.617431640625,0.078,-1.171,100.0,4.0,,0.0,0.0,
2025-09-05T20:05:46.657Z,27,GR86-047-21,,-34.0,33.53159713745117,-86.61746978759766,0.078,-1.164,100.0,4.0,,0.0,0.0,
2025-09-05T20:05:46.700Z,27,GR86-047-21,,-34.0,33.53159713745117,-86.61746978759766,0.055,-1.14,100.0,4.0,,0.0,0.0,
2025-09-05T20:05:46.744Z,27,GR86-047-21,2297.0,-31.4,33.53157043457031,-86.61750793457031,0.127,-1.091,100.0,4.0,6580.0,0.0,0.0,
2025-09-05T20:05:46.787Z,27,GR86-047-21,,-28.0,33.53157043457031,-86.61750793457031,0.091,-1.068,100.0,4.0,,0.0,0.0,163.69
2025-09-05T20:05:46.831Z,27,GR86-047-21,,-25.1,33.53157043457031,-86.61750793457031,0.12,-1.107,100.0,4.0,,0.0,0.0,
2025-09-05T20:05:46.874Z,27,GR86-047-21,,-22.6,33.53154754638672,-86.61753845214844,0.103,-1.12,100.0,4.0,,0.0,0.0,
2025-09-05T20:05:46.917Z,27,GR86-047-21,,-20.4,33.53154754638672,-86.61753845214844,0.076,-1.169,100.0,4.0,,0.0,0.0,
2025-09-05T20:05:46.961Z,27,GR86-047-21,2306.0,-19.4,33.53152084350586,-86.6175765991211,0.09,-1.043,100.0,4.0,6616.0,0.0,0.0,
2025-09-05T20:05:47.004Z,27,GR86-047-21,,-19.4,33.53152084350586,-86.6175765991211,0.112,-1.078,100.0,4.0,,0.0,0.0,164.68
2025-09-05T20:05:47.047Z,27,GR86-047-21,,-19.4,33.531494140625,-86.61762237548828,0.087,-1.108,100.0,4.0,,0.0,0.0,
2025-09-05T20:05:47.090Z,27,GR86-047-21,,-19.700000000000003,33.531494140625,-86.61762237548828,0.134,-1.242,100.0,4.0,,0.0,0.0,
2025-09-05T20:05:47.134Z,27,GR86-047-21,,-23.4,33.531494140625,-86.61762237548828,0.127,-1.21,100.0,4.0,,0.0,0.0,
2025-09-05T20:05:47.177Z,27,GR86-047-21,2315.0,-29.0,33.531471252441406,-86.61766052246094,0.075,-1.125,100.0,4.0,6623.0,0.0,0.0,
2025-09-05T20:05:47.220Z,27,GR86-047-21,,-34.6,33.531471252441406,-86.61766052246094,0.053,-1.149,100.0,4.0,,0.0,0.0,165.53
2025-09-05T20:05:47.264Z,27,GR86-047-21,,-38.400000000000006,33.53144836425781,-86.6176986694336,0.07,-1.087,100.0,4.0,,0.0,0.0,
2025-09-05T20:05:47.307Z,27,GR86-047-21,,-38.5,33.53144836425781,-86.6176986694336,0.106,-1.011,100.0,4.0,,0.0,0.0,
2025-09-05T20:05:47.352Z,27,GR86-047-21,,-39.5,33.53142547607422,-86.61773681640625,0.046,-1.019,100.0,4.0,,0.0,0.0,
2025-09-05T20:05:47.395Z,27,GR86-047-21,2324.0,-40.900000000000006,33.53142547607422,-86.61773681640625,0.103,-0.856,100.0,4.0,6541.0,0.0,0.0,
2025-09-05T20:05:47.438Z,27,GR86-047-21,,-41.0,33.53142547607422,-86.61773681640625,0.061,-0.8210000000000001,100.0,4.0,,0.0,0.0,166.13
2025-09-05T20:05:47.481Z,27,GR86-047-21,,-40.7,33.531402587890625,-86.61778259277344,0.1,-0.92,100.0,4.0,,0.0,0.0,
2025-09-05T20:05:47.524Z,27,GR86-047-21,,-36.7,33.531402587890625,-86.61778259277344,0.001,-0.993,100.0,4.0,,0.0,0.0,
2025-09-05T20:05:47.567Z,27,GR86-047-21,,-34.1,33.5313835144043,-86.6178207397461,0.129,-1.014,100.0,4.0,,0.0,0.0,
2025-09-05T20:05:47.610Z,27,GR86-047-21,2343.0,-31.1,33.5313835144043,-86.6178207397461,0.0,-0.902,100.0,4.0,6610.0,0.0,0.0,
2025-09-05T20:05:47.653Z,27,GR86-047-21,,-28.6,33.5313606262207,-86.61786651611328,0.04,-0.869,100.0,4.0,,0.0,0.0,166.3
2025-09-05T20:05:47.697Z,27,GR86-047-21,,-27.700000000000003,33.5313606262207,-86.61786651611328,0.048,-0.7020000000000001,100.0,4.0,,0.0,0.0,
2025-09-05T20:05:47.740Z,27,GR86-047-21,,-27.6,33.5313606262207,-86.61786651611328,0.06,-0.84,100.0,4.0,,0.0,0.0,
2025-09-05T20:05:47.783Z,27,GR86-047-21,,-32.4,33.531341552734375,-86.61791229248047,0.143,-1.026,100.0,4.0,,0.0,0.0,
2025-09-05T20:05:47.827Z,27,GR86-047-21,2352.0,-35.2,33.531341552734375,-86.61791229248047,0.142,-0.959,100.0,4.0,6765.0,0.0,0.0,
2025-09-05T20:05:47.871Z,27,GR86-047-21,,-35.300000000000004,33.53132247924805,-86.61795043945312,0.013,-0.98,100.0,4.0,,0.0,0.0,167.11
2025-09-05T20:05:47.914Z,27,GR86-047-21,,-32.6,33.53132247924805,-86.61795043945312,0.111,-1.107,100.0,4.0,,0.0,0.0,
2025-09-05T20:05:47.957Z,27,GR86-047-21,,-24.200000000000003,33.53130340576172,-86.61799621582031,0.108,-1.163,100.0,4.0,,0.0,0.0,
2025-09-05T20:05:48.000Z,27,GR86-047-21,,-16.6,33.53130340576172,-86.61799621582031,0.08,-1.25,100.0,4.0,,0.0,0.0,
2025-09-05T20:05:48.043Z,27,GR86-047-21,2361.0,-12.7,33.53128433227539,-86.6180419921875,0.198,-1.062,100.0,4.0,6765.0,0.0,0.0,
2025-09-05T20:05:48.087Z,27,GR86-047-21,,-11.9,33.53128433227539,-86.6180419921875,0.074,-1.128,100.0,4.0,,0.0,0.0,167.23
2025-09-05T20:05:48.131Z,27,GR86-047-21,,-11.2,33.53128433227539,-86.6180419921875,0.033,-0.963,100.0,4.0,,0.0,0.0,
2025-09-05T20:05:48.174Z,27,GR86-047-21,,-10.3,33.53126907348633,-86.61808776855469,0.065,-1.006,100.0,4.0,,0.0,0.0,
2025-09-05T20:05:48.217Z,27,GR86-047-21,,-9.9,33.53126907348633,-86.61808776855469,0.176,-0.935,100.0,4.0,,0.0,0.0,
2025-09-05T20:05:48.261Z,27,GR86-047-21,2371.0,-8.5,33.53125,-86.61813354492188,0.056,-0.898,100.0,4.0,6784.0,0.0,0.0,
2025-09-05T20:05:48.304Z,27,GR86-047-21,,-1.8,33.53125,-86.61813354492188,-0.037,-1.147,100.0,4.0,,0.0,0.0,167.41
2025-09-05T20:05:48.347Z,27,GR86-047-21,,3.8,33.53123474121094,-86.61817932128906,0.274,-1.193,100.0,4.0,,0.0,0.0,
2025-09-05T20:05:48.390Z,27,GR86-047-21,,8.8,33.53123474121094,-86.61817932128906,0.132,-1.014,100.0,4.0,,0.0,0.0,
2025-09-05T20:05:48.433Z,27,GR86-047-21,,13.4,33.53123474121094,-86.61817932128906,0.034,-0.909,100.0,4.0,,0.0,0.0,
2025-09-05T20:05:48.476Z,27,GR86-047-21,2380.0,15.6,33.531219482421875,-86.61822509765625,0.213,-0.908,100.0,4.0,6684.0,0.0,0.0,
2025-09-05T20:05:48.519Z,27,GR86-047-21,,15.6,33.531219482421875,-86.61822509765625,0.165,-0.849,100.0,4.0,,0.0,0.0,168.11
2025-09-05T20:05:48.562Z,27,GR86-047-21,,6.0,33.53120803833008,-86.61827087402344,0.179,-0.498,100.0,4.0,,0.0,0.0,
2025-09-05T20:05:48.606Z,27,GR86-047-21,,-2.9000000000000004,33.53120803833008,-86.61827087402344,0.043,-0.399,100.0,4.0,,0.0,0.0,
2025-09-05T20:05:48.649Z,27,GR86-047-21,,-9.2,33.531192779541016,-86.61832427978516,0.022,-0.325,100.0,4.0,,0.0,0.0,
2025-09-05T20:05:48.692Z,27,GR86-047-21,2389.0,-10.6,33.531192779541016,-86.61832427978516,-0.036,-0.458,100.0,4.0,6683.0,0.0,0.0,
2025-09-05T20:05:48.779Z,27,GR86-047-21,,-10.6,33.53118133544922,-86.61837005615234,0.221,-0.348,100.0,4.0,,0.0,0.0,168.88
2025-09-05T20:05:48.824Z,27,GR86-047-21,,-8.9,33.53118133544922,-86.61837005615234,0.0,-0.237,100.0,4.0,,0.0,0.0,
2025-09-05T20:05:48.867Z,27,GR86-047-21,,-7.4,33.53116989135742,-86.61841583251953,0.059,-0.176,100.0,4.0,,0.0,0.0,
2025-09-05T20:05:48.910Z,27,GR86-047-21,2399.0,-5.800000000000001,33.53116989135742,-86.61841583251953,0.136,-0.147,100.0,4.0,6581.0,0.0,0.0,
2025-09-05T20:05:48.953Z,27,GR86-047-21,,-4.5,33.53115463256836,-86.61846923828125,0.143,-0.041,100.0,4.0,,0.0,0.0,168.76
2025-09-05T20:05:48.996Z,27,GR86-047-21,,-2.9000000000000004,33.53115463256836,-86.61846923828125,0.155,-0.074,100.0,4.0,,0.0,0.0,
2025-09-05T20:05:49.039Z,27,GR86-047-21,,-2.1,33.53115463256836,-86.61846923828125,0.168,-0.269,100.0,4.0,,0.0,0.0,
2025-09-05T20:05:49.082Z,27,GR86-047-21,,-2.1,33.53114318847656,-86.61851501464844,0.07,-0.176,100.0,4.0,,0.0,0.0,
2025-09-05T20:05:49.125Z,27,GR86-047-21,2408.0,-2.1,33.53114318847656,-86.61851501464844,0.073,-0.108,100.0,4.0,6779.0,0.0,0.0,
2025-09-05T20:05:49.168Z,27,GR86-047-21,,-2.1,33.531131744384766,-86.61856079101562,0.111,-0.041,100.0,4.0,,0.0,0.0,169.95000000000002
2025-09-05T20:05:49.211Z,27,GR86-047-21,,-2.0,33.531131744384766,-86.61856079101562,0.112,0.004,100.0,4.0,,0.0,0.0,
2025-09-05T20:05:49.254Z,27,GR86-047-21,,-1.6,33.53112030029297,-86.61861419677734,0.147,0.046,100.0,4.0,,0.0,0.0,
2025-09-05T20:05:49.297Z,27,GR86-047-21,,-1.2000000000000002,33.53112030029297,-86.61861419677734,0.149,0.043,100.0,4.0,,0.0,0.0,
2025-09-05T20:05:49.340Z,27,GR86-047-21,2418.0,-0.6000000000000001,33.53112030029297,-86.61861419677734,0.122,0.058,100.0,4.0,6772.0,0.0,0.0,
2025-09-05T20:05:49.383Z,27,GR86-047-21,,0.8,33.53110885620117,-86.61865997314453,0.083,0.034,100.0,4.0,,0.0,0.0,171.17000000000002
2025-09-05T20:05:49.427Z,27,GR86-047-21,,1.4,33.53110885620117,-86.61865997314453,0.088,0.05,100.0,4.0,,0.0,0.0,
2025-09-05T20:05:49.470Z,27,GR86-047-21,,1.8,33.53109359741211,-86.61871337890625,0.091,0.041,100.0,4.0,,0.0,0.0,
2025-09-05T20:05:49.514Z,27,GR86-047-21,,2.1,33.53109359741211,-86.61871337890625,0.099,0.071,100.0,4.0,,0.0,0.0,
2025-09-05T20:05:49.558Z,27,GR86-047-21,2427.0,2.6,33.53108215332031,-86.61875915527344,0.101,0.116,100.0,4.0,6757.0,0.0,0.0,
2025-09-05T20:05:49.601Z,27,GR86-047-21,,3.1,33.53108215332031,-86.61875915527344,0.121,0.123,100.0,4.0,,0.0,0.0,171.93
2025-09-05T20:05:49.644Z,27,GR86-047-21,,3.4000000000000004,33.53107070922852,-86.61880493164062,0.108,0.11,100.0,4.0,,0.0,0.0,
2025-09-05T20:05:49.687Z,27,GR86-047-21,,3.6,33.53107070922852,-86.61880493164062,0.101,0.143,100.0,4.0,,0.0,0.0,
2025-09-05T20:05:49.731Z,27,GR86-047-21,,4.0,33.53107070922852,-86.61880493164062,0.092,0.183,100.0,4.0,,0.0,0.0,
2025-09-05T20:05:49.774Z,27,GR86-047-21,2437.0,4.5,33.53105926513672,-86.61885833740234,0.103,0.204,100.0,4.0,6816.0,0.0,0.0,
2025-09-05T20:05:49.817Z,27,GR86-047-21,,5.0,33.53105926513672,-86.61885833740234,0.071,0.232,100.0,4.0,,0.0,0.0,173.64
2025-09-05T20:05:49.860Z,27,GR86-047-21,,5.5,33.53105926513672,-86.61885833740234,0.108,0.223,100.0,4.0,,0.0,0.0,
2025-09-05T20:05:49.904Z,27,GR86-047-21,,5.7,33.531044006347656,-86.61890411376953,0.138,0.248,100.0,4.0,,0.0,0.0,
2025-09-05T20:05:49.947Z,27,GR86-047-21,,5.7,33.53103256225586,-86.61895751953125,0.119,0.258,100.0,4.0,,0.0,0.0,
2025-09-05T20:05:49.990Z,27,GR86-047-21,2447.0,5.7,33.53103256225586,-86.61895751953125,0.129,0.255,100.0,4.0,6828.0,0.0,0.0,
2025-09-05T20:05:50.033Z,27,GR86-047-21,,5.7,33.53103256225586,-86.61895751953125,0.11,0.251,100.0,4.0,,0.0,0.0,174.33
2025-09-05T20:05:50.076Z,27,GR86-047-21,,5.6000000000000005,33.53102111816406,-86.61900329589844,0.122,0.27,100.0,4.0,,0.0,0.0,
2025-09-05T20:05:50.119Z,27,GR86-047-21,,5.7,33.53102111816406,-86.61900329589844,0.104,0.276,100.0,4.0,,0.0,0.0,
2025-09-05T20:05:50.162Z,27,GR86-047-21,,5.6000000000000005,33.531005859375,-86.61905670166016,0.132,0.302,100.0,4.0,,0.0,0.0,
2025-09-05T20:05:50.205Z,27,GR86-047-21,2466.0,5.6000000000000005,33.531005859375,-86.61905670166016,0.142,0.272,100.0,4.0,6896.0,0.0,0.0,
2025-09-05T20:05:50.248Z,27,GR86-047-21,,5.7,33.531005859375,-86.61905670166016,0.137,0.263,100.0,4.0,,0.0,0.0,175.16
2025-09-05T20:05:50.291Z,27,GR86-047-21,,5.7,33.5309944152832,-86.61910247802734,0.141,0.275,100.0,4.0,,0.0,0.0,
2025-09-05T20:05:50.334Z,27,GR86-047-21,,5.7,33.5309944152832,-86.61910247802734,0.144,0.265,100.0,4.0,,0.0,0.0,
2025-09-05T20:05:50.420Z,27,GR86-047-21,2476.0,5.800000000000001,33.53097915649414,-86.61915588378906,0.148,0.259,100.0,4.0,6916.0,0.0,0.0,
2025-09-05T20:05:50.464Z,27,GR86-047-21,,5.800000000000001,33.53096389770508,-86.61920166015625,0.102,0.248,100.0,4.0,,0.0,0.0,176.01
2025-09-05T20:05:50.507Z,27,GR86-047-21,,5.800000000000001,33.53096389770508,-86.61920166015625,0.097,0.24,100.0,4.0,,0.0,0.0,
2025-09-05T20:05:50.550Z,27,GR86-047-21,,5.800000000000001,33.530948638916016,-86.61925506591797,0.106,0.268,100.0,4.0,,0.0,0.0,
2025-09-05T20:05:50.594Z,27,GR86-047-21,,5.800000000000001,33.530948638916016,-86.61925506591797,0.104,0.266,100.0,4.0,,0.0,0.0,
2025-09-05T20:05:50.637Z,27,GR86-047-21,2486.0,5.800000000000001,33.530948638916016,-86.61925506591797,0.135,0.247,100.0,4.0,6962.0,0.0,0.0,
2025-09-05T20:05:50.680Z,27,GR86-047-21,,5.9,33.53093338012695,-86.61930084228516,0.122,0.249,100.0,4.0,,0.0,0.0,176.82
2025-09-05T20:05:50.723Z,27,GR86-047-21,,5.9,33.53093338012695,-86.61930084228516,0.098,0.256,100.0,4.0,,0.0,0.0,
2025-09-05T20:05:50.767Z,27,GR86-047-21,,5.9,33.53092193603516,-86.61935424804688,0.112,0.262,100.0,4.0,,0.0,0.0,
2025-09-05T20:05:50.810Z,27,GR86-047-21,,5.9,33.53092193603516,-86.61935424804688,0.109,0.273,100.0,4.0,,0.0,0.0,
2025-09-05T20:05:50.853Z,27,GR86-047-21,2495.0,6.0,33.530906677246094,-86.61940002441406,0.096,0.278,100.0,4.0,6990.0,0.0,0.0,
2025-09-05T20:05:50.896Z,27,GR86-047-21,,6.0,33.530906677246094,-86.61940002441406,0.092,0.294,100.0,4.0,,0.0,0.0,177.56
2025-09-05T20:05:50.939Z,27,GR86-047-21,,6.0,33.530906677246094,-86.61940002441406,0.108,0.286,100.0,4.0,,0.0,0.0,
2025-09-05T20:05:50.982Z,27,GR86-047-21,,6.0,33.530887603759766,-86.61945343017578,0.147,0.283,100.0,4.0,,0.0,0.0,
2025-09-05T20:05:51.025Z,27,GR86-047-21,,5.9,33.530887603759766,-86.61945343017578,0.123,0.278,100.0,4.0,,0.0,0.0,
2025-09-05T20:05:51.068Z,27,GR86-047-21,2505.0,5.800000000000001,33.5308723449707,-86.61949920654297,0.137,0.258,100.0,4.0,7016.0,0.0,0.0,
2025-09-05T20:05:51.111Z,27,GR86-047-21,,5.800000000000001,33.5308723449707,-86.61949920654297,0.147,0.239,100.0,4.0,,0.0,0.0,178.26
2025-09-05T20:05:51.154Z,27,GR86-047-21,,5.800000000000001,33.53085708618164,-86.61955261230469,0.145,0.208,100.0,4.0,,0.0,0.0,
2025-09-05T20:05:51.197Z,27,GR86-047-21,,5.800000000000001,33.53085708618164,-86.61955261230469,0.134,0.204,100.0,4.0,,0.0,0.0,
2025-09-05T20:05:51.240Z,27,GR86-047-21,,5.800000000000001,33.53085708618164,-86.61955261230469,0.12,0.178,100.0,4.0,,0.0,0.0,
2025-09-05T20:05:51.283Z,27,GR86-047-21,2515.0,5.800000000000001,33.53084182739258,-86.61959838867188,0.085,0.149,100.0,4.0,7036.0,0.0,0.0,
2025-09-05T20:05:51.327Z,27,GR86-047-21,,5.800000000000001,33.53084182739258,-86.61959838867188,0.089,0.125,100.0,4.0,,0.0,0.0,179.11
2025-09-05T20:05:51.370Z,27,GR86-047-21,,5.800000000000001,33.53082656860352,-86.6196517944336,0.068,0.12,100.0,4.0,,0.0,0.0,
2025-09-05T20:05:51.414Z,27,GR86-047-21,,5.800000000000001,33.53082656860352,-86.6196517944336,0.085,0.129,100.0,4.0,,0.0,0.0,
2025-09-05T20:05:51.457Z,27,GR86-047-21,,5.800000000000001,33.53080749511719,-86.61969757080078,0.087,0.111,100.0,4.0,,0.0,0.0,
2025-09-05T20:05:51.500Z,27,GR86-047-21,2525.0,5.800000000000001,33.53080749511719,-86.61969757080078,0.081,0.101,100.0,4.0,7057.0,0.0,0.0,
2025-09-05T20:05:51.544Z,27,GR86-047-21,,5.800000000000001,33.530792236328125,-86.6197509765625,0.124,0.109,100.0,4.0,,0.0,0.0,179.97
2025-09-05T20:05:51.587Z,27,GR86-047-21,,5.800000000000001,33.530792236328125,-86.6197509765625,0.12,0.103,100.0,4.0,,0.0,0.0,
2025-09-05T20:05:51.631Z,27,GR86-047-21,,5.800000000000001,33.530792236328125,-86.6197509765625,0.1,0.075,100.0,4.0,,0.0,0.0,
2025-09-05T20:05:51.674Z,27,GR86-047-21,,5.800000000000001,33.5307731628418,-86.61979675292969,0.114,0.102,100.0,4.0,,0.0,0.0,
2025-09-05T20:05:51.717Z,27,GR86-047-21,2535.0,5.800000000000001,33.5307731628418,-86.61979675292969,0.162,0.183,100.0,4.0,7094.0,0.0,0.0,
2025-09-05T20:05:51.760Z,27,GR86-047-21,,5.800000000000001,33.530757904052734,-86.6198501586914,0.192,0.173,100.0,4.0,,0.0,0.0,180.63
2025-09-05T20:05:53.317Z,27,GR86-047-21,,14.0,33.530487060546875,-86.62059783935547,-0.715,0.667,0.5,4.0,,31.51,31.8,
2025-09-05T20:05:53.404Z,27,GR86-047-21,,14.3,33.53046798706055,-86.62064361572266,-0.74,0.795,0.55,4.0,,30.9,31.42,
2025-09-05T20:05:53.447Z,27,GR86-047-21,2627.0,14.9,33.53044891357422,-86.62068939208984,-0.6920000000000001,0.811,0.64,4.0,6568.0,30.64,31.36,
2025-09-05T20:05:53.533Z,27,GR86-047-21,,18.4,33.53044891357422,-86.62068939208984,-0.71,0.8260000000000001,0.58,4.0,,29.33,30.365,
2025-09-05T20:05:53.619Z,27,GR86-047-21,,20.1,33.53042984008789,-86.62073516845703,-0.618,0.8160000000000001,0.68,4.0,,26.46,28.095,
2025-09-05T20:05:53.749Z,27,GR86-047-21,,19.3,33.530391693115234,-86.6208267211914,-0.466,0.901,1.11,4.0,,12.5,13.675,
2025-09-05T20:05:53.792Z,27,GR86-047-21,,17.5,33.530391693115234,-86.6208267211914,-0.361,0.932,1.16,4.0,,5.465,6.335,
2025-09-05T20:05:53.921Z,27,GR86-047-21,,16.400000000000002,33.53044891357422,-86.62068939208984,-0.74,0.8210000000000001,0.61,4.0,,30.185,31.085,175.88
2025-09-05T20:05:54.010Z,27,GR86-047-21,2645.0,14.4,33.530372619628906,-86.62086486816406,-0.193,0.937,1.58,4.0,6155.0,0.0,0.0,171.95000000000002
2025-09-05T20:05:54.053Z,27,GR86-047-21,,5.4,33.530330657958984,-86.6209487915039,-0.142,1.098,4.5600000000000005,4.0,,0.0,0.0,
2025-09-05T20:05:54.097Z,27,GR86-047-21,2655.0,-1.0,33.530330657958984,-86.6209487915039,-0.15,1.092,5.19,4.0,6189.0,0.0,0.0,
2025-09-05T20:05:54.140Z,27,GR86-047-21,,-7.300000000000001,33.530330657958984,-86.6209487915039,-0.138,1.067,6.3,4.0,,0.0,0.0,164.34
2025-09-05T20:05:54.184Z,27,GR86-047-21,,-11.6,33.53030776977539,-86.6209945678711,-0.132,0.995,9.82,4.0,,0.0,0.0,
2025-09-05T20:05:54.227Z,27,GR86-047-21,,-11.6,33.53030776977539,-86.6209945678711,-0.11,0.981,10.92,4.0,,0.0,0.0,
2025-09-05T20:05:54.270Z,27,GR86-047-21,,-5.5,33.5302848815918,-86.62103271484375,-0.131,0.994,11.83,4.0,,0.0,0.0,
2025-09-05T20:05:54.315Z,27,GR86-047-21,2664.0,6.2,33.5302848815918,-86.62103271484375,-0.088,0.984,11.8,4.0,6168.0,0.0,0.0,
2025-09-05T20:05:54.358Z,27,GR86-047-21,,18.2,33.5302619934082,-86.6210708618164,-0.096,0.975,13.22,4.0,,0.0,0.0,162.67000000000002
2025-09-05T20:05:54.401Z,27,GR86-047-21,,28.8,33.5302619934082,-86.6210708618164,-0.102,0.934,14.28,4.0,,0.0,0.0,
2025-09-05T20:05:54.444Z,27,GR86-047-21,,42.900000000000006,33.530235290527344,-86.62110900878906,-0.057,0.866,16.28,4.0,,0.0,0.0,
2025-09-05T20:05:54.487Z,27,GR86-047-21,,50.3,33.530235290527344,-86.62110900878906,0.0,0.886,16.07,4.0,,0.0,0.0,
2025-09-05T20:05:54.531Z,27,GR86-047-21,2673.0,54.8,33.530235290527344,-86.62110900878906,-0.03,0.91,16.09,4.0,6246.0,0.0,0.0,
2025-09-05T20:05:54.574Z,27,GR86-047-21,,55.6,33.53021240234375,-86.62114715576172,-0.045,0.993,16.18,4.0,,0.0,0.0,161.20000000000002
2025-09-05T20:05:54.617Z,27,GR86-047-21,,55.6,33.53021240234375,-86.62114715576172,-0.022,0.948,16.35,4.0,,0.0,0.0,
2025-09-05T20:05:54.660Z,27,GR86-047-21,,52.8,33.53018569946289,-86.62118530273438,-0.04,0.994,17.16,4.0,,0.0,0.0,
2025-09-05T20:05:54.704Z,27,GR86-047-21,,47.0,33.53018569946289,-86.62118530273438,-0.038,1.083,19.71,4.0,,0.0,0.0,
2025-09-05T20:05:54.790Z,27,GR86-047-21,2681.0,45.400000000000006,33.5301628112793,-86.62118530273438,-0.034,1.219,19.17,4.0,6285.0,0.0,0.0,159.49
2025-09-05T20:05:54.836Z,27,GR86-047-21,,45.3,33.5301628112793,-86.6212158203125,0.006,1.233,17.990000000000002,4.0,,0.0,0.0,
2025-09-05T20:05:54.879Z,27,GR86-047-21,,45.3,33.53013610839844,-86.62125396728516,-0.012,1.338,18.67,4.0,,0.0,0.0,
2025-09-05T20:05:54.922Z,27,GR86-047-21,,41.2,33.53013610839844,-86.62125396728516,-0.013,1.372,18.39,4.0,,0.0,0.0,
2025-09-05T20:05:54.966Z,27,GR86-047-21,2690.0,35.800000000000004,33.53010940551758,-86.62129211425781,0.036,1.186,17.37,4.0,6298.0,0.0,0.0,
2025-09-05T20:05:55.009Z,27,GR86-047-21,,30.6,33.53010940551758,-86.62129211425781,0.027,1.063,17.95,4.0,,0.0,0.0,159.41
2025-09-05T20:05:55.053Z,27,GR86-047-21,,24.9,33.53007888793945,-86.62132263183594,0.042,1.046,17.78,4.0,,0.0,0.0,
2025-09-05T20:05:55.096Z,27,GR86-047-21,,19.5,33.53007888793945,-86.62132263183594,0.012,0.967,18.47,4.0,,0.0,0.0,
2025-09-05T20:05:55.139Z,27,GR86-047-21,,16.3,33.53007888793945,-86.62132263183594,0.04,0.986,31.67,4.0,,0.0,0.0,
2025-09-05T20:05:55.182Z,27,GR86-047-21,2699.0,15.4,33.530052185058594,-86.62135314941406,-0.017,1.178,55.72,4.0,6289.0,0.0,0.0,
2025-09-05T20:05:55.268Z,27,GR86-047-21,,15.4,33.530052185058594,-86.62135314941406,0.022,1.438,67.47,4.0,,0.0,0.0,160.33
2025-09-05T20:05:55.311Z,27,GR86-047-21,,15.4,33.53002166748047,-86.62138366699219,0.125,1.218,95.73,4.0,,0.0,0.0,
2025-09-05T20:05:55.354Z,27,GR86-047-21,,16.8,33.529991149902344,-86.62142181396484,0.135,1.001,100.0,4.0,,0.0,0.0,
2025-09-05T20:05:55.397Z,27,GR86-047-21,2708.0,19.1,33.529991149902344,-86.62142181396484,0.147,0.906,100.0,4.0,6306.0,0.0,0.0,
2025-09-05T20:05:55.440Z,27,GR86-047-21,,19.200000000000003,33.529991149902344,-86.62142181396484,0.153,0.812,100.0,4.0,,0.0,0.0,159.69
2025-09-05T20:05:55.483Z,27,GR86-047-21,,19.1,33.52996063232422,-86.62144470214844,0.173,0.657,100.0,4.0,,0.0,0.0,
2025-09-05T20:05:55.527Z,27,GR86-047-21,,17.6,33.52996063232422,-86.62144470214844,0.154,0.492,100.0,4.0,,0.0,0.0,
2025-09-05T20:05:55.570Z,27,GR86-047-21,,15.9,33.529930114746094,-86.62147521972656,0.135,0.492,61.690000000000005,4.0,,0.0,0.0,
2025-09-05T20:05:55.614Z,27,GR86-047-21,2726.0,13.9,33.529930114746094,-86.62147521972656,0.159,0.415,16.67,4.0,6357.0,0.0,0.0,
2025-09-05T20:05:55.657Z,27,GR86-047-21,,10.7,33.52989959716797,-86.62150573730469,0.118,0.377,0.59,4.0,,6.425,6.485,159.6
2025-09-05T20:05:55.700Z,27,GR86-047-21,,6.7,33.52989959716797,-86.62150573730469,0.092,0.345,0.64,4.0,,12.27,12.24,
2025-09-05T20:05:55.744Z,27,GR86-047-21,,0.3,33.52986526489258,-86.62153625488281,-0.458,0.338,0.64,4.0,,30.825,30.215,
2025-09-05T20:05:55.787Z,27,GR86-047-21,,-3.8,33.52986526489258,-86.62153625488281,-0.769,0.217,0.85,4.0,,45.155,44.59,
2025-09-05T20:05:55.831Z,27,GR86-047-21,2735.0,-6.7,33.52986526489258,-86.62153625488281,-1.134,0.075,0.8200000000000001,4.0,5955.0,57.65,57.120000000000005,
2025-09-05T20:05:55.874Z,27,GR86-047-21,,-8.200000000000001,33.52983474731445,-86.6215591430664,-1.153,0.03,0.75,4.0,,65.8,65.175,160.45000000000002
2025-09-05T20:05:55.917Z,27,GR86-047-21,,-8.700000000000001,33.52983474731445,-86.6215591430664,-1.264,-0.075,0.73,4.0,,69.28,69.77,
2025-09-05T20:05:55.961Z,27,GR86-047-21,,-8.8,33.52980041503906,-86.62158966064453,-1.133,-0.136,0.78,4.0,,70.27,71.295,
2025-09-05T20:05:56.004Z,27,GR86-047-21,,-8.8,33.52980041503906,-86.62158966064453,-1.204,-0.172,0.94,4.0,,69.28,69.25,
2025-09-05T20:05:56.047Z,27,GR86-047-21,2743.0,-8.8,33.52976989746094,-86.62161254882812,-1.217,-0.318,1.16,3.0,5484.0,68.99,70.21000000000001,
2025-09-05T20:05:56.090Z,27,GR86-047-21,,-8.8,33.52976989746094,-86.62161254882812,-1.295,-0.364,1.07,3.0,,63.175,64.58,154.12
2025-09-05T20:05:56.134Z,27,GR86-047-21,,-9.8,33.52976989746094,-86.62161254882812,-1.318,-0.388,0.73,3.0,,53.0,54.525,
2025-09-05T20:05:56.177Z,27,GR86-047-21,,-13.0,33.52974319458008,-86.62164306640625,-0.942,-0.619,0.84,3.0,,46.59,48.025,
2025-09-05T20:05:56.220Z,27,GR86-047-21,,-18.6,33.52974319458008,-86.62164306640625,-1.012,-0.761,0.95,3.0,,42.36,43.645,
2025-09-05T20:05:56.307Z,27,GR86-047-21,2751.0,-26.9,33.52971267700195,-86.62166595458984,-0.934,-0.761,0.8200000000000001,3.0,6402.0,37.45,38.625,146.67000000000002
2025-09-05T20:05:56.352Z,27,GR86-047-21,,-34.4,33.529685974121094,-86.62169647216797,-0.852,-0.983,0.77,3.0,,32.475,33.435,
2025-09-05T20:05:56.396Z,27,GR86-047-21,,-37.2,33.529685974121094,-86.62169647216797,-0.758,-0.934,1.75,3.0,,29.025,29.465,
2025-09-05T20:05:56.439Z,27,GR86-047-21,,-40.400000000000006,33.529685974121094,-86.62169647216797,-0.782,-1.016,1.67,3.0,,27.865,28.75,
2025-09-05T20:05:56.482Z,27,GR86-047-21,2759.0,-46.2,33.529659271240234,-86.62171936035156,-0.666,-1.196,1.66,3.0,6198.0,18.65,19.335,
2025-09-05T20:05:56.525Z,27,GR86-047-21,,-46.900000000000006,33.529659271240234,-86.62171936035156,-0.609,-1.338,0.8200000000000001,3.0,,10.025,10.745,142.25
2025-09-05T20:05:56.568Z,27,GR86-047-21,,-48.400000000000006,33.529632568359375,-86.62174224853516,-0.468,-1.375,0.81,3.0,,3.1,3.555,
2025-09-05T20:05:56.611Z,27,GR86-047-21,,-50.400000000000006,33.529632568359375,-86.62174224853516,-0.273,-1.375,0.8300000000000001,3.0,,0.0,0.0,
2025-09-05T20:05:56.654Z,27,GR86-047-21,,-51.5,33.52960586547852,-86.62177276611328,-0.274,-1.476,0.74,3.0,,0.0,0.0,
2025-09-05T20:05:56.697Z,27,GR86-047-21,2767.0,-51.5,33.52960586547852,-86.62177276611328,-0.268,-1.418,1.24,3.0,6146.0,0.0,0.0,
2025-09-05T20:05:56.740Z,27,GR86-047-21,,-51.5,33.52960586547852,-86.62177276611328,-0.252,-1.419,3.67,3.0,,0.0,0.0,137.83
2025-09-05T20:05:56.783Z,27,GR86-047-21,,-52.0,33.52958297729492,-86.62179565429688,-0.275,-1.456,2.91,3.0,,0.0,0.0,
2025-09-05T20:05:56.827Z,27,GR86-047-21,,-54.7,33.52958297729492,-86.62179565429688,-0.211,-1.485,2.92,3.0,,0.0,0.0,
2025-09-05T20:05:56.871Z,27,GR86-047-21,,-58.0,33.52956008911133,-86.621826171875,-0.257,-1.543,3.18,3.0,,0.0,0.0,
2025-09-05T20:05:56.914Z,27,GR86-047-21,2775.0,-60.7,33.52956008911133,-86.621826171875,-0.3,-1.551,8.9,3.0,6108.0,0.0,0.0,
2025-09-05T20:05:56.957Z,27,GR86-047-21,,-62.900000000000006,33.529537200927734,-86.62185668945312,-0.284,-1.643,11.36,3.0,,0.0,0.0,135.81
2025-09-05T20:05:57.000Z,27,GR86-047-21,,-64.10000000000001,33.529537200927734,-86.62185668945312,-0.229,-1.622,11.39,3.0,,0.0,0.0,
2025-09-05T20:05:57.043Z,27,GR86-047-21,,-64.4,33.529518127441406,-86.62188720703125,-0.174,-1.68,18.46,3.0,,0.0,0.0,
2025-09-05T20:05:57.087Z,27,GR86-047-21,,-64.4,33.529518127441406,-86.62188720703125,-0.314,-1.989,22.24,3.0,,0.0,0.0,
2025-09-05T20:05:57.131Z,27,GR86-047-21,2782.0,-64.5,33.529518127441406,-86.62188720703125,-0.132,-1.347,22.19,3.0,6039.0,0.0,0.0,
2025-09-05T20:05:57.174Z,27,GR86-047-21,,-64.4,33.52949905395508,-86.62191772460938,-0.253,-1.707,20.08,3.0,,0.0,0.0,133.97
2025-09-05T20:05:57.217Z,27,GR86-047-21,,-58.8,33.52949905395508,-86.62191772460938,0.037,-1.619,18.25,3.0,,0.0,0.0,
2025-09-05T20:05:57.260Z,27,GR86-047-21,,-52.5,33.52947998046875,-86.6219482421875,-0.121,-1.52,19.52,3.0,,0.0,0.0,
2025-09-05T20:05:57.304Z,27,GR86-047-21,,-48.5,33.52947998046875,-86.6219482421875,-0.04,-1.625,18.16,3.0,,0.0,0.0,
2025-09-05T20:05:57.347Z,27,GR86-047-21,2789.0,-46.900000000000006,33.52946472167969,-86.62197875976562,-0.013,-1.478,18.19,3.0,6250.0,0.0,0.0,
2025-09-05T20:05:57.390Z,27,GR86-047-21,,-46.2,33.52946472167969,-86.62197875976562,0.026,-1.427,17.240000000000002,3.0,,0.0,0.0,132.59
2025-09-05T20:05:57.434Z,27,GR86-047-21,,-45.900000000000006,33.52946472167969,-86.62197875976562,-0.014,-1.381,10.11,3.0,,0.0,0.0,
2025-09-05T20:05:57.477Z,27,GR86-047-21,,-45.900000000000006,33.529449462890625,-86.62200927734375,-0.101,-1.564,7.2,3.0,,0.0,0.0,
2025-09-05T20:05:57.520Z,27,GR86-047-21,,-46.0,33.529449462890625,-86.62200927734375,-0.061,-1.363,9.09,3.0,,0.0,0.0,
2025-09-05T20:05:57.607Z,27,GR86-047-21,2797.0,-40.0,33.52943420410156,-86.6220474243164,-0.156,-1.533,8.77,3.0,6107.0,0.0,0.0,130.32
2025-09-05T20:05:57.651Z,27,GR86-047-21,,-20.3,33.5294189453125,-86.62207794189453,-0.075,-1.351,16.47,3.0,,0.0,0.0,
2025-09-05T20:05:57.694Z,27,GR86-047-21,,-10.9,33.5294189453125,-86.62207794189453,-0.151,-1.646,19.04,3.0,,0.0,0.0,
2025-09-05T20:05:57.737Z,27,GR86-047-21,,-2.0,33.5294189453125,-86.62207794189453,-0.112,-1.373,24.11,3.0,,0.0,0.0,
2025-09-05T20:05:57.781Z,27,GR86-047-21,2804.0,2.5,33.5294075012207,-86.62211608886719,-0.113,-1.343,28.57,3.0,6009.0,0.0,0.0,
2025-09-05T20:05:57.824Z,27,GR86-047-21,,2.8000000000000003,33.5294075012207,-86.62211608886719,0.039,-1.302,53.72,3.0,,0.0,0.0,129.05
2025-09-05T20:05:57.867Z,27,GR86-047-21,,-5.1000000000000005,33.529396057128906,-86.62214660644531,0.133,-1.082,78.85000000000001,3.0,,0.0,0.0,
2025-09-05T20:05:57.910Z,27,GR86-047-21,,-22.3,33.529396057128906,-86.62214660644531,0.086,-1.323,100.0,3.0,,0.0,0.0,
2025-09-05T20:05:57.953Z,27,GR86-047-21,,-43.3,33.529388427734375,-86.62218475341797,0.197,-1.101,100.0,3.0,,0.0,0.0,
2025-09-05T20:05:57.996Z,27,GR86-047-21,2811.0,-62.900000000000006,33.529388427734375,-86.62218475341797,0.124,-1.248,100.0,3.0,5944.0,0.0,0.0,
2025-09-05T20:05:58.039Z,27,GR86-047-21,,-74.4,33.529388427734375,-86.62218475341797,0.161,-1.103,100.0,3.0,,0.0,0.0,126.13
2025-09-05T20:05:58.082Z,27,GR86-047-21,,-78.5,33.52937698364258,-86.62222290039062,0.126,-1.552,100.0,3.0,,0.0,0.0,
2025-09-05T20:05:58.125Z,27,GR86-047-21,,-78.60000000000001,33.52937698364258,-86.62222290039062,0.237,-1.701,100.0,3.0,,0.0,0.0,
2025-09-05T20:05:58.168Z,27,GR86-047-21,,-78.60000000000001,33.52936935424805,-86.62225341796875,0.112,-1.812,100.0,3.0,,0.0,0.0,
2025-09-05T20:05:58.211Z,27,GR86-047-21,2825.0,-78.60000000000001,33.52936935424805,-86.62225341796875,0.064,-1.551,100.0,3.0,5814.0,0.0,0.0,
2025-09-05T20:05:58.254Z,27,GR86-047-21,,-78.60000000000001,33.52936553955078,-86.6222915649414,-0.044,-1.47,100.0,3.0,,0.0,0.0,124.42
2025-09-05T20:05:58.297Z,27,GR86-047-21,,-78.60000000000001,33.52936553955078,-86.6222915649414,0.17,-1.322,100.0,3.0,,0.0,0.0,
2025-09-05T20:05:58.340Z,27,GR86-047-21,,-77.80000000000001,33.52936553955078,-86.6222915649414,0.144,-1.25,100.0,3.0,,0.0,0.0,
2025-09-05T20:05:58.384Z,27,GR86-047-21,,-66.9,33.52935791015625,-86.62232971191406,0.112,-1.026,100.0,3.0,,0.0,0.0,
2025-09-05T20:05:58.427Z,27,GR86-047-21,2832.0,-54.900000000000006,33.52935791015625,-86.62232971191406,0.139,-0.998,100.0,3.0,5923.0,0.0,0.0,
2025-09-05T20:05:58.470Z,27,GR86-047-21,,-42.6,33.529354095458984,-86.62236022949219,0.147,-0.985,100.0,3.0,,0.0,0.0,125.1
2025-09-05T20:05:58.515Z,27,GR86-047-21,,-33.7,33.529354095458984,-86.62236022949219,0.186,-0.864,100.0,3.0,,0.0,0.0,
2025-09-05T20:05:58.558Z,27,GR86-047-21,,-26.8,33.52935028076172,-86.62239837646484,0.185,-0.8230000000000001,100.0,3.0,,0.0,0.0,
2025-09-05T20:05:58.601Z,27,GR86-047-21,,-21.0,33.52935028076172,-86.62239837646484,0.171,-0.853,100.0,3.0,,0.0,0.0,
2025-09-05T20:05:58.644Z,27,GR86-047-21,2839.0,-12.8,33.52935028076172,-86.6224365234375,0.154,-0.805,100.0,3.0,6040.0,0.0,0.0,
2025-09-05T20:05:58.687Z,27,GR86-047-21,,-9.1,33.52935028076172,-86.6224365234375,0.166,-0.835,100.0,3.0,,0.0,0.0,126.13
2025-09-05T20:05:58.731Z,27,GR86-047-21,,-6.9,33.52935028076172,-86.6224365234375,0.172,-0.909,100.0,3.0,,0.0,0.0,
2025-09-05T20:05:58.774Z,27,GR86-047-21,,-5.800000000000001,33.52934646606445,-86.62247467041016,0.201,-0.867,100.0,3.0,,0.0,0.0,
2025-09-05T20:05:58.817Z,27,GR86-047-21,,-5.800000000000001,33.52934646606445,-86.62247467041016,0.211,-0.788,100.0,3.0,,0.0,0.0,
2025-09-05T20:05:58.860Z,27,GR86-047-21,2846.0,-5.800000000000001,33.52934646606445,-86.62251281738281,0.171,-0.794,100.0,3.0,6189.0,0.0,0.0,
2025-09-05T20:05:58.904Z,27,GR86-047-21,,-3.6,33.52934646606445,-86.62251281738281,0.143,-0.704,100.0,3.0,,0.0,0.0,125.69
2025-09-05T20:05:58.947Z,27,GR86-047-21,,-0.5,33.52934646606445,-86.62255096435547,0.132,-0.782,100.0,3.0,,0.0,0.0,
2025-09-05T20:05:58.990Z,27,GR86-047-21,,6.0,33.52934646606445,-86.62255096435547,0.168,-0.771,100.0,3.0,,0.0,0.0,
2025-09-05T20:05:59.033Z,27,GR86-047-21,,11.5,33.52934646606445,-86.62255096435547,0.109,-0.791,100.0,3.0,,0.0,0.0,
2025-09-05T20:05:59.076Z,27,GR86-047-21,2853.0,23.5,33.52934646606445,-86.62258911132812,0.163,-0.8320000000000001,100.0,3.0,6367.0,0.0,0.0,
2025-09-05T20:05:59.119Z,27,GR86-047-21,,33.1,33.52934646606445,-86.62258911132812,0.261,-0.74,100.0,3.0,,0.0,0.0,125.72
2025-09-05T20:05:59.162Z,27,GR86-047-21,,38.3,33.52935028076172,-86.62261962890625,0.235,-0.578,100.0,3.0,,0.0,0.0,
2025-09-05T20:05:59.205Z,27,GR86-047-21,,37.5,33.52935028076172,-86.62261962890625,0.185,-0.481,100.0,3.0,,0.0,0.0,
2025-09-05T20:05:59.248Z,27,GR86-047-21,,27.700000000000003,33.52935028076172,-86.6226577758789,0.196,-0.586,100.0,3.0,,0.0,0.0,
2025-09-05T20:05:59.291Z,27,GR86-047-21,2860.0,5.6000000000000005,33.52935028076172,-86.6226577758789,0.273,-0.647,100.0,3.0,6466.0,0.0,0.0,
2025-09-05T20:05:59.336Z,27,GR86-047-21,,-8.8,33.52935028076172,-86.6226577758789,0.284,-0.749,100.0,3.0,,0.0,0.0,127.46
2025-09-05T20:05:59.379Z,27,GR86-047-21,,-24.8,33.529354095458984,-86.62269592285156,0.206,-0.886,100.0,3.0,,0.0,0.0,
2025-09-05T20:05:59.422Z,27,GR86-047-21,,-27.200000000000003,33.529354095458984,-86.62269592285156,0.059,-0.95,100.0,3.0,,0.0,0.0,
2025-09-05T20:05:59.465Z,27,GR86-047-21,,-27.200000000000003,33.529354095458984,-86.62273406982422,0.089,-0.993,100.0,3.0,,0.0,0.0,
2025-09-05T20:05:59.508Z,27,GR86-047-21,2867.0,-27.200000000000003,33.529354095458984,-86.62273406982422,0.263,-0.881,100.0,3.0,6377.0,0.0,0.0,
2025-09-05T20:05:59.551Z,27,GR86-047-21,,-27.200000000000003,33.52936172485352,-86.62277221679688,0.264,-0.883,100.0,3.0,,0.0,0.0,127.61
2025-09-05T20:05:59.594Z,27,GR86-047-21,,-27.200000000000003,33.52936172485352,-86.62277221679688,0.209,-0.847,100.0,3.0,,0.0,0.0,
2025-09-05T20:05:59.637Z,27,GR86-047-21,,-26.5,33.52936172485352,-86.62277221679688,0.222,-0.858,100.0,3.0,,0.0,0.0,
2025-09-05T20:05:59.680Z,27,GR86-047-21,,-26.4,33.52936553955078,-86.62281036376953,0.319,-0.866,100.0,3.0,,0.0,0.0,
2025-09-05T20:05:59.724Z,27,GR86-047-21,2874.0,-26.4,33.52936553955078,-86.62281036376953,0.279,-0.944,100.0,3.0,6446.0,0.0,0.0,
2025-09-05T20:05:59.767Z,27,GR86-047-21,,-26.4,33.52936935424805,-86.62284851074219,0.222,-0.794,100.0,3.0,,0.0,0.0,129.59
2025-09-05T20:05:59.810Z,27,GR86-047-21,,-26.4,33.52936935424805,-86.62284851074219,0.071,-0.669,100.0,3.0,,0.0,0.0,
2025-09-05T20:05:59.853Z,27,GR86-047-21,,-26.4,33.52937698364258,-86.62288665771484,0.07,-0.618,100.0,3.0,,0.0,0.0,
2025-09-05T20:05:59.896Z,27,GR86-047-21,,-24.8,33.52937698364258,-86.62288665771484,0.132,-0.515,100.0,3.0,,0.0,0.0,
2025-09-05T20:05:59.939Z,27,GR86-047-21,2882.0,-21.8,33.52937698364258,-86.62288665771484,0.134,-0.557,100.0,3.0,6115.0,0.0,0.0,
2025-09-05T20:05:59.982Z,27,GR86-047-21,,-17.3,33.52938461303711,-86.6229248046875,0.174,-0.479,100.0,3.0,,0.0,0.0,130.09
2025-09-05T20:06:00.025Z,27,GR86-047-21,,-14.5,33.52938461303711,-86.6229248046875,0.164,-0.5690000000000001,100.0,3.0,,0.0,0.0,
2025-09-05T20:06:00.068Z,27,GR86-047-21,,-11.4,33.529388427734375,-86.62296295166016,0.222,-0.6910000000000001,100.0,3.0,,0.0,0.0,
2025-09-05T20:06:00.111Z,27,GR86-047-21,,-9.3,33.529388427734375,-86.62296295166016,0.194,-0.6900000000000001,100.0,3.0,,0.0,0.0,
2025-09-05T20:06:00.154Z,27,GR86-047-21,2889.0,-8.5,33.529388427734375,-86.62296295166016,0.163,-0.758,100.0,3.0,6327.0,0.0,0.0,
2025-09-05T20:06:00.197Z,27,GR86-047-21,,-8.4,33.529396057128906,-86.62300109863281,0.182,-0.643,100.0,3.0,,0.0,0.0,130.3
2025-09-05T20:06:00.240Z,27,GR86-047-21,,-8.700000000000001,33.529396057128906,-86.62300109863281,0.194,-0.613,100.0,3.0,,0.0,0.0,
2025-09-05T20:06:00.284Z,27,GR86-047-21,,-9.0,33.5294075012207,-86.62303924560547,0.186,-0.478,100.0,3.0,,0.0,0.0,
2025-09-05T20:06:00.327Z,27,GR86-047-21,,-8.700000000000001,33.5294075012207,-86.62303924560547,0.147,-0.499,100.0,3.0,,0.0,0.0,
2025-09-05T20:06:00.370Z,27,GR86-047-21,2896.0,-8.0,33.529415130615234,-86.62307739257812,0.151,-0.479,100.0,3.0,6301.0,0.0,0.0,
2025-09-05T20:06:00.414Z,27,GR86-047-21,,-6.7,33.529415130615234,-86.62307739257812,0.126,-0.437,100.0,3.0,,0.0,0.0,133.32
2025-09-05T20:06:00.457Z,27,GR86-047-21,,-5.0,33.52942657470703,-86.62311553955078,0.232,-0.508,100.0,3.0,,0.0,0.0,
2025-09-05T20:06:00.500Z,27,GR86-047-21,,-4.800000000000001,33.52942657470703,-86.62311553955078,0.205,-0.629,100.0,3.0,,0.0,0.0,
2025-09-05T20:06:00.544Z,27,GR86-047-21,,-7.7,33.52943420410156,-86.62315368652344,0.206,-0.6,100.0,3.0,,0.0,0.0,
2025-09-05T20:06:00.587Z,27,GR86-047-21,2904.0,-13.5,33.52943420410156,-86.62315368652344,0.139,-0.446,100.0,3.0,6403.0,0.0,0.0,
2025-09-05T20:06:00.631Z,27,GR86-047-21,,-16.7,33.52943420410156,-86.62315368652344,0.126,-0.421,100.0,3.0,,0.0,0.0,134.96
2025-09-05T20:06:00.674Z,27,GR86-047-21,,-17.2,33.52944564819336,-86.6231918334961,0.147,-0.33,100.0,3.0,,0.0,0.0,
2025-09-05T20:06:00.717Z,27,GR86-047-21,,-16.8,33.52944564819336,-86.6231918334961,0.146,-0.393,100.0,3.0,,0.0,0.0,
2025-09-05T20:06:00.761Z,27,GR86-047-21,,-13.5,33.52945709228516,-86.62322998046875,0.208,-0.412,100.0,3.0,,0.0,0.0,
2025-09-05T20:06:00.804Z,27,GR86-047-21,2919.0,-7.6,33.52945709228516,-86.62322998046875,0.256,-0.482,100.0,3.0,6572.0,0.0,0.0,
2025-09-05T20:06:00.847Z,27,GR86-047-21,,-5.9,33.52946853637695,-86.6232681274414,0.154,-0.421,100.0,3.0,,0.0,0.0,136.43
2025-09-05T20:06:00.890Z,27,GR86-047-21,,-5.7,33.52946853637695,-86.6232681274414,0.145,-0.343,100.0,3.0,,0.0,0.0,
2025-09-05T20:06:00.933Z,27,GR86-047-21,,-5.7,33.52946853637695,-86.6232681274414,0.129,-0.29,100.0,3.0,,0.0,0.0,
2025-09-05T20:06:00.976Z,27,GR86-047-21,,-5.7,33.52947998046875,-86.62330627441406,0.143,-0.218,100.0,3.0,,0.0,0.0,
2025-09-05T20:06:01.019Z,27,GR86-047-21,2926.0,-5.800000000000001,33.52947998046875,-86.62330627441406,0.197,-0.377,100.0,3.0,6694.0,0.0,0.0,
2025-09-05T20:06:01.064Z,27,GR86-047-21,,-6.4,33.52949142456055,-86.62334442138672,0.226,-0.408,100.0,3.0,,0.0,0.0,138.24
2025-09-05T20:06:01.107Z,27,GR86-047-21,,-9.2,33.52949142456055,-86.62334442138672,0.162,-0.442,100.0,3.0,,0.0,0.0,
2025-09-05T20:06:01.152Z,27,GR86-047-21,,-9.8,33.529502868652344,-86.62338256835938,0.169,-0.46,100.0,3.0,,0.0,0.0,
2025-09-05T20:06:01.196Z,27,GR86-047-21,,-9.8,33.529502868652344,-86.62338256835938,0.172,-0.373,100.0,3.0,,0.0,0.0,
2025-09-05T20:06:01.239Z,27,GR86-047-21,2934.0,-9.8,33.529502868652344,-86.62338256835938,0.136,-0.322,100.0,3.0,6637.0,0.0,0.0,
2025-09-05T20:06:01.282Z,27,GR86-047-21,,-9.8,33.529518127441406,-86.62342071533203,0.205,-0.334,100.0,3.0,,0.0,0.0,140.56
2025-09-05T20:06:01.325Z,27,GR86-047-21,,-12.3,33.529518127441406,-86.62342071533203,0.177,-0.339,100.0,3.0,,0.0,0.0,
2025-09-05T20:06:01.368Z,27,GR86-047-21,,-22.3,33.5295295715332,-86.62345886230469,0.144,-0.433,100.0,3.0,,0.0,0.0,
2025-09-05T20:06:01.411Z,27,GR86-047-21,,-32.0,33.5295295715332,-86.62345886230469,0.162,-0.544,100.0,3.0,,0.0,0.0,
2025-09-05T20:06:01.454Z,27,GR86-047-21,2942.0,-38.8,33.529544830322266,-86.62345886230469,0.16,-0.668,100.0,3.0,6707.0,0.0,0.0,
2025-09-05T20:06:01.497Z,27,GR86-047-21,,-43.2,33.529544830322266,-86.62350463867188,0.127,-0.8190000000000001,100.0,3.0,,0.0,0.0,142.43
2025-09-05T20:06:01.540Z,27,GR86-047-21,,-45.8,33.529544830322266,-86.62350463867188,0.097,-0.898,100.0,3.0,,0.0,0.0,
2025-09-05T20:06:01.583Z,27,GR86-047-21,,-47.3,33.52956008911133,-86.62354278564453,0.122,-1.065,100.0,3.0,,0.0,0.0,
2025-09-05T20:06:01.627Z,27,GR86-047-21,,-48.2,33.52956008911133,-86.62354278564453,0.083,-1.12,100.0,3.0,,0.0,0.0,
2025-09-05T20:06:01.671Z,27,GR86-047-21,2950.0,-49.7,33.529571533203125,-86.62358093261719,0.086,-1.146,100.0,3.0,6811.0,0.0,0.0,
2025-09-05T20:06:01.714Z,27,GR86-047-21,,-51.2,33.529571533203125,-86.62358093261719,0.103,-1.166,100.0,3.0,,0.0,0.0,144.74
2025-09-05T20:06:01.757Z,27,GR86-047-21,,-51.8,33.52958679199219,-86.62361907958984,0.147,-1.124,84.54,3.0,,0.0,0.0,
2025-09-05T20:06:01.800Z,27,GR86-047-21,,-51.8,33.52958679199219,-86.62361907958984,0.137,-1.059,69.44,3.0,,0.0,0.0,
2025-09-05T20:06:01.843Z,27,GR86-047-21,,-51.8,33.52960586547852,-86.6236572265625,0.117,-1.045,63.85,3.0,,0.0,0.0,
2025-09-05T20:06:01.887Z,27,GR86-047-21,2958.0,-51.8,33.52960586547852,-86.6236572265625,0.076,-1.124,63.27,3.0,6916.0,0.0,0.0,
2025-09-05T20:06:01.930Z,27,GR86-047-21,,-50.400000000000006,33.52960586547852,-86.6236572265625,0.05,-1.212,60.24,3.0,,0.0,0.0,146.03
2025-09-05T20:06:01.974Z,27,GR86-047-21,,-47.5,33.52962112426758,-86.62369537353516,0.063,-1.193,60.28,3.0,,0.0,0.0,
2025-09-05T20:06:02.017Z,27,GR86-047-21,,-43.400000000000006,33.52962112426758,-86.62369537353516,0.064,-1.247,59.27,3.0,,0.0,0.0,
2025-09-05T20:06:02.060Z,27,GR86-047-21,,-38.8,33.529640197753906,-86.62373352050781,0.081,-1.2,54.15,3.0,,0.0,0.0,
2025-09-05T20:06:02.104Z,27,GR86-047-21,2966.0,-33.6,33.529640197753906,-86.62373352050781,0.095,-1.215,50.120000000000005,3.0,6971.0,0.0,0.0,
2025-09-05T20:06:02.147Z,27,GR86-047-21,,-32.7,33.529659271240234,-86.62377166748047,0.049,-1.27,50.47,3.0,,0.0,0.0,146.55
2025-09-05T20:06:02.190Z,27,GR86-047-21,,-32.300000000000004,33.529659271240234,-86.62377166748047,0.059,-1.287,51.58,3.0,,0.0,0.0,
2025-09-05T20:06:02.234Z,27,GR86-047-21,,-32.300000000000004,33.529659271240234,-86.62377166748047,0.039,-1.36,50.57,3.0,,0.0,0.0,
2025-09-05T20:06:02.277Z,27,GR86-047-21,,-33.1,33.52968215942383,-86.62380981445312,0.051,-1.421,49.33,3.0,,0.0,0.0,
2025-09-05T20:06:02.320Z,27,GR86-047-21,2975.0,-39.7,33.52968215942383,-86.62380981445312,0.055,-1.483,45.87,3.0,7008.0,0.0,0.0,
2025-09-05T20:06:02.363Z,27,GR86-047-21,,-52.2,33.52970123291016,-86.62384033203125,0.018,-1.511,45.22,3.0,,0.0,0.0,147.55
2025-09-05T20:06:02.407Z,27,GR86-047-21,,-57.900000000000006,33.52970123291016,-86.62384033203125,0.053,-1.46,42.47,3.0,,0.0,0.0,
2025-09-05T20:06:02.451Z,27,GR86-047-21,,-60.900000000000006,33.52972412109375,-86.6238784790039,0.035,-1.375,36.18,3.0,,0.0,0.0,
2025-09-05T20:06:02.495Z,27,GR86-047-21,,-61.7,33.52972412109375,-86.6238784790039,-0.015,-1.439,33.89,3.0,,0.0,0.0,
2025-09-05T20:06:02.538Z,27,GR86-047-21,2983.0,-63.2,33.52972412109375,-86.6238784790039,-0.039,-1.508,29.68,3.0,7009.0,0.0,0.0,
2025-09-05T20:06:02.581Z,27,GR86-047-21,,-65.8,33.529747009277344,-86.62390899658203,-0.016,-1.555,20.05,3.0,,0.0,0.0,148.65
2025-09-05T20:06:02.624Z,27,GR86-047-21,,-69.5,33.529747009277344,-86.62390899658203,-0.037,-1.552,19.88,3.0,,0.0,0.0,
2025-09-05T20:06:02.667Z,27,GR86-047-21,,-69.8,33.52976989746094,-86.62394714355469,-0.067,-1.475,19.07,3.0,,0.0,0.0,
2025-09-05T20:06:02.710Z,27,GR86-047-21,,-69.8,33.52976989746094,-86.62394714355469,-0.064,-1.507,13.43,3.0,,0.0,0.0,
2025-09-05T20:06:02.754Z,27,GR86-047-21,2991.0,-69.9,33.5297966003418,-86.62397766113281,-0.056,-1.464,13.28,3.0,7012.0,0.0,0.0,
2025-09-05T20:06:02.797Z,27,GR86-047-21,,-70.4,33.5297966003418,-86.62397766113281,-0.077,-1.558,12.98,3.0,,0.0,0.0,148.48
2025-09-05T20:06:02.840Z,27,GR86-047-21,,-70.8,33.5297966003418,-86.62397766113281,-0.157,-1.517,11.66,3.0,,0.0,0.0,
2025-09-05T20:06:02.883Z,27,GR86-047-21,,-71.3,33.529823303222656,-86.62400817871094,-0.139,-1.512,11.46,3.0,,0.0,0.0,
2025-09-05T20:06:02.927Z,27,GR86-047-21,,-71.8,33.529823303222656,-86.62400817871094,-0.226,-1.723,7.2,3.0,,0.0,0.0,
2025-09-05T20:06:02.970Z,27,GR86-047-21,2999.0,-71.9,33.52985000610352,-86.62403869628906,-0.17,-1.717,7.15,3.0,6958.0,0.0,0.0,
2025-09-05T20:06:03.014Z,27,GR86-047-21,,-71.9,33.52985000610352,-86.62403869628906,-0.153,-1.622,9.0,3.0,,0.0,0.0,148.05
2025-09-05T20:06:03.057Z,27,GR86-047-21,,-71.9,33.529876708984375,-86.62406158447266,-0.264,-1.774,8.86,3.0,,0.0,0.0,
2025-09-05T20:06:03.100Z,27,GR86-047-21,,-71.8,33.529876708984375,-86.62406158447266,-0.164,-1.588,8.51,3.0,,0.0,0.0,
2025-09-05T20:06:03.143Z,27,GR86-047-21,,-71.9,33.5299072265625,-86.62409210205078,-0.095,-1.534,7.5,3.0,,0.0,0.0,
2025-09-05T20:06:03.187Z,27,GR86-047-21,3008.0,-71.9,33.5299072265625,-86.62409210205078,-0.359,-1.729,7.78,3.0,6886.0,0.0,0.0,
2025-09-05T20:06:03.231Z,27,GR86-047-21,,-71.7,33.5299072265625,-86.62409210205078,-0.222,-1.428,7.95,3.0,,0.0,0.0,148.82
2025-09-05T20:06:03.274Z,27,GR86-047-21,,-68.0,33.52993392944336,-86.62411499023438,-0.284,-1.646,8.71,3.0,,0.0,0.0,
2025-09-05T20:06:03.317Z,27,GR86-047-21,,-61.1,33.52993392944336,-86.62411499023438,-0.201,-1.639,9.07,3.0,,0.0,0.0,
2025-09-05T20:06:03.361Z,27,GR86-047-21,,-51.1,33.529964447021484,-86.62413787841797,-0.223,-1.63,10.68,3.0,,0.0,0.0,
2025-09-05T20:06:03.404Z,27,GR86-047-21,3024.0,-27.4,33.529964447021484,-86.62413787841797,-0.174,-1.638,11.36,3.0,6592.0,0.0,0.0,
2025-09-05T20:06:03.447Z,27,GR86-047-21,,-8.5,33.52999496459961,-86.62416076660156,-0.133,-1.521,11.29,3.0,,0.0,0.0,146.8
2025-09-05T20:06:03.490Z,27,GR86-047-21,,6.4,33.52999496459961,-86.62416076660156,-0.172,-1.537,11.4,3.0,,0.0,0.0,
2025-09-05T20:06:03.533Z,27,GR86-047-21,,13.3,33.52999496459961,-86.62416076660156,-0.132,-1.529,14.04,3.0,,0.0,0.0,
2025-09-05T20:06:03.576Z,27,GR86-047-21,,13.5,33.530025482177734,-86.62418365478516,-0.105,-1.617,14.29,3.0,,0.0,0.0,
2025-09-05T20:06:03.619Z,27,GR86-047-21,3032.0,13.4,33.530025482177734,-86.62418365478516,-0.004,-1.487,14.25,3.0,6699.0,0.0,0.0,
2025-09-05T20:06:03.662Z,27,GR86-047-21,,4.800000000000001,33.53005599975586,-86.62420654296875,-0.001,-1.593,18.16,3.0,,0.0,0.0,144.9
2025-09-05T20:06:03.705Z,27,GR86-047-21,,-6.800000000000001,33.53005599975586,-86.62420654296875,-0.04,-1.572,16.86,3.0,,0.0,0.0,
2025-09-05T20:06:03.748Z,27,GR86-047-21,,-19.0,33.530086517333984,-86.62422180175781,-0.035,-1.506,17.61,3.0,,0.0,0.0,
2025-09-05T20:06:03.791Z,27,GR86-047-21,,-23.3,33.530086517333984,-86.62422180175781,-0.032,-1.508,19.32,3.0,,0.0,0.0,
2025-09-05T20:06:03.836Z,27,GR86-047-21,3040.0,-23.3,33.530086517333984,-86.62422180175781,0.002,-1.474,17.41,3.0,6625.0,0.0,0.0,
2025-09-05T20:06:03.879Z,27,GR86-047-21,,-11.4,33.530120849609375,-86.62423706054688,0.016,-1.313,17.18,3.0,,0.0,0.0,143.44
2025-09-05T20:06:03.922Z,27,GR86-047-21,,-0.5,33.530120849609375,-86.62423706054688,0.03,-1.339,17.75,3.0,,0.0,0.0,
2025-09-05T20:06:03.965Z,27,GR86-047-21,,-0.5,33.5301513671875,-86.62425231933594,0.043,-1.337,19.68,3.0,,0.0,0.0,
2025-09-05T20:06:04.008Z,27,GR86-047-21,,-7.6,33.5301513671875,-86.62425231933594,0.003,-1.291,22.02,3.0,,0.0,0.0,
2025-09-05T20:06:04.051Z,27,GR86-047-21,3048.0,-20.8,33.53018569946289,-86.62425994873047,-0.008,-1.311,25.94,3.0,6578.0,0.0,0.0,
2025-09-05T20:06:04.095Z,27,GR86-047-21,,-32.9,33.53018569946289,-86.62425994873047,0.037,-1.313,29.55,3.0,,0.0,0.0,139.88
2025-09-05T20:06:04.138Z,27,GR86-047-21,,-41.3,33.53018569946289,-86.62425994873047,0.026,-1.305,29.5,3.0,,0.0,0.0,
2025-09-05T20:06:04.182Z,27,GR86-047-21,,-46.3,33.530216217041016,-86.62427520751953,0.042,-1.414,37.04,3.0,,0.0,0.0,
2025-09-05T20:06:04.226Z,27,GR86-047-21,,-46.7,33.530216217041016,-86.62427520751953,0.051,-1.407,39.5,3.0,,0.0,0.0,
2025-09-05T20:06:04.269Z,27,GR86-047-21,3055.0,-46.7,33.530250549316406,-86.62428283691406,0.003,-1.443,45.48,3.0,6593.0,0.0,0.0,
2025-09-05T20:06:04.314Z,27,GR86-047-21,,-45.6,33.530250549316406,-86.62428283691406,0.045,-1.369,45.53,3.0,,0.0,0.0,138.62
2025-09-05T20:06:04.357Z,27,GR86-047-21,,-39.5,33.5302848815918,-86.6242904663086,0.068,-1.427,45.63,3.0,,0.0,0.0,
2025-09-05T20:06:04.400Z,27,GR86-047-21,,-32.300000000000004,33.5302848815918,-86.6242904663086,0.035,-1.41,45.57,3.0,,0.0,0.0,
2025-09-05T20:06:04.443Z,27,GR86-047-21,,-22.3,33.53031921386719,-86.62429809570312,0.112,-1.385,44.03,3.0,,0.0,0.0,
2025-09-05T20:06:04.487Z,27,GR86-047-21,3063.0,-21.0,33.53031921386719,-86.62429809570312,0.068,-1.352,44.56,3.0,6552.0,0.0,0.0,
2025-09-05T20:06:04.574Z,27,GR86-047-21,,-21.0,33.53031921386719,-86.62429809570312,0.067,-1.277,44.11,3.0,,0.0,0.0,137.51
2025-09-05T20:06:04.661Z,27,GR86-047-21,,-28.200000000000003,33.53034973144531,-86.62430572509766,0.063,-1.233,41.61,3.0,,0.0,0.0,
2025-09-05T20:06:04.704Z,27,GR86-047-21,3071.0,-44.900000000000006,33.5303840637207,-86.62431335449219,0.083,-1.217,27.86,3.0,6497.0,0.0,0.0,
2025-09-05T20:06:04.747Z,27,GR86-047-21,,-55.1,33.530418395996094,-86.62431335449219,0.025,-1.273,25.07,3.0,,0.0,0.0,137.36
2025-09-05T20:06:04.790Z,27,GR86-047-21,,-60.400000000000006,33.530418395996094,-86.62431335449219,0.054,-1.281,27.2,3.0,,0.0,0.0,
2025-09-05T20:06:04.833Z,27,GR86-047-21,,-61.2,33.530418395996094,-86.62431335449219,0.06,-1.258,31.4,3.0,,0.0,0.0,
2025-09-05T20:06:04.876Z,27,GR86-047-21,,-61.2,33.530452728271484,-86.62431335449219,0.03,-1.225,36.98,3.0,,0.0,0.0,
2025-09-05T20:06:04.919Z,27,GR86-047-21,3078.0,-60.900000000000006,33.530452728271484,-86.62431335449219,-0.02,-1.214,36.99,3.0,6468.0,0.0,0.0,
2025-09-05T20:06:04.964Z,27,GR86-047-21,,-54.7,33.530487060546875,-86.62431335449219,0.005,-1.184,36.79,3.0,,0.0,0.0,137.20000000000002
2025-09-05T20:06:05.007Z,27,GR86-047-21,,-50.1,33.530487060546875,-86.62431335449219,0.013,-1.197,37.59,3.0,,0.0,0.0,
2025-09-05T20:06:05.052Z,27,GR86-047-21,,-44.900000000000006,33.530517578125,-86.62431335449219,0.063,-1.258,38.88,3.0,,0.0,0.0,
2025-09-05T20:06:05.096Z,27,GR86-047-21,,-40.5,33.530517578125,-86.62431335449219,0.084,-1.211,45.01,3.0,,0.0,0.0,
2025-09-05T20:06:05.139Z,27,GR86-047-21,3086.0,-38.6,33.530517578125,-86.62431335449219,0.038,-1.245,47.31,3.0,6458.0,0.0,0.0,
2025-09-05T20:06:05.182Z,27,GR86-047-21,,-38.5,33.53055191040039,-86.62431335449219,0.061,-1.179,45.17,3.0,,0.0,0.0,136.72
2025-09-05T20:06:05.225Z,27,GR86-047-21,,-38.3,33.53055191040039,-86.62431335449219,0.044,-1.21,45.44,3.0,,0.0,0.0,
2025-09-05T20:06:05.268Z,27,GR86-047-21,,-34.5,33.53058624267578,-86.62431335449219,0.059,-1.209,45.15,3.0,,0.0,0.0,
2025-09-05T20:06:05.311Z,27,GR86-047-21,,-29.9,33.53058624267578,-86.62431335449219,0.083,-1.261,44.91,3.0,,0.0,0.0,
2025-09-05T20:06:05.354Z,27,GR86-047-21,3094.0,-24.9,33.53062057495117,-86.62430572509766,0.1,-1.245,44.96,3.0,6454.0,0.0,0.0,
2025-09-05T20:06:05.397Z,27,GR86-047-21,,-19.6,33.53062057495117,-86.62430572509766,0.079,-1.208,45.03,3.0,,0.0,0.0,136.44
2025-09-05T20:06:05.440Z,27,GR86-047-21,,-13.4,33.53062057495117,-86.62430572509766,0.083,-1.141,45.13,3.0,,0.0,0.0,
2025-09-05T20:06:05.483Z,27,GR86-047-21,,-7.6,33.5306510925293,-86.62429809570312,0.083,-1.097,43.57,3.0,,0.0,0.0,
2025-09-05T20:06:05.572Z,27,GR86-047-21,3101.0,-7.5,33.5306510925293,-86.62429809570312,0.111,-1.054,41.07,3.0,6451.0,0.0,0.0,
2025-09-05T20:06:05.616Z,27,GR86-047-21,,-18.9,33.53068542480469,-86.6242904663086,0.109,-1.075,39.33,3.0,,0.0,0.0,136.18
2025-09-05T20:06:05.659Z,27,GR86-047-21,,-25.700000000000003,33.53071975708008,-86.62428283691406,0.09,-1.092,32.96,3.0,,0.0,0.0,
2025-09-05T20:06:05.704Z,27,GR86-047-21,,-29.6,33.53071975708008,-86.62428283691406,0.074,-1.072,27.28,3.0,,0.0,0.0,
2025-09-05T20:06:05.747Z,27,GR86-047-21,,-29.6,33.5307502746582,-86.62427520751953,0.077,-1.094,23.68,3.0,,0.0,0.0,
2025-09-05T20:06:05.833Z,27,GR86-047-21,3109.0,-29.6,33.5307502746582,-86.62427520751953,0.065,-1.022,8.11,3.0,6444.0,0.0,0.0,136.26
2025-09-05T20:06:05.876Z,27,GR86-047-21,,-24.9,33.530784606933594,-86.624267578125,0.045,-0.856,1.64,3.0,,8.76,9.035,
2025-09-05T20:06:05.919Z,27,GR86-047-21,,-24.9,33.530784606933594,-86.624267578125,-0.186,-0.773,0.55,3.0,,16.555,16.59,
2025-09-05T20:06:05.962Z,27,GR86-047-21,,-24.9,33.53081512451172,-86.62425231933594,-0.467,-0.66,0.58,3.0,,28.995,28.81,
2025-09-05T20:06:06.049Z,27,GR86-047-21,3124.0,-24.8,33.53081512451172,-86.62425231933594,-0.764,-0.67,0.68,3.0,5977.0,34.565,34.335,135.78
2025-09-05T20:06:06.093Z,27,GR86-047-21,,-22.700000000000003,33.53084945678711,-86.62423706054688,-0.777,-0.635,0.68,3.0,,42.12,43.355,
2025-09-05T20:06:06.137Z,27,GR86-047-21,,-19.0,33.53084945678711,-86.62423706054688,-0.893,-0.75,0.6,3.0,,44.225,45.245,
2025-09-05T20:06:06.180Z,27,GR86-047-21,,-16.2,33.530879974365234,-86.62422943115234,-0.896,-0.593,0.64,3.0,,45.305,45.55,
2025-09-05T20:06:06.224Z,27,GR86-047-21,3131.0,-14.8,33.530879974365234,-86.62422943115234,-0.85,-0.579,0.67,3.0,5780.0,48.205,49.765,
2025-09-05T20:06:06.267Z,27,GR86-047-21,,-14.8,33.53091049194336,-86.62421417236328,-0.942,-0.545,0.6900000000000001,3.0,,48.42,49.045,132.06
2025-09-05T20:06:06.310Z,27,GR86-047-21,,-15.0,33.53091049194336,-86.62421417236328,-0.858,-0.659,0.71,3.0,,46.68,46.53,
2025-09-05T20:06:06.354Z,27,GR86-047-21,,-15.1,33.53093719482422,-86.62419891357422,-0.844,-0.648,0.5700000000000001,3.0,,45.49,45.72,
2025-09-05T20:06:06.397Z,27,GR86-047-21,,-15.1,33.53093719482422,-86.62419891357422,-0.762,-0.733,0.58,3.0,,36.7,38.15,
2025-09-05T20:06:06.440Z,27,GR86-047-21,3138.0,-15.1,33.53093719482422,-86.62419891357422,-0.6930000000000001,-0.835,0.61,3.0,5393.0,28.305,29.5,
2025-09-05T20:06:06.484Z,27,GR86-047-21,,-13.9,33.530967712402344,-86.62419128417969,-0.63,-0.797,0.63,3.0,,20.45,21.56,125.01
2025-09-05T20:06:06.527Z,27,GR86-047-21,,-13.6,33.530967712402344,-86.62419128417969,-0.681,-0.797,0.68,3.0,,20.905,21.715,
2025-09-05T20:06:06.570Z,27,GR86-047-21,,-13.6,33.5309944152832,-86.62417602539062,-0.632,-0.786,0.7000000000000001,3.0,,25.575,26.05,
2025-09-05T20:06:06.614Z,27,GR86-047-21,,-13.8,33.5309944152832,-86.62417602539062,-0.627,-0.756,0.62,3.0,,30.305,30.61,
2025-09-05T20:06:06.658Z,27,GR86-047-21,3145.0,-15.8,33.53102111816406,-86.62416076660156,-0.666,-0.714,0.6,3.0,5355.0,32.38,32.475,
2025-09-05T20:06:06.701Z,27,GR86-047-21,,-17.7,33.53102111816406,-86.62416076660156,-0.669,-0.647,0.66,3.0,,32.475,32.685,120.33
2025-09-05T20:06:06.744Z,27,GR86-047-21,,-19.0,33.53104782104492,-86.6241455078125,-0.744,-0.732,0.63,2.0,,34.15,34.305,
2025-09-05T20:06:06.787Z,27,GR86-047-21,,-19.5,33.53104782104492,-86.6241455078125,-0.888,-0.6950000000000001,0.68,2.0,,35.71,36.395,
2025-09-05T20:06:06.830Z,27,GR86-047-21,,-20.5,33.53104782104492,-86.6241455078125,-0.863,-0.671,0.63,2.0,,37.235,38.775,
2025-09-05T20:06:06.874Z,27,GR86-047-21,3151.0,-22.3,33.53107070922852,-86.62413024902344,-0.684,-0.68,0.67,2.0,5951.0,37.615,39.005,
2025-09-05T20:06:06.917Z,27,GR86-047-21,,-25.5,33.53107070922852,-86.62413024902344,-0.8190000000000001,-0.682,0.77,2.0,,38.18,38.5,115.16
2025-09-05T20:06:06.961Z,27,GR86-047-21,,-28.4,33.531097412109375,-86.62411499023438,-0.767,-0.677,0.71,2.0,,37.585,37.74,
2025-09-05T20:06:07.004Z,27,GR86-047-21,,-29.3,33.531097412109375,-86.62411499023438,-0.6920000000000001,-0.849,0.71,2.0,,34.84,35.645,
2025-09-05T20:06:07.047Z,27,GR86-047-21,,-29.3,33.53112030029297,-86.62409973144531,-0.704,-0.661,0.72,2.0,,35.235,35.615,
2025-09-05T20:06:07.090Z,27,GR86-047-21,3157.0,-29.700000000000003,33.53112030029297,-86.62409973144531,-0.729,-0.727,0.73,2.0,5916.0,36.455,36.485,
2025-09-05T20:06:07.134Z,27,GR86-047-21,,-31.9,33.53112030029297,-86.62409973144531,-0.715,-0.794,0.73,2.0,,36.305,36.805,109.39
2025-09-05T20:06:07.177Z,27,GR86-047-21,,-33.4,33.5311393737793,-86.62408447265625,-0.659,-0.713,0.77,2.0,,34.715,35.955,
2025-09-05T20:06:07.220Z,27,GR86-047-21,,-35.0,33.5311393737793,-86.62408447265625,-0.768,-0.836,0.72,2.0,,35.585,36.67,
2025-09-05T20:06:07.265Z,27,GR86-047-21,,-38.6,33.53116226196289,-86.62406921386719,-0.786,-0.802,0.79,2.0,,34.305,34.655,
2025-09-05T20:06:07.308Z,27,GR86-047-21,3163.0,-40.3,33.53116226196289,-86.62406921386719,-0.719,-0.771,0.6900000000000001,2.0,5523.0,31.145,31.33,
2025-09-05T20:06:07.351Z,27,GR86-047-21,,-40.5,33.53118133544922,-86.62405395507812,-0.661,-0.8140000000000001,0.63,2.0,,27.775,28.55,104.47
2025-09-05T20:06:07.394Z,27,GR86-047-21,,-40.6,33.53118133544922,-86.62405395507812,-0.634,-0.867,0.71,2.0,,20.6,21.655,
2025-09-05T20:06:07.437Z,27,GR86-047-21,,-40.6,33.53118133544922,-86.62405395507812,-0.528,-0.905,0.76,2.0,,13.245,14.33,
2025-09-05T20:06:07.480Z,27,GR86-047-21,,-40.6,33.53120040893555,-86.62403106689453,-0.397,-0.948,0.7000000000000001,2.0,,10.745,11.55,
2025-09-05T20:06:07.524Z,27,GR86-047-21,3169.0,-42.0,33.53120040893555,-86.62403106689453,-0.455,-0.995,1.77,2.0,5333.0,9.34,9.965,
2025-09-05T20:06:07.567Z,27,GR86-047-21,,-42.0,33.531219482421875,-86.62401580810547,-0.479,-0.957,1.03,2.0,,8.515,9.095,99.24
2025-09-05T20:06:07.610Z,27,GR86-047-21,,-42.0,33.531219482421875,-86.62401580810547,-0.409,-1.013,1.41,2.0,,7.140000000000001,7.83,
2025-09-05T20:06:07.653Z,27,GR86-047-21,,-42.0,33.5312385559082,-86.6240005493164,-0.326,-0.989,1.63,2.0,,3.465,4.03,
2025-09-05T20:06:07.697Z,27,GR86-047-21,,-42.0,33.5312385559082,-86.6240005493164,-0.299,-1.087,1.38,2.0,,0.0,0.0,
2025-09-05T20:06:07.740Z,27,GR86-047-21,3174.0,-42.0,33.5312385559082,-86.6240005493164,-0.217,-1.049,1.58,2.0,5116.0,0.0,0.0,
2025-09-05T20:06:07.783Z,27,GR86-047-21,,-43.0,33.531253814697266,-86.62398529052734,-0.172,-1.121,1.49,2.0,,0.0,0.0,95.94
2025-09-05T20:06:07.827Z,27,GR86-047-21,,-45.7,33.531253814697266,-86.62398529052734,-0.162,-1.085,3.14,2.0,,0.0,0.0,
2025-09-05T20:06:07.870Z,27,GR86-047-21,,-48.2,33.531272888183594,-86.62396240234375,-0.192,-1.134,1.72,2.0,,0.0,0.0,
2025-09-05T20:06:07.914Z,27,GR86-047-21,,-49.1,33.531272888183594,-86.62396240234375,-0.187,-1.081,3.48,2.0,,0.0,0.0,
2025-09-05T20:06:07.957Z,27,GR86-047-21,3179.0,-49.2,33.531288146972656,-86.62394714355469,-0.195,-1.16,6.140000000000001,2.0,5071.0,0.0,0.0,
2025-09-05T20:06:08.000Z,27,GR86-047-21,,-49.2,33.531288146972656,-86.62394714355469,-0.165,-1.097,4.01,2.0,,0.0,0.0,93.25
2025-09-05T20:06:08.043Z,27,GR86-047-21,,-49.2,33.53129959106445,-86.6239242553711,-0.204,-1.204,7.18,2.0,,0.0,0.0,
2025-09-05T20:06:08.087Z,27,GR86-047-21,,-49.2,33.53129959106445,-86.6239242553711,-0.183,-1.127,5.8100000000000005,2.0,,0.0,0.0,
2025-09-05T20:06:08.130Z,27,GR86-047-21,,-49.8,33.53129959106445,-86.6239242553711,-0.198,-1.134,0.92,2.0,,0.0,0.0,
2025-09-05T20:06:08.174Z,27,GR86-047-21,3184.0,-52.400000000000006,33.53131484985352,-86.6239013671875,-0.163,-1.107,2.26,2.0,4994.0,0.0,0.0,
2025-09-05T20:06:08.217Z,27,GR86-047-21,,-55.1,33.53131484985352,-86.6239013671875,-0.198,-1.185,3.23,2.0,,0.0,0.0,90.1
2025-09-05T20:06:08.260Z,27,GR86-047-21,,-56.900000000000006,33.53132629394531,-86.62388610839844,-0.185,-1.16,2.98,2.0,,0.0,0.0,
2025-09-05T20:06:08.304Z,27,GR86-047-21,,-57.400000000000006,33.53132629394531,-86.62388610839844,-0.182,-1.241,7.54,2.0,,0.0,0.0,
2025-09-05T20:06:08.347Z,27,GR86-047-21,,-57.400000000000006,33.53133773803711,-86.62386322021484,-0.2,-1.254,13.44,2.0,,0.0,0.0,
2025-09-05T20:06:08.390Z,27,GR86-047-21,3189.0,-57.5,33.53133773803711,-86.62386322021484,-0.23,-1.264,20.43,2.0,4927.0,0.0,0.0,
2025-09-05T20:06:08.434Z,27,GR86-047-21,,-57.6,33.53133773803711,-86.62386322021484,-0.174,-1.231,17.96,2.0,,0.0,0.0,88.77
2025-09-05T20:06:08.477Z,27,GR86-047-21,,-58.5,33.531349182128906,-86.62384033203125,-0.149,-1.239,17.31,2.0,,0.0,0.0,
2025-09-05T20:06:08.520Z,27,GR86-047-21,,-60.1,33.531349182128906,-86.62384033203125,-0.132,-1.202,18.03,2.0,,0.0,0.0,
2025-09-05T20:06:08.564Z,27,GR86-047-21,,-63.8,33.5313606262207,-86.62381744384766,-0.092,-1.232,16.5,2.0,,0.0,0.0,
2025-09-05T20:06:08.607Z,27,GR86-047-21,3199.0,-66.5,33.5313606262207,-86.62381744384766,0.086,-1.23,16.75,2.0,5149.0,0.0,0.0,
2025-09-05T20:06:08.652Z,27,GR86-047-21,,-69.0,33.531368255615234,-86.62379455566406,0.075,-1.17,19.29,2.0,,0.0,0.0,87.54
2025-09-05T20:06:08.696Z,27,GR86-047-21,,-70.0,33.531368255615234,-86.62379455566406,0.101,-1.243,17.41,2.0,,0.0,0.0,
2025-09-05T20:06:08.739Z,27,GR86-047-21,,-70.2,33.531368255615234,-86.62379455566406,0.045,-1.223,18.4,2.0,,0.0,0.0,
2025-09-05T20:06:08.782Z,27,GR86-047-21,,-70.60000000000001,33.531375885009766,-86.62377166748047,-0.051,-1.218,19.26,2.0,,0.0,0.0,
2025-09-05T20:06:08.826Z,27,GR86-047-21,3204.0,-72.10000000000001,33.531375885009766,-86.62377166748047,-0.003,-1.165,14.77,2.0,5011.0,0.0,0.0,
2025-09-05T20:06:08.869Z,27,GR86-047-21,,-74.2,33.5313835144043,-86.62374877929688,0.045,-1.214,12.5,2.0,,0.0,0.0,86.75
2025-09-05T20:06:08.914Z,27,GR86-047-21,,-76.0,33.5313835144043,-86.62374877929688,0.091,-1.221,15.27,2.0,,0.0,0.0,
2025-09-05T20:06:08.957Z,27,GR86-047-21,,-76.4,33.53138732910156,-86.62372589111328,0.042,-1.223,26.9,2.0,,0.0,0.0,
2025-09-05T20:06:09.000Z,27,GR86-047-21,,-76.60000000000001,33.53138732910156,-86.62372589111328,0.009,-1.142,33.64,2.0,,0.0,0.0,
2025-09-05T20:06:09.044Z,27,GR86-047-21,3209.0,-76.9,33.531394958496094,-86.62369537353516,0.013,-1.241,50.620000000000005,2.0,5029.0,0.0,0.0,
2025-09-05T20:06:09.087Z,27,GR86-047-21,,-77.10000000000001,33.531394958496094,-86.62369537353516,0.034,-1.157,57.0,2.0,,0.0,0.0,86.77
2025-09-05T20:06:09.131Z,27,GR86-047-21,,-77.30000000000001,33.531394958496094,-86.62369537353516,0.036,-1.238,64.79,2.0,,0.0,0.0,
2025-09-05T20:06:09.217Z,27,GR86-047-21,,-77.30000000000001,33.53139877319336,-86.62367248535156,0.142,-1.239,66.64,2.0,,0.0,0.0,
2025-09-05T20:06:09.261Z,27,GR86-047-21,3214.0,-77.30000000000001,33.53139877319336,-86.62364959716797,0.176,-1.211,67.47,2.0,5202.0,0.0,0.0,
2025-09-05T20:06:09.304Z,27,GR86-047-21,,-77.30000000000001,33.53139877319336,-86.62364959716797,0.181,-1.239,68.66,2.0,,0.0,0.0,86.94
2025-09-05T20:06:09.347Z,27,GR86-047-21,,-77.30000000000001,33.53139877319336,-86.62361907958984,0.166,-1.179,67.92,2.0,,0.0,0.0,
2025-09-05T20:06:09.390Z,27,GR86-047-21,,-73.5,33.53139877319336,-86.62361907958984,0.135,-1.247,67.68,2.0,,0.0,0.0,
2025-09-05T20:06:09.433Z,27,GR86-047-21,,-68.5,33.53139877319336,-86.62361907958984,0.153,-1.252,71.49,2.0,,0.0,0.0,
2025-09-05T20:06:09.476Z,27,GR86-047-21,3218.0,-63.8,33.53139877319336,-86.62359619140625,0.167,-1.255,73.79,2.0,5258.0,0.0,0.0,
2025-09-05T20:06:09.519Z,27,GR86-047-21,,-58.2,33.53139877319336,-86.62359619140625,0.182,-1.256,73.05,2.0,,0.0,0.0,87.88
2025-09-05T20:06:09.562Z,27,GR86-047-21,,-48.7,33.53139877319336,-86.62357330322266,0.22,-1.215,72.95,2.0,,0.0,0.0,
2025-09-05T20:06:09.606Z,27,GR86-047-21,,-44.2,33.53139877319336,-86.62357330322266,0.18,-1.256,73.05,2.0,,0.0,0.0,
2025-09-05T20:06:09.649Z,27,GR86-047-21,,-39.8,33.53139877319336,-86.62354278564453,0.203,-1.214,72.9,2.0,,0.0,0.0,
2025-09-05T20:06:09.693Z,27,GR86-047-21,3223.0,-35.1,33.53139877319336,-86.62354278564453,0.204,-1.195,72.21000000000001,2.0,5377.0,0.0,0.0,
2025-09-05T20:06:09.737Z,27,GR86-047-21,,-29.9,33.53139877319336,-86.62354278564453,0.22,-1.116,71.99,2.0,,0.0,0.0,89.36
2025-09-05T20:06:09.781Z,27,GR86-047-21,,-22.8,33.531394958496094,-86.62351989746094,0.218,-1.215,69.27,2.0,,0.0,0.0,
2025-09-05T20:06:09.824Z,27,GR86-047-21,,-4.5,33.531394958496094,-86.62351989746094,0.22,-1.102,59.27,2.0,,0.0,0.0,
2025-09-05T20:06:09.867Z,27,GR86-047-21,,9.8,33.53139114379883,-86.62348937988281,0.212,-1.268,60.33,2.0,,0.0,0.0,
2025-09-05T20:06:09.910Z,27,GR86-047-21,3228.0,19.700000000000003,33.53139114379883,-86.62348937988281,0.253,-1.16,61.48,2.0,5507.0,0.0,0.0,
2025-09-05T20:06:09.953Z,27,GR86-047-21,,22.9,33.53138732910156,-86.62346649169922,0.21,-1.211,61.66,2.0,,0.0,0.0,90.75
2025-09-05T20:06:09.996Z,27,GR86-047-21,,22.9,33.53138732910156,-86.62346649169922,0.185,-1.09,70.31,2.0,,0.0,0.0,
2025-09-05T20:06:10.039Z,27,GR86-047-21,,22.9,33.53138732910156,-86.62346649169922,0.15,-1.114,77.89,2.0,,0.0,0.0,
2025-09-05T20:06:10.082Z,27,GR86-047-21,,22.9,33.53137969970703,-86.62344360351562,0.23,-1.113,81.62,2.0,,0.0,0.0,
2025-09-05T20:06:10.125Z,27,GR86-047-21,3234.0,22.9,33.53137969970703,-86.62344360351562,0.246,-1.126,100.0,2.0,5534.0,0.0,0.0,
2025-09-05T20:06:10.168Z,27,GR86-047-21,,9.3,33.5313720703125,-86.6234130859375,0.26,-1.272,100.0,2.0,,0.0,0.0,92.25
2025-09-05T20:06:10.211Z,27,GR86-047-21,,-14.4,33.5313720703125,-86.6234130859375,0.349,-1.196,100.0,2.0,,0.0,0.0,
2025-09-05T20:06:10.254Z,27,GR86-047-21,,-37.9,33.53136444091797,-86.6233901977539,0.216,-1.447,100.0,2.0,,0.0,0.0,
2025-09-05T20:06:10.297Z,27,GR86-047-21,,-51.900000000000006,33.53136444091797,-86.6233901977539,0.211,-1.306,100.0,2.0,,0.0,0.0,
2025-09-05T20:06:10.340Z,27,GR86-047-21,3239.0,-54.3,33.53136444091797,-86.6233901977539,0.152,-1.364,100.0,2.0,5743.0,0.0,0.0,
2025-09-05T20:06:10.384Z,27,GR86-047-21,,-48.900000000000006,33.53135299682617,-86.62336730957031,0.238,-1.361,100.0,2.0,,0.0,0.0,93.09
2025-09-05T20:06:10.427Z,27,GR86-047-21,,-39.900000000000006,33.53135299682617,-86.62336730957031,0.255,-1.374,100.0,2.0,,0.0,0.0,
2025-09-05T20:06:10.470Z,27,GR86-047-21,,-32.300000000000004,33.531341552734375,-86.62333679199219,0.233,-1.415,100.0,2.0,,0.0,0.0,
2025-09-05T20:06:10.515Z,27,GR86-047-21,,-25.5,33.531341552734375,-86.62333679199219,0.192,-1.325,100.0,2.0,,0.0,0.0,
2025-09-05T20:06:10.558Z,27,GR86-047-21,3244.0,-20.4,33.53133010864258,-86.6233139038086,0.182,-1.335,100.0,2.0,5781.0,0.0,0.0,
2025-09-05T20:06:10.601Z,27,GR86-047-21,,-16.6,33.53133010864258,-86.6233139038086,0.238,-1.295,100.0,2.0,,0.0,0.0,93.81
2025-09-05T20:06:10.644Z,27,GR86-047-21,,-10.6,33.53131866455078,-86.623291015625,0.251,-1.279,100.0,2.0,,0.0,0.0,
2025-09-05T20:06:10.687Z,27,GR86-047-21,,-4.7,33.53131866455078,-86.623291015625,0.243,-1.198,100.0,2.0,,0.0,0.0,
2025-09-05T20:06:10.730Z,27,GR86-047-21,,3.2,33.53131866455078,-86.623291015625,0.211,-1.179,100.0,2.0,,0.0,0.0,
2025-09-05T20:06:10.773Z,27,GR86-047-21,3249.0,12.7,33.53130340576172,-86.6232681274414,0.248,-1.159,100.0,2.0,5828.0,0.0,0.0,
2025-09-05T20:06:10.816Z,27,GR86-047-21,,22.0,33.53130340576172,-86.6232681274414,0.276,-1.095,100.0,2.0,,0.0,0.0,96.93
2025-09-05T20:06:10.859Z,27,GR86-047-21,,31.8,33.531288146972656,-86.62324523925781,0.283,-1.086,100.0,2.0,,0.0,0.0,
2025-09-05T20:06:10.904Z,27,GR86-047-21,,47.6,33.531288146972656,-86.62324523925781,0.28,-0.928,100.0,2.0,,0.0,0.0,
2025-09-05T20:06:10.947Z,27,GR86-047-21,,58.1,33.531272888183594,-86.62322998046875,0.293,-0.934,100.0,2.0,,0.0,0.0,
2025-09-05T20:06:10.990Z,27,GR86-047-21,3255.0,68.5,33.531272888183594,-86.62322998046875,0.305,-0.806,100.0,2.0,5915.0,0.0,0.0,
2025-09-05T20:06:11.033Z,27,GR86-047-21,,71.3,33.531272888183594,-86.62322998046875,0.309,-0.761,100.0,2.0,,0.0,0.0,98.2
2025-09-05T20:06:11.076Z,27,GR86-047-21,,71.60000000000001,33.53125762939453,-86.62320709228516,0.328,-0.663,100.0,2.0,,0.0,0.0,
2025-09-05T20:06:11.119Z,27,GR86-047-21,,67.0,33.53125762939453,-86.62320709228516,0.296,-0.634,100.0,2.0,,0.0,0.0,
2025-09-05T20:06:11.162Z,27,GR86-047-21,,37.8,33.5312385559082,-86.62318420410156,0.353,-0.668,100.0,2.0,,0.0,0.0,
2025-09-05T20:06:11.205Z,27,GR86-047-21,3266.0,11.8,33.5312385559082,-86.62318420410156,0.389,-0.728,100.0,2.0,5952.0,0.0,0.0,
2025-09-05T20:06:11.248Z,27,GR86-047-21,,-11.2,33.531219482421875,-86.6231689453125,0.323,-0.671,100.0,2.0,,0.0,0.0,98.81
2025-09-05T20:06:11.291Z,27,GR86-047-21,,-23.8,33.531219482421875,-86.6231689453125,0.282,-0.586,100.0,2.0,,0.0,0.0,
2025-09-05T20:06:11.336Z,27,GR86-047-21,,-30.1,33.531219482421875,-86.6231689453125,0.209,-0.417,100.0,2.0,,0.0,0.0,
2025-09-05T20:06:11.379Z,27,GR86-047-21,,-30.4,33.53120040893555,-86.6231460571289,0.225,-0.337,100.0,2.0,,0.0,0.0,
2025-09-05T20:06:11.422Z,27,GR86-047-21,3271.0,-28.5,33.53120040893555,-86.6231460571289,0.274,-0.301,100.0,2.0,5910.0,0.0,0.0,
2025-09-05T20:06:11.466Z,27,GR86-047-21,,-19.3,33.53118133544922,-86.62313079833984,0.257,-0.33,100.0,2.0,,0.0,0.0,101.12
2025-09-05T20:06:11.509Z,27,GR86-047-21,,-7.7,33.53118133544922,-86.62313079833984,0.269,-0.323,100.0,2.0,,0.0,0.0,
2025-09-05T20:06:11.553Z,27,GR86-047-21,,3.2,33.53116226196289,-86.62310791015625,0.249,-0.314,100.0,2.0,,0.0,0.0,
2025-09-05T20:06:11.597Z,27,GR86-047-21,,10.3,33.53116226196289,-86.62310791015625,0.25,-0.234,100.0,2.0,,0.0,0.0,
2025-09-05T20:06:11.640Z,27,GR86-047-21,3277.0,16.7,33.53116226196289,-86.62310791015625,0.284,-0.158,100.0,2.0,6053.0,0.0,0.0,
2025-09-05T20:06:11.683Z,27,GR86-047-21,,29.3,33.53114318847656,-86.62308502197266,0.297,0.065,100.0,2.0,,0.0,0.0,103.31
2025-09-05T20:06:11.727Z,27,GR86-047-21,,37.5,33.53114318847656,-86.62308502197266,0.256,0.271,100.0,2.0,,0.0,0.0,
2025-09-05T20:06:11.770Z,27,GR86-047-21,,41.1,33.531124114990234,-86.6230697631836,0.259,0.441,100.0,2.0,,0.0,0.0,
2025-09-05T20:06:11.814Z,27,GR86-047-21,,41.1,33.531124114990234,-86.6230697631836,0.212,0.596,100.0,2.0,,0.0,0.0,
2025-09-05T20:06:11.857Z,27,GR86-047-21,3283.0,41.0,33.53110122680664,-86.623046875,0.255,0.649,100.0,2.0,6146.0,0.0,0.0,
2025-09-05T20:06:11.900Z,27,GR86-047-21,,41.1,33.53110122680664,-86.623046875,0.253,0.714,100.0,2.0,,0.0,0.0,105.52
2025-09-05T20:06:11.944Z,27,GR86-047-21,,41.1,33.53108215332031,-86.62303161621094,0.113,0.803,100.0,3.0,,0.0,0.0,
2025-09-05T20:06:11.987Z,27,GR86-047-21,,41.0,33.53108215332031,-86.62303161621094,-0.064,0.8180000000000001,100.0,3.0,,0.0,0.0,
2025-09-05T20:06:12.031Z,27,GR86-047-21,,41.0,33.53108215332031,-86.62303161621094,0.513,0.8130000000000001,100.0,3.0,,0.0,0.0,
2025-09-05T20:06:12.074Z,27,GR86-047-21,3289.0,42.2,33.53105926513672,-86.62300872802734,0.355,0.786,100.0,3.0,5859.0,0.0,0.0,
2025-09-05T20:06:12.117Z,27,GR86-047-21,,46.2,33.53105926513672,-86.62300872802734,0.367,0.8320000000000001,100.0,3.0,,0.0,0.0,107.56
2025-09-05T20:06:12.160Z,27,GR86-047-21,,50.400000000000006,33.53104019165039,-86.62298583984375,0.132,1.0,100.0,3.0,,0.0,0.0,
2025-09-05T20:06:12.204Z,27,GR86-047-21,,53.1,33.53104019165039,-86.62298583984375,0.108,0.898,100.0,3.0,,0.0,0.0,
2025-09-05T20:06:12.247Z,27,GR86-047-21,,53.1,33.53102111816406,-86.62296295166016,0.235,1.03,100.0,3.0,,0.0,0.0,
2025-09-05T20:06:12.290Z,27,GR86-047-21,3295.0,52.900000000000006,33.53102111816406,-86.62296295166016,0.229,1.014,100.0,3.0,5160.0,0.0,0.0,
2025-09-05T20:06:12.334Z,27,GR86-047-21,,52.2,33.53102111816406,-86.62296295166016,0.206,0.953,100.0,3.0,,0.0,0.0,109.1
2025-09-05T20:06:12.377Z,27,GR86-047-21,,52.3,33.531002044677734,-86.62294006347656,0.216,1.044,100.0,3.0,,0.0,0.0,
2025-09-05T20:06:12.420Z,27,GR86-047-21,,53.900000000000006,33.531002044677734,-86.62294006347656,0.174,1.01,100.0,3.0,,0.0,0.0,
2025-09-05T20:06:12.464Z,27,GR86-047-21,,54.8,33.530982971191406,-86.62291717529297,0.166,1.03,100.0,3.0,,0.0,0.0,
2025-09-05T20:06:12.507Z,27,GR86-047-21,3301.0,54.7,33.530982971191406,-86.62291717529297,0.22,1.019,100.0,3.0,5283.0,0.0,0.0,
2025-09-05T20:06:12.553Z,27,GR86-047-21,,51.0,33.53096389770508,-86.62289428710938,0.193,0.975,100.0,3.0,,0.0,0.0,111.82
2025-09-05T20:06:12.596Z,27,GR86-047-21,,47.5,33.53096389770508,-86.62289428710938,0.199,1.043,100.0,3.0,,0.0,0.0,
2025-09-05T20:06:12.639Z,27,GR86-047-21,,42.2,33.53096389770508,-86.62289428710938,0.212,1.044,100.0,3.0,,0.0,0.0,
2025-09-05T20:06:12.682Z,27,GR86-047-21,,34.2,33.53094482421875,-86.62286376953125,0.219,1.063,100.0,3.0,,0.0,0.0,
2025-09-05T20:06:12.768Z,27,GR86-047-21,3307.0,28.0,33.53094482421875,-86.62286376953125,0.214,1.011,100.0,3.0,5398.0,0.0,0.0,113.18
2025-09-05T20:06:12.811Z,27,GR86-047-21,,20.3,33.53092956542969,-86.62284088134766,0.219,0.968,100.0,3.0,,0.0,0.0,
2025-09-05T20:06:12.854Z,27,GR86-047-21,,20.0,33.53091049194336,-86.62281036376953,0.214,0.961,100.0,3.0,,0.0,0.0,
2025-09-05T20:06:12.897Z,27,GR86-047-21,,20.0,33.53091049194336,-86.62281036376953,0.204,0.988,100.0,3.0,,0.0,0.0,
2025-09-05T20:06:12.940Z,27,GR86-047-21,3314.0,20.0,33.53091049194336,-86.62281036376953,0.23,0.934,100.0,3.0,5472.0,0.0,0.0,
2025-09-05T20:06:12.984Z,27,GR86-047-21,,21.4,33.5308952331543,-86.6227798461914,0.217,0.935,100.0,3.0,,0.0,0.0,114.67
2025-09-05T20:06:13.027Z,27,GR86-047-21,,25.700000000000003,33.5308952331543,-86.6227798461914,0.206,0.921,100.0,3.0,,0.0,0.0,
2025-09-05T20:06:13.071Z,27,GR86-047-21,,32.1,33.530879974365234,-86.62275695800781,0.193,0.933,100.0,3.0,,0.0,0.0,
2025-09-05T20:06:13.114Z,27,GR86-047-21,,38.2,33.530879974365234,-86.62275695800781,0.223,0.919,100.0,3.0,,0.0,0.0,
2025-09-05T20:06:13.157Z,27,GR86-047-21,3320.0,47.5,33.53086853027344,-86.62272644042969,0.235,1.019,89.34,3.0,5525.0,0.0,0.0,
2025-09-05T20:06:13.200Z,27,GR86-047-21,,50.8,33.53086853027344,-86.62272644042969,0.193,1.012,67.05,3.0,,0.0,0.0,115.3
2025-09-05T20:06:13.244Z,27,GR86-047-21,,52.0,33.530853271484375,-86.62269592285156,0.156,1.078,62.24,3.0,,0.0,0.0,
2025-09-05T20:06:13.287Z,27,GR86-047-21,,52.0,33.530853271484375,-86.62269592285156,0.174,1.107,53.94,3.0,,0.0,0.0,
2025-09-05T20:06:13.331Z,27,GR86-047-21,,52.0,33.530853271484375,-86.62269592285156,0.167,1.073,52.49,3.0,,0.0,0.0,
2025-09-05T20:06:13.374Z,27,GR86-047-21,3326.0,53.1,33.53084182739258,-86.6226577758789,0.113,1.195,54.51,3.0,5570.0,0.0,0.0,
2025-09-05T20:06:13.417Z,27,GR86-047-21,,53.900000000000006,33.53084182739258,-86.6226577758789,0.1,1.105,53.6,3.0,,0.0,0.0,118.8
2025-09-05T20:06:13.461Z,27,GR86-047-21,,55.2,33.53082656860352,-86.62262725830078,0.108,1.201,53.19,3.0,,0.0,0.0,
2025-09-05T20:06:13.504Z,27,GR86-047-21,,55.3,33.53082656860352,-86.62262725830078,0.138,1.217,54.44,3.0,,0.0,0.0,
2025-09-05T20:06:13.547Z,27,GR86-047-21,,55.400000000000006,33.53081512451172,-86.62259674072266,0.111,1.165,52.08,3.0,,0.0,0.0,
2025-09-05T20:06:13.590Z,27,GR86-047-21,3333.0,55.8,33.53081512451172,-86.62259674072266,0.122,1.225,52.75,3.0,5593.0,0.0,0.0,
2025-09-05T20:06:13.633Z,27,GR86-047-21,,57.2,33.53081512451172,-86.62259674072266,0.12,1.231,46.47,3.0,,0.0,0.0,120.52
2025-09-05T20:06:13.676Z,27,GR86-047-21,,59.7,33.53080749511719,-86.62256622314453,0.11,1.211,40.02,3.0,,0.0,0.0,
2025-09-05T20:06:13.719Z,27,GR86-047-21,,62.5,33.53080749511719,-86.62256622314453,0.107,1.292,40.94,3.0,,0.0,0.0,
2025-09-05T20:06:13.806Z,27,GR86-047-21,3346.0,64.3,33.53079605102539,-86.62252807617188,0.065,1.412,44.75,3.0,5705.0,0.0,0.0,
2025-09-05T20:06:13.849Z,27,GR86-047-21,,64.3,33.53079605102539,-86.62252807617188,0.077,1.258,41.09,3.0,,0.0,0.0,121.26
2025-09-05T20:06:13.892Z,27,GR86-047-21,,61.2,33.53078842163086,-86.62249755859375,0.08,1.375,43.51,3.0,,0.0,0.0,
2025-09-05T20:06:13.936Z,27,GR86-047-21,,58.7,33.53078842163086,-86.62249755859375,0.07,1.37,46.3,3.0,,0.0,0.0,
2025-09-05T20:06:13.979Z,27,GR86-047-21,,55.5,33.53078079223633,-86.6224594116211,0.091,1.318,48.47,3.0,,0.0,0.0,
2025-09-05T20:06:14.024Z,27,GR86-047-21,3353.0,48.5,33.53078079223633,-86.6224594116211,0.094,1.306,49.89,3.0,5752.0,0.0,0.0,
2025-09-05T20:06:14.067Z,27,GR86-047-21,,43.0,33.53077697753906,-86.62242889404297,0.07,1.565,51.61,3.0,,0.0,0.0,122.03
2025-09-05T20:06:14.110Z,27,GR86-047-21,,38.400000000000006,33.53077697753906,-86.62242889404297,0.126,1.263,49.02,3.0,,0.0,0.0,
2025-09-05T20:06:14.153Z,27,GR86-047-21,,35.9,33.53076934814453,-86.62239074707031,0.08,1.388,50.35,3.0,,0.0,0.0,
2025-09-05T20:06:14.196Z,27,GR86-047-21,,35.2,33.53076934814453,-86.62239074707031,0.103,1.317,46.18,3.0,,0.0,0.0,
2025-09-05T20:06:14.239Z,27,GR86-047-21,3360.0,35.2,33.53076934814453,-86.62239074707031,0.167,1.253,44.52,3.0,5839.0,0.0,0.0,
2025-09-05T20:06:14.282Z,27,GR86-047-21,,45.6,33.530765533447266,-86.62235260009766,0.161,1.225,45.29,3.0,,0.0,0.0,122.91
2025-09-05T20:06:14.325Z,27,GR86-047-21,,50.6,33.530765533447266,-86.62235260009766,0.104,1.294,44.94,3.0,,0.0,0.0,
2025-09-05T20:06:14.368Z,27,GR86-047-21,,53.0,33.530765533447266,-86.62232208251953,0.086,1.266,45.27,3.0,,0.0,0.0,
2025-09-05T20:06:14.411Z,27,GR86-047-21,,57.3,33.530765533447266,-86.62232208251953,0.138,1.213,44.49,3.0,,0.0,0.0,
2025-09-05T20:06:14.454Z,27,GR86-047-21,3367.0,65.3,33.530765533447266,-86.62228393554688,0.153,1.3,49.57,3.0,5816.0,0.0,0.0,
2025-09-05T20:06:14.497Z,27,GR86-047-21,,74.4,33.530765533447266,-86.62228393554688,0.055,1.191,61.47,3.0,,0.0,0.0,123.4
2025-09-05T20:06:14.540Z,27,GR86-047-21,,80.4,33.530765533447266,-86.62228393554688,0.043,1.351,100.0,3.0,,0.0,0.0,
2025-09-05T20:06:14.583Z,27,GR86-047-21,,82.4,33.530765533447266,-86.62224578857422,0.085,1.556,100.0,3.0,,0.0,0.0,
2025-09-05T20:06:14.627Z,27,GR86-047-21,,82.4,33.530765533447266,-86.62224578857422,0.149,1.612,100.0,3.0,,0.0,0.0,
2025-09-05T20:06:14.670Z,27,GR86-047-21,3374.0,82.2,33.530765533447266,-86.62220764160156,0.157,1.633,100.0,3.0,5827.0,0.0,0.0,
2025-09-05T20:06:14.715Z,27,GR86-047-21,,80.60000000000001,33.530765533447266,-86.62220764160156,0.173,1.506,100.0,3.0,,0.0,0.0,123.77
2025-09-05T20:06:14.758Z,27,GR86-047-21,,77.60000000000001,33.53076934814453,-86.62217712402344,0.135,1.393,100.0,3.0,,0.0,0.0,
2025-09-05T20:06:14.801Z,27,GR86-047-21,,73.9,33.53076934814453,-86.62217712402344,0.158,1.354,100.0,3.0,,0.0,0.0,
2025-09-05T20:06:14.847Z,27,GR86-047-21,,67.5,33.5307731628418,-86.62213897705078,0.168,1.387,100.0,3.0,,0.0,0.0,
2025-09-05T20:06:14.890Z,27,GR86-047-21,3381.0,61.5,33.5307731628418,-86.62213897705078,0.158,1.352,100.0,3.0,5885.0,0.0,0.0,
2025-09-05T20:06:14.934Z,27,GR86-047-21,,54.0,33.5307731628418,-86.62213897705078,0.199,1.42,100.0,3.0,,0.0,0.0,124.59
2025-09-05T20:06:14.977Z,27,GR86-047-21,,45.1,33.53077697753906,-86.62210083007812,0.201,1.431,100.0,3.0,,0.0,0.0,
2025-09-05T20:06:15.020Z,27,GR86-047-21,,36.7,33.53077697753906,-86.62210083007812,0.18,1.314,100.0,3.0,,0.0,0.0,
2025-09-05T20:06:15.064Z,27,GR86-047-21,,31.9,33.530784606933594,-86.62206268310547,0.187,1.304,100.0,3.0,,0.0,0.0,
2025-09-05T20:06:15.107Z,27,GR86-047-21,3388.0,31.9,33.530784606933594,-86.62206268310547,0.21,1.213,100.0,3.0,5926.0,0.0,0.0,
2025-09-05T20:06:15.150Z,27,GR86-047-21,,39.3,33.530792236328125,-86.62203216552734,0.232,1.158,100.0,3.0,,0.0,0.0,125.39
2025-09-05T20:06:15.194Z,27,GR86-047-21,,47.0,33.530792236328125,-86.62203216552734,0.232,1.206,100.0,3.0,,0.0,0.0,
2025-09-05T20:06:15.237Z,27,GR86-047-21,,53.400000000000006,33.530792236328125,-86.62203216552734,0.177,1.159,100.0,3.0,,0.0,0.0,
2025-09-05T20:06:15.281Z,27,GR86-047-21,,58.400000000000006,33.530799865722656,-86.62199401855469,0.207,1.066,100.0,3.0,,0.0,0.0,
2025-09-05T20:06:15.324Z,27,GR86-047-21,3395.0,63.5,33.530799865722656,-86.62199401855469,0.224,1.12,100.0,3.0,5954.0,0.0,0.0,
2025-09-05T20:06:15.367Z,27,GR86-047-21,,64.10000000000001,33.53081130981445,-86.62195587158203,0.167,1.088,100.0,3.0,,0.0,0.0,125.79
2025-09-05T20:06:15.410Z,27,GR86-047-21,,64.0,33.53081130981445,-86.62195587158203,0.163,1.154,100.0,3.0,,0.0,0.0,
2025-09-05T20:06:15.453Z,27,GR86-047-21,,61.3,33.53082275390625,-86.6219253540039,0.177,1.186,100.0,3.0,,0.0,0.0,
2025-09-05T20:06:15.497Z,27,GR86-047-21,,54.900000000000006,33.53082275390625,-86.6219253540039,0.223,1.072,100.0,3.0,,0.0,0.0,
2025-09-05T20:06:15.540Z,27,GR86-047-21,3402.0,48.1,33.53082275390625,-86.6219253540039,0.194,1.055,100.0,3.0,5983.0,0.0,0.0,
2025-09-05T20:06:15.583Z,27,GR86-047-21,,38.6,33.53083419799805,-86.62188720703125,0.144,0.936,100.0,3.0,,0.0,0.0,126.33
2025-09-05T20:06:15.627Z,27,GR86-047-21,,34.300000000000004,33.53083419799805,-86.62188720703125,0.157,1.0,100.0,3.0,,0.0,0.0,
2025-09-05T20:06:15.670Z,27,GR86-047-21,,32.5,33.53084945678711,-86.62185668945312,0.213,0.926,100.0,3.0,,0.0,0.0,
2025-09-05T20:06:15.714Z,27,GR86-047-21,,32.4,33.53084945678711,-86.62185668945312,0.204,0.903,100.0,3.0,,0.0,0.0,
2025-09-05T20:06:15.758Z,27,GR86-047-21,3409.0,31.200000000000003,33.530860900878906,-86.62181854248047,0.135,0.91,100.0,3.0,6088.0,0.0,0.0,
2025-09-05T20:06:15.801Z,27,GR86-047-21,,25.5,33.530860900878906,-86.62181854248047,0.12,0.925,100.0,3.0,,0.0,0.0,128.38
2025-09-05T20:06:15.844Z,27,GR86-047-21,,10.2,33.53087615966797,-86.62178802490234,0.153,0.996,100.0,3.0,,0.0,0.0,
2025-09-05T20:06:15.887Z,27,GR86-047-21,,-1.7000000000000002,33.53087615966797,-86.62178802490234,0.186,1.006,100.0,3.0,,0.0,0.0,
2025-09-05T20:06:15.930Z,27,GR86-047-21,,-11.9,33.53087615966797,-86.62178802490234,0.252,1.06,100.0,3.0,,0.0,0.0,
2025-09-05T20:06:15.974Z,27,GR86-047-21,3416.0,-18.0,33.53089141845703,-86.62174987792969,0.283,1.035,100.0,3.0,6321.0,0.0,0.0,
2025-09-05T20:06:16.017Z,27,GR86-047-21,,-18.6,33.53089141845703,-86.62174987792969,0.324,1.014,100.0,3.0,,0.0,0.0,130.42000000000002
2025-09-05T20:06:16.061Z,27,GR86-047-21,,-14.6,33.53091049194336,-86.62171936035156,0.326,1.09,100.0,3.0,,0.0,0.0,
2025-09-05T20:06:16.104Z,27,GR86-047-21,,2.2,33.53091049194336,-86.62171936035156,0.328,1.161,100.0,3.0,,0.0,0.0,
2025-09-05T20:06:16.147Z,27,GR86-047-21,,17.8,33.53092575073242,-86.62171936035156,0.271,1.166,100.0,3.0,,0.0,0.0,
2025-09-05T20:06:16.190Z,27,GR86-047-21,3423.0,36.1,33.53092575073242,-86.62168884277344,0.171,0.958,100.0,3.0,6541.0,0.0,0.0,
2025-09-05T20:06:16.234Z,27,GR86-047-21,,52.1,33.53092575073242,-86.62168884277344,0.199,0.933,100.0,3.0,,0.0,0.0,130.97
2025-09-05T20:06:16.277Z,27,GR86-047-21,,60.3,33.53094482421875,-86.62165832519531,0.137,1.056,100.0,3.0,,0.0,0.0,
2025-09-05T20:06:16.320Z,27,GR86-047-21,,61.3,33.53094482421875,-86.62165832519531,0.171,0.967,100.0,3.0,,0.0,0.0,
2025-09-05T20:06:16.364Z,27,GR86-047-21,,58.7,33.53096389770508,-86.62162017822266,0.212,0.957,100.0,3.0,,0.0,0.0,
2025-09-05T20:06:16.407Z,27,GR86-047-21,3438.0,54.6,33.53096389770508,-86.62162017822266,0.123,0.779,100.0,3.0,6268.0,0.0,0.0,
2025-09-05T20:06:16.453Z,27,GR86-047-21,,51.1,33.53098678588867,-86.62158966064453,0.147,0.81,100.0,3.0,,0.0,0.0,131.53
2025-09-05T20:06:16.496Z,27,GR86-047-21,,47.8,33.53098678588867,-86.62158966064453,0.125,0.778,100.0,3.0,,0.0,0.0,
2025-09-05T20:06:16.539Z,27,GR86-047-21,,44.900000000000006,33.53098678588867,-86.62158966064453,0.144,1.068,100.0,3.0,,0.0,0.0,
2025-09-05T20:06:16.582Z,27,GR86-047-21,,38.2,33.531005859375,-86.6215591430664,0.122,0.72,100.0,3.0,,0.0,0.0,
2025-09-05T20:06:16.625Z,27,GR86-047-21,3445.0,36.0,33.531005859375,-86.6215591430664,0.132,0.5700000000000001,100.0,3.0,6359.0,0.0,0.0,
2025-09-05T20:06:16.668Z,27,GR86-047-21,,35.0,33.531028747558594,-86.62152862548828,0.081,0.618,100.0,3.0,,0.0,0.0,133.14
2025-09-05T20:06:16.711Z,27,GR86-047-21,,32.1,33.531028747558594,-86.62152862548828,0.175,0.536,100.0,3.0,,0.0,0.0,
2025-09-05T20:06:16.755Z,27,GR86-047-21,,25.3,33.53104782104492,-86.62150573730469,0.147,0.561,100.0,3.0,,0.0,0.0,
2025-09-05T20:06:16.798Z,27,GR86-047-21,,17.3,33.53104782104492,-86.62150573730469,0.117,0.49,100.0,3.0,,0.0,0.0,
2025-09-05T20:06:16.842Z,27,GR86-047-21,3453.0,10.3,33.53107070922852,-86.62147521972656,0.087,0.385,100.0,3.0,6529.0,0.0,0.0,
2025-09-05T20:06:16.885Z,27,GR86-047-21,,10.3,33.53107070922852,-86.62147521972656,0.086,0.438,100.0,3.0,,0.0,0.0,133.63
2025-09-05T20:06:16.928Z,27,GR86-047-21,,18.0,33.53107070922852,-86.62147521972656,0.134,0.475,100.0,3.0,,0.0,0.0,
2025-09-05T20:06:16.971Z,27,GR86-047-21,,27.700000000000003,33.53109359741211,-86.62144470214844,0.183,0.687,100.0,3.0,,0.0,0.0,
2025-09-05T20:06:17.014Z,27,GR86-047-21,,30.4,33.53109359741211,-86.62144470214844,0.233,0.678,100.0,3.0,,0.0,0.0,
2025-09-05T20:06:17.057Z,27,GR86-047-21,3460.0,29.3,33.5311164855957,-86.62141418457031,0.136,0.704,100.0,3.0,6666.0,0.0,0.0,
2025-09-05T20:06:17.143Z,27,GR86-047-21,,23.700000000000003,33.5311164855957,-86.62141418457031,0.126,0.663,100.0,3.0,,0.0,0.0,135.17000000000002
2025-09-05T20:06:17.187Z,27,GR86-047-21,,18.3,33.53114318847656,-86.62138366699219,0.069,0.115,100.0,3.0,,0.0,0.0,
2025-09-05T20:06:17.231Z,27,GR86-047-21,,17.8,33.53114318847656,-86.62138366699219,0.081,0.187,100.0,3.0,,0.0,0.0,
2025-09-05T20:06:17.274Z,27,GR86-047-21,3468.0,17.2,33.53116607666016,-86.6213607788086,-0.083,0.087,100.0,3.0,6522.0,0.0,0.0,
2025-09-05T20:06:17.317Z,27,GR86-047-21,,17.0,33.53116607666016,-86.6213607788086,-0.125,0.066,100.0,3.0,,0.0,0.0,136.65
2025-09-05T20:06:17.360Z,27,GR86-047-21,,16.7,33.53118896484375,-86.62133026123047,-0.132,0.477,100.0,3.0,,0.0,0.0,
2025-09-05T20:06:17.447Z,27,GR86-047-21,,15.7,33.53121566772461,-86.62129974365234,0.334,0.276,100.0,3.0,,0.0,0.0,
2025-09-05T20:06:17.490Z,27,GR86-047-21,3475.0,12.7,33.53121566772461,-86.62129974365234,0.356,0.404,100.0,3.0,7278.0,0.0,0.0,
2025-09-05T20:06:17.533Z,27,GR86-047-21,,7.800000000000001,33.53121566772461,-86.62129974365234,0.223,0.4,100.0,3.0,,0.0,0.0,136.38
2025-09-05T20:06:17.576Z,27,GR86-047-21,,0.8,33.5312385559082,-86.62127685546875,0.173,0.513,100.0,3.0,,0.0,0.0,
2025-09-05T20:06:17.619Z,27,GR86-047-21,,-4.3,33.5312385559082,-86.62127685546875,0.16,0.248,100.0,3.0,,0.0,0.0,
2025-09-05T20:06:17.662Z,27,GR86-047-21,,-7.300000000000001,33.53126525878906,-86.62124633789062,0.029,0.224,100.0,3.0,,0.0,0.0,
2025-09-05T20:06:17.706Z,27,GR86-047-21,3483.0,-7.6,33.53126525878906,-86.62124633789062,0.154,0.226,100.0,3.0,6490.0,0.0,0.0,
2025-09-05T20:06:17.749Z,27,GR86-047-21,,-7.9,33.531288146972656,-86.62124633789062,0.096,0.254,100.0,3.0,,0.0,0.0,137.16
2025-09-05T20:06:17.793Z,27,GR86-047-21,,-7.9,33.531288146972656,-86.6212158203125,0.205,0.437,100.0,3.0,,0.0,0.0,
2025-09-05T20:06:17.836Z,27,GR86-047-21,,-4.800000000000001,33.531288146972656,-86.6212158203125,0.236,0.34,100.0,3.0,,0.0,0.0,
2025-09-05T20:06:17.924Z,27,GR86-047-21,3491.0,-2.1,33.53131484985352,-86.6211929321289,0.103,-0.031,100.0,3.0,6777.0,0.0,0.0,
2025-09-05T20:06:17.967Z,27,GR86-047-21,,-3.5,33.531341552734375,-86.62116241455078,0.159,-0.027,100.0,3.0,,0.0,0.0,137.81
2025-09-05T20:06:18.010Z,27,GR86-047-21,,-3.6,33.531341552734375,-86.62116241455078,0.185,-0.185,100.0,3.0,,0.0,0.0,
2025-09-05T20:06:18.053Z,27,GR86-047-21,,-3.6,33.531368255615234,-86.62113952636719,0.112,-0.273,100.0,3.0,,0.0,0.0,
2025-09-05T20:06:18.096Z,27,GR86-047-21,,-3.2,33.531368255615234,-86.62113952636719,0.069,-0.45,100.0,3.0,,0.0,0.0,
2025-09-05T20:06:18.139Z,27,GR86-047-21,3498.0,-1.4,33.531368255615234,-86.62113952636719,0.231,-0.452,100.0,3.0,6817.0,0.0,0.0,
2025-09-05T20:06:18.182Z,27,GR86-047-21,,-0.2,33.531394958496094,-86.62110900878906,0.347,-0.402,100.0,3.0,,0.0,0.0,139.9
2025-09-05T20:06:18.225Z,27,GR86-047-21,,-0.2,33.531394958496094,-86.62110900878906,0.123,-0.349,100.0,3.0,,0.0,0.0,
2025-09-05T20:06:18.268Z,27,GR86-047-21,,-0.2,33.53141784667969,-86.62107849121094,0.074,-0.392,100.0,3.0,,0.0,0.0,
2025-09-05T20:06:18.311Z,27,GR86-047-21,,-0.3,33.53141784667969,-86.62107849121094,0.302,-0.385,100.0,3.0,,0.0,0.0,
2025-09-05T20:06:18.354Z,27,GR86-047-21,3506.0,-0.3,33.53144454956055,-86.62105560302734,0.306,-0.338,100.0,3.0,6795.0,0.0,0.0,
2025-09-05T20:06:18.397Z,27,GR86-047-21,,-0.3,33.53144454956055,-86.62105560302734,0.206,-0.232,100.0,3.0,,0.0,0.0,140.31
2025-09-05T20:06:18.440Z,27,GR86-047-21,,-0.3,33.53144454956055,-86.62105560302734,0.096,-0.134,100.0,3.0,,0.0,0.0,
2025-09-05T20:06:18.483Z,27,GR86-047-21,,-0.3,33.531471252441406,-86.62102508544922,0.141,-0.075,100.0,3.0,,0.0,0.0,
2025-09-05T20:06:18.527Z,27,GR86-047-21,,-0.4,33.531471252441406,-86.62102508544922,0.191,-0.029,100.0,3.0,,0.0,0.0,
2025-09-05T20:06:18.615Z,27,GR86-047-21,3514.0,-3.1,33.531497955322266,-86.6209945678711,0.229,-0.064,100.0,3.0,6597.0,0.0,0.0,143.14
2025-09-05T20:06:18.658Z,27,GR86-047-21,,-4.5,33.53152084350586,-86.62096405029297,0.162,-0.123,100.0,3.0,,0.0,0.0,
2025-09-05T20:06:18.701Z,27,GR86-047-21,,-5.2,33.53152084350586,-86.62096405029297,0.156,-0.131,100.0,3.0,,0.0,0.0,
2025-09-05T20:06:18.744Z,27,GR86-047-21,,-5.300000000000001,33.53154754638672,-86.62093353271484,0.178,-0.196,100.0,3.0,,0.0,0.0,
2025-09-05T20:06:18.787Z,27,GR86-047-21,3522.0,-5.300000000000001,33.53154754638672,-86.62093353271484,0.149,-0.218,100.0,3.0,6707.0,0.0,0.0,
2025-09-05T20:06:18.874Z,27,GR86-047-21,,-5.300000000000001,33.53157424926758,-86.62091064453125,0.209,-0.275,100.0,3.0,,0.0,0.0,144.41
2025-09-05T20:06:18.917Z,27,GR86-047-21,,-5.300000000000001,33.53157424926758,-86.62091064453125,0.226,-0.302,100.0,3.0,,0.0,0.0,
2025-09-05T20:06:18.961Z,27,GR86-047-21,,-5.300000000000001,33.53160095214844,-86.62088012695312,0.171,-0.312,100.0,3.0,,0.0,0.0,
2025-09-05T20:06:19.004Z,27,GR86-047-21,3538.0,-5.300000000000001,33.53160095214844,-86.62088012695312,0.224,-0.311,100.0,3.0,6864.0,0.0,0.0,
2025-09-05T20:06:19.047Z,27,GR86-047-21,,-5.300000000000001,33.5316276550293,-86.620849609375,0.203,-0.295,100.0,3.0,,0.0,0.0,145.73
2025-09-05T20:06:19.090Z,27,GR86-047-21,,-5.300000000000001,33.5316276550293,-86.620849609375,0.138,-0.263,100.0,3.0,,0.0,0.0,
2025-09-05T20:06:19.134Z,27,GR86-047-21,,-5.0,33.5316276550293,-86.620849609375,0.139,-0.241,100.0,3.0,,0.0,0.0,
2025-09-05T20:06:19.177Z,27,GR86-047-21,,-4.3,33.53165054321289,-86.62081909179688,0.196,-0.209,100.0,3.0,,0.0,0.0,
2025-09-05T20:06:19.220Z,27,GR86-047-21,3546.0,-3.9,33.53165054321289,-86.62081909179688,0.246,-0.205,100.0,3.0,6927.0,0.0,0.0,
2025-09-05T20:06:19.264Z,27,GR86-047-21,,-3.8,33.53167724609375,-86.62078857421875,0.185,-0.142,100.0,3.0,,0.0,0.0,147.15
2025-09-05T20:06:19.307Z,27,GR86-047-21,,-3.8,33.53167724609375,-86.62078857421875,0.216,-0.133,100.0,3.0,,0.0,0.0,
2025-09-05T20:06:19.351Z,27,GR86-047-21,,-3.6,33.53170394897461,-86.62078857421875,0.204,-0.113,100.0,3.0,,0.0,0.0,
2025-09-05T20:06:19.394Z,27,GR86-047-21,,-3.6,33.53170394897461,-86.6207504272461,0.186,-0.094,100.0,3.0,,0.0,0.0,
2025-09-05T20:06:19.437Z,27,GR86-047-21,3554.0,-3.6,33.53170394897461,-86.6207504272461,0.144,-0.083,100.0,3.0,6986.0,0.0,0.0,
2025-09-05T20:06:19.480Z,27,GR86-047-21,,-3.6,33.53173065185547,-86.62071990966797,0.158,-0.07,100.0,3.0,,0.0,0.0,148.59
2025-09-05T20:06:19.523Z,27,GR86-047-21,,-3.5,33.53173065185547,-86.62071990966797,0.145,-0.103,100.0,3.0,,0.0,0.0,
2025-09-05T20:06:19.567Z,27,GR86-047-21,,-3.5,33.53175354003906,-86.62068939208984,0.139,-0.088,100.0,3.0,,0.0,0.0,
2025-09-05T20:06:19.610Z,27,GR86-047-21,,-3.4000000000000004,33.53175354003906,-86.62068939208984,0.192,-0.078,100.0,3.0,,0.0,0.0,
2025-09-05T20:06:19.653Z,27,GR86-047-21,3563.0,-3.3000000000000003,33.53178024291992,-86.62065887451172,0.221,-0.082,100.0,3.0,7041.0,0.0,0.0,
2025-09-05T20:06:19.697Z,27,GR86-047-21,,-3.2,33.53178024291992,-86.62065887451172,0.219,-0.072,100.0,3.0,,0.0,0.0,149.96
2025-09-05T20:06:19.740Z,27,GR86-047-21,,-3.1,33.53178024291992,-86.62065887451172,0.164,-0.068,100.0,3.0,,0.0,0.0,
2025-09-05T20:06:19.783Z,27,GR86-047-21,,-2.8000000000000003,33.53180694580078,-86.6206283569336,0.218,-0.058,100.0,3.0,,0.0,0.0,
2025-09-05T20:06:19.827Z,27,GR86-047-21,,-2.7,33.53180694580078,-86.6206283569336,0.206,-0.067,100.0,3.0,,0.0,0.0,
2025-09-05T20:06:19.870Z,27,GR86-047-21,3571.0,-2.5,33.53183364868164,-86.62059783935547,0.165,-0.051,100.0,3.0,7104.0,0.0,0.0,
2025-09-05T20:06:19.914Z,27,GR86-047-21,,-2.3000000000000003,33.53183364868164,-86.62059783935547,0.136,-0.054,100.0,3.0,,0.0,0.0,151.33
2025-09-05T20:06:19.957Z,27,GR86-047-21,,-2.2,33.5318603515625,-86.62059783935547,0.153,-0.052,100.0,3.0,,0.0,0.0,
2025-09-05T20:06:20.000Z,27,GR86-047-21,,-2.0,33.5318603515625,-86.62055969238281,0.196,-0.043,100.0,3.0,,0.0,0.0,
2025-09-05T20:06:20.044Z,27,GR86-047-21,,-1.8,33.53188705444336,-86.62052917480469,-0.184,-0.048,100.0,4.0,,0.0,0.0,
2025-09-05T20:06:20.087Z,27,GR86-047-21,3580.0,-1.7000000000000002,33.53188705444336,-86.62052917480469,0.176,-0.01,100.0,4.0,7161.0,0.0,0.0,
2025-09-05T20:06:20.131Z,27,GR86-047-21,,-1.6,33.53188705444336,-86.62052917480469,0.407,-0.104,100.0,4.0,,0.0,0.0,152.70000000000002
2025-09-05T20:06:20.174Z,27,GR86-047-21,,-1.6,33.53191375732422,-86.62049865722656,0.289,-0.055,100.0,4.0,,0.0,0.0,
2025-09-05T20:06:20.217Z,27,GR86-047-21,,-1.6,33.53191375732422,-86.62049865722656,0.143,0.015,100.0,4.0,,0.0,0.0,
2025-09-05T20:06:20.260Z,27,GR86-047-21,,-1.6,33.53194046020508,-86.6204605102539,0.047,-0.057,100.0,4.0,,0.0,0.0,
2025-09-05T20:06:20.304Z,27,GR86-047-21,3588.0,-1.4,33.53194046020508,-86.6204605102539,0.208,-0.01,100.0,4.0,5990.0,0.0,0.0,
2025-09-05T20:06:20.347Z,27,GR86-047-21,,-1.3,33.53196716308594,-86.62042999267578,0.204,-0.007,100.0,4.0,,0.0,0.0,153.8
2025-09-05T20:06:20.390Z,27,GR86-047-21,,-1.1,33.53196716308594,-86.62042999267578,0.132,-0.02,100.0,4.0,,0.0,0.0,
2025-09-05T20:06:20.434Z,27,GR86-047-21,,-0.9,33.53196716308594,-86.62042999267578,0.089,0.013,100.0,4.0,,0.0,0.0,
2025-09-05T20:06:20.520Z,27,GR86-047-21,3597.0,-0.9,33.5319938659668,-86.62039947509766,0.151,-0.006,100.0,4.0,6088.0,0.0,0.0,
2025-09-05T20:06:20.564Z,27,GR86-047-21,,-0.9,33.532020568847656,-86.620361328125,0.122,0.003,100.0,4.0,,0.0,0.0,155.15
2025-09-05T20:06:20.607Z,27,GR86-047-21,,-0.9,33.532020568847656,-86.620361328125,0.123,-0.001,100.0,4.0,,0.0,0.0,
2025-09-05T20:06:20.694Z,27,GR86-047-21,,-0.9,33.53204727172852,-86.62033081054688,0.166,-0.015,100.0,4.0,,0.0,0.0,
2025-09-05T20:06:20.737Z,27,GR86-047-21,3605.0,-0.9,33.53204727172852,-86.62033081054688,0.154,-0.004,100.0,4.0,6156.0,0.0,0.0,
2025-09-05T20:06:20.781Z,27,GR86-047-21,,-0.9,33.532073974609375,-86.62030029296875,0.172,-0.016,100.0,4.0,,0.0,0.0,156.28
2025-09-05T20:06:20.824Z,27,GR86-047-21,,-0.9,33.532073974609375,-86.62030029296875,0.161,-0.031,100.0,4.0,,0.0,0.0,
2025-09-05T20:06:20.867Z,27,GR86-047-21,,-0.9,33.532100677490234,-86.6202621459961,0.149,-0.022,100.0,4.0,,0.0,0.0,
2025-09-05T20:06:20.910Z,27,GR86-047-21,,-0.9,33.532100677490234,-86.6202621459961,0.166,-0.023,100.0,4.0,,0.0,0.0,
2025-09-05T20:06:20.953Z,27,GR86-047-21,3614.0,-0.9,33.532127380371094,-86.6202621459961,0.126,-0.024,100.0,4.0,6202.0,0.0,0.0,
2025-09-05T20:06:20.996Z,27,GR86-047-21,,-0.9,33.532127380371094,-86.62023162841797,0.13,-0.008,100.0,4.0,,0.0,0.0,157.39
2025-09-05T20:06:21.039Z,27,GR86-047-21,,-0.9,33.532127380371094,-86.62023162841797,0.122,0.006,100.0,4.0,,0.0,0.0,
2025-09-05T20:06:21.082Z,27,GR86-047-21,,-0.8,33.53215408325195,-86.62019348144531,0.129,-0.019,100.0,4.0,,0.0,0.0,
2025-09-05T20:06:21.125Z,27,GR86-047-21,,-0.8,33.53215408325195,-86.62019348144531,0.149,0.007,100.0,4.0,,0.0,0.0,
2025-09-05T20:06:21.168Z,27,GR86-047-21,3623.0,-0.8,33.53218078613281,-86.62016296386719,0.114,-0.025,100.0,4.0,6238.0,0.0,0.0,
2025-09-05T20:06:21.211Z,27,GR86-047-21,,-0.8,33.53218078613281,-86.62016296386719,0.137,-0.006,100.0,4.0,,0.0,0.0,159.55
2025-09-05T20:06:21.254Z,27,GR86-047-21,,-0.8,33.53221130371094,-86.62012481689453,0.136,-0.018,100.0,4.0,,0.0,0.0,
2025-09-05T20:06:21.297Z,27,GR86-047-21,,-0.8,33.53221130371094,-86.62012481689453,0.142,-0.044,100.0,4.0,,0.0,0.0,
2025-09-05T20:06:21.340Z,27,GR86-047-21,,-0.8,33.53221130371094,-86.62012481689453,0.147,-0.039,100.0,4.0,,0.0,0.0,
2025-09-05T20:06:21.383Z,27,GR86-047-21,3632.0,-0.8,33.5322380065918,-86.6200942993164,0.135,-0.067,100.0,4.0,6281.0,0.0,0.0,
2025-09-05T20:06:21.427Z,27,GR86-047-21,,-0.8,33.5322380065918,-86.6200942993164,0.145,-0.058,100.0,4.0,,0.0,0.0,160.54
2025-09-05T20:06:21.471Z,27,GR86-047-21,,-0.8,33.532264709472656,-86.62005615234375,0.153,-0.078,100.0,4.0,,0.0,0.0,
2025-09-05T20:06:21.514Z,27,GR86-047-21,,-0.8,33.532264709472656,-86.62005615234375,0.126,-0.08,100.0,4.0,,0.0,0.0,
2025-09-05T20:06:21.557Z,27,GR86-047-21,,-0.8,33.53229141235352,-86.62002563476562,0.147,-0.086,100.0,4.0,,0.0,0.0,
2025-09-05T20:06:21.600Z,27,GR86-047-21,3641.0,-0.8,33.53229141235352,-86.62002563476562,0.119,-0.05,100.0,4.0,6322.0,0.0,0.0,
2025-09-05T20:06:21.643Z,27,GR86-047-21,,-0.8,33.53232192993164,-86.61998748779297,0.142,-0.07,100.0,4.0,,0.0,0.0,161.59
2025-09-05T20:06:21.687Z,27,GR86-047-21,,-0.8,33.53232192993164,-86.61998748779297,0.142,-0.054,100.0,4.0,,0.0,0.0,
2025-09-05T20:06:21.731Z,27,GR86-047-21,,-0.8,33.53232192993164,-86.61998748779297,0.143,-0.065,100.0,4.0,,0.0,0.0,
2025-09-05T20:06:21.774Z,27,GR86-047-21,,-0.6000000000000001,33.5323486328125,-86.61995697021484,0.114,-0.049,100.0,4.0,,0.0,0.0,
2025-09-05T20:06:21.817Z,27,GR86-047-21,3659.0,-0.5,33.5323486328125,-86.61995697021484,0.115,-0.009,100.0,4.0,6398.0,0.0,0.0,
2025-09-05T20:06:21.861Z,27,GR86-047-21,,-0.5,33.53237533569336,-86.61991882324219,0.113,-0.021,100.0,4.0,,0.0,0.0,162.59
2025-09-05T20:06:21.904Z,27,GR86-047-21,,-0.5,33.53237533569336,-86.61991882324219,0.139,-0.022,100.0,4.0,,0.0,0.0,
2025-09-05T20:06:21.947Z,27,GR86-047-21,,-0.5,33.53240203857422,-86.61988067626953,0.118,-0.027,100.0,4.0,,0.0,0.0,
2025-09-05T20:06:21.990Z,27,GR86-047-21,,-0.5,33.53240203857422,-86.61988067626953,0.103,0.009,100.0,4.0,,0.0,0.0,
2025-09-05T20:06:22.033Z,27,GR86-047-21,3668.0,-0.5,33.53240203857422,-86.61988067626953,0.111,0.005,100.0,4.0,6436.0,0.0,0.0,
2025-09-05T20:06:22.076Z,27,GR86-047-21,,-0.5,33.532432556152344,-86.6198501586914,0.121,0.03,100.0,4.0,,0.0,0.0,163.62
2025-09-05T20:06:22.119Z,27,GR86-047-21,,-0.5,33.532432556152344,-86.6198501586914,0.133,0.013,100.0,4.0,,0.0,0.0,
2025-09-05T20:06:22.162Z,27,GR86-047-21,,-0.5,33.5324592590332,-86.61981201171875,0.101,-0.014,100.0,4.0,,0.0,0.0,
2025-09-05T20:06:22.206Z,27,GR86-047-21,,-0.5,33.5324592590332,-86.61981201171875,0.112,-0.02,100.0,4.0,,0.0,0.0,
2025-09-05T20:06:22.249Z,27,GR86-047-21,3677.0,-0.5,33.53248596191406,-86.6197738647461,0.104,-0.026,100.0,4.0,6482.0,0.0,0.0,
2025-09-05T20:06:22.293Z,27,GR86-047-21,,-0.5,33.53248596191406,-86.6197738647461,0.132,-0.021,100.0,4.0,,0.0,0.0,164.62
2025-09-05T20:06:22.336Z,27,GR86-047-21,,-0.5,33.53248596191406,-86.6197738647461,0.131,-0.047,100.0,4.0,,0.0,0.0,
2025-09-05T20:06:22.379Z,27,GR86-047-21,,-0.5,33.53251647949219,-86.61974334716797,0.143,-0.06,100.0,4.0,,0.0,0.0,
2025-09-05T20:06:22.424Z,27,GR86-047-21,,-0.5,33.53251647949219,-86.61974334716797,0.103,-0.072,100.0,4.0,,0.0,0.0,
2025-09-05T20:06:22.467Z,27,GR86-047-21,3686.0,-0.5,33.53254318237305,-86.61970520019531,0.1,-0.062,100.0,4.0,6528.0,0.0,0.0,
2025-09-05T20:06:22.510Z,27,GR86-047-21,,0.8,33.53254318237305,-86.61970520019531,0.115,-0.048,100.0,4.0,,0.0,0.0,165.57
2025-09-05T20:06:22.553Z,27,GR86-047-21,,2.2,33.53257369995117,-86.61970520019531,0.123,-0.029,100.0,4.0,,0.0,0.0,
2025-09-05T20:06:22.597Z,27,GR86-047-21,,3.1,33.53257369995117,-86.61966705322266,0.137,0.02,100.0,4.0,,0.0,0.0,
2025-09-05T20:06:22.640Z,27,GR86-047-21,,3.2,33.53257369995117,-86.61966705322266,0.164,0.064,100.0,4.0,,0.0,0.0,
2025-09-05T20:06:22.727Z,27,GR86-047-21,3695.0,3.1,33.53260040283203,-86.61963653564453,0.106,0.085,100.0,4.0,6555.0,0.0,0.0,166.66
