timestamp,lap,vehicle_id,steering_angle,accx_can,accy_can,ath,gear,nmot,pbrake_f,pbrake_r,speed
2025-05-15T19:50:00.752Z,10,GR86-036-98,7.4,0.19,0.075,99.97,4.0,,0.0,0.0,
2025-05-15T19:50:00.844Z,10,GR86-036-98,7.4,0.133,0.046,99.96,4.0,6787.0,0.0,0.0,171.97
2025-05-15T19:50:00.888Z,10,GR86-036-98,7.4,0.136,0.001,99.96,4.0,,0.0,0.0,
2025-05-15T19:50:00.934Z,10,GR86-036-98,7.4,0.098,0.013,99.97,4.0,,0.0,0.0,
2025-05-15T19:50:00.978Z,10,GR86-036-98,7.4,0.115,0.024,99.95,4.0,,0.0,0.0,
2025-05-15T19:50:01.024Z,10,GR86-036-98,7.4,0.154,-0.008,99.95,4.0,,0.0,0.0,
2025-05-15T19:50:01.068Z,10,GR86-036-98,7.4,0.14,0.019,99.96,4.0,6780.0,0.0,0.0,172.98
2025-05-15T19:50:01.114Z,10,GR86-036-98,7.4,0.086,0.036,99.98,4.0,,0.0,0.0,
2025-05-15T19:50:01.158Z,10,GR86-036-98,7.4,0.15,0.01,99.96,4.0,,0.0,0.0,
2025-05-15T19:50:01.204Z,10,GR86-036-98,7.300000000000001,0.211,0.032,99.96,4.0,,0.0,0.0,
2025-05-15T19:50:01.248Z,10,GR86-036-98,7.300000000000001,0.065,0.019,99.96,4.0,,0.0,0.0,
2025-05-15T19:50:01.294Z,10,GR86-036-98,7.300000000000001,0.146,0.034,99.96,4.0,6835.0,0.0,0.0,173.79
2025-05-15T19:50:01.338Z,10,GR86-036-98,7.300000000000001,0.126,0.034,99.97,4.0,,0.0,0.0,
2025-05-15T19:50:01.384Z,10,GR86-036-98,7.300000000000001,0.083,0.042,99.96,4.0,,0.0,0.0,
2025-05-15T19:50:01.428Z,10,GR86-036-98,7.2,0.116,0.014,99.94,4.0,,0.0,0.0,
2025-05-15T19:50:01.473Z,10,GR86-036-98,7.2,0.126,0.04,99.95,4.0,,0.0,0.0,
2025-05-15T19:50:01.517Z,10,GR86-036-98,7.2,0.117,0.024,99.97,4.0,6860.0,0.0,0.0,174.76
2025-05-15T19:50:01.561Z,10,GR86-036-98,7.2,0.105,0.067,99.97,4.0,,0.0,0.0,
2025-05-15T19:50:01.605Z,10,GR86-036-98,7.2,0.13,0.006,99.95,4.0,,0.0,0.0,
2025-05-15T19:50:01.649Z,10,GR86-036-98,7.2,0.111,0.019,99.96,4.0,,0.0,0.0,
2025-05-15T19:50:01.694Z,10,GR86-036-98,7.2,0.147,0.002,99.94,4.0,,0.0,0.0,
2025-05-15T19:50:01.784Z,10,GR86-036-98,7.2,0.065,0.017,99.96,4.0,6889.0,0.0,0.0,175.62
2025-05-15T19:50:01.828Z,10,GR86-036-98,7.1000000000000005,0.11,0.036,99.95,4.0,,0.0,0.0,
2025-05-15T19:50:01.873Z,10,GR86-036-98,7.1000000000000005,0.117,0.037,99.97,4.0,,0.0,0.0,
2025-05-15T19:50:01.917Z,10,GR86-036-98,7.1000000000000005,0.064,0.066,99.94,4.0,,0.0,0.0,
2025-05-15T19:50:02.008Z,10,GR86-036-98,7.1000000000000005,0.104,-0.015,99.97,4.0,6981.0,0.0,0.0,177.38
2025-05-15T19:50:02.053Z,10,GR86-036-98,7.0,0.097,0.003,99.97,4.0,,0.0,0.0,
2025-05-15T19:50:02.099Z,10,GR86-036-98,7.0,0.154,0.007,99.96,4.0,,0.0,0.0,
2025-05-15T19:50:02.144Z,10,GR86-036-98,7.0,0.115,-0.004,99.94,4.0,,0.0,0.0,
2025-05-15T19:50:02.188Z,10,GR86-036-98,7.0,0.057,0.0,99.94,4.0,7027.0,0.0,0.0,178.1
2025-05-15T19:50:02.234Z,10,GR86-036-98,7.0,0.104,-0.007,99.95,4.0,,0.0,0.0,
2025-05-15T19:50:02.278Z,10,GR86-036-98,7.0,0.097,-0.012,99.94,4.0,,0.0,0.0,
2025-05-15T19:50:02.324Z,10,GR86-036-98,7.0,0.084,0.021,99.94,4.0,,0.0,0.0,
2025-05-15T19:50:02.368Z,10,GR86-036-98,7.0,0.137,0.03,99.96,4.0,,0.0,0.0,
2025-05-15T19:50:02.414Z,10,GR86-036-98,6.9,0.14,0.049,99.96,4.0,7035.0,0.0,0.0,179.21
2025-05-15T19:50:02.458Z,10,GR86-036-98,7.0,0.102,0.03,99.97,4.0,,0.0,0.0,
2025-05-15T19:50:02.504Z,10,GR86-036-98,7.0,0.05,-0.001,99.97,4.0,,0.0,0.0,
2025-05-15T19:50:02.548Z,10,GR86-036-98,7.0,0.145,-0.013,99.97,4.0,,0.0,0.0,
2025-05-15T19:50:02.594Z,10,GR86-036-98,7.0,0.054,0.018,99.97,4.0,,0.0,0.0,
2025-05-15T19:50:02.638Z,10,GR86-036-98,7.0,0.162,-0.004,99.96,4.0,7089.0,0.0,0.0,179.84
2025-05-15T19:50:02.684Z,10,GR86-036-98,6.9,0.129,0.021,99.96,4.0,,0.0,0.0,
2025-05-15T19:50:02.728Z,10,GR86-036-98,7.0,0.09,0.012,99.96,4.0,,0.0,0.0,
2025-05-15T19:50:02.773Z,10,GR86-036-98,7.0,0.16,0.062,99.96,4.0,,0.0,0.0,
2025-05-15T19:50:02.817Z,10,GR86-036-98,6.9,0.109,0.044,99.96,4.0,,0.0,0.0,
2025-05-15T19:50:02.861Z,10,GR86-036-98,6.9,0.116,0.008,99.95,4.0,7113.0,0.0,0.0,180.68
2025-05-15T19:50:02.905Z,10,GR86-036-98,6.9,0.107,-0.017,99.98,4.0,,0.0,0.0,
2025-05-15T19:50:02.949Z,10,GR86-036-98,6.9,0.083,-0.032,99.96,4.0,,0.0,0.0,
2025-05-15T19:50:02.993Z,10,GR86-036-98,6.9,0.139,-0.046,99.95,4.0,,0.0,0.0,
2025-05-15T19:50:03.038Z,10,GR86-036-98,7.0,0.121,-0.031,99.93,4.0,,0.0,0.0,
2025-05-15T19:50:03.084Z,10,GR86-036-98,6.9,0.13,-0.033,99.95,4.0,7142.0,0.0,0.0,181.55
2025-05-15T19:50:03.128Z,10,GR86-036-98,6.9,0.1,-0.003,99.94,4.0,,0.0,0.0,
2025-05-15T19:50:03.173Z,10,GR86-036-98,6.9,0.165,-0.014,99.96,4.0,,0.0,0.0,
2025-05-15T19:50:03.217Z,10,GR86-036-98,6.9,0.115,-0.009,99.97,4.0,,0.0,0.0,
2025-05-15T19:50:03.261Z,10,GR86-036-98,6.9,0.123,0.001,99.97,4.0,,0.0,0.0,
2025-05-15T19:50:03.305Z,10,GR86-036-98,6.9,-0.213,0.037,99.95,5.0,7171.0,0.0,0.0,182.24
2025-05-15T19:50:03.349Z,10,GR86-036-98,6.9,-0.067,0.047,99.96,5.0,,0.0,0.0,
2025-05-15T19:50:03.394Z,10,GR86-036-98,6.9,0.365,-0.044,99.97,5.0,,0.0,0.0,
2025-05-15T19:50:03.438Z,10,GR86-036-98,6.9,0.122,-0.018,99.96,5.0,,0.0,0.0,
2025-05-15T19:50:03.484Z,10,GR86-036-98,6.9,0.031,0.036,99.94,5.0,,0.0,0.0,
2025-05-15T19:50:03.528Z,10,GR86-036-98,6.9,0.085,0.046,99.97,5.0,6864.0,0.0,0.0,183.29
2025-05-15T19:50:03.573Z,10,GR86-036-98,6.9,0.159,0.033,99.96,5.0,,0.0,0.0,
2025-05-15T19:50:03.617Z,10,GR86-036-98,6.9,0.067,0.019,99.96,5.0,,0.0,0.0,
2025-05-15T19:50:03.663Z,10,GR86-036-98,6.9,-0.01,-0.003,99.95,5.0,,0.0,0.0,
2025-05-15T19:50:03.707Z,10,GR86-036-98,6.9,0.021,-0.006,99.95,5.0,,0.0,0.0,
2025-05-15T19:50:03.751Z,10,GR86-036-98,6.9,0.064,-0.003,99.97,5.0,6304.0,0.0,0.0,184.11
2025-05-15T19:50:03.795Z,10,GR86-036-98,6.9,0.043,-0.041,99.97,5.0,,0.0,0.0,
2025-05-15T19:50:03.839Z,10,GR86-036-98,6.9,0.048,-0.006,99.96,5.0,,0.0,0.0,
2025-05-15T19:50:03.884Z,10,GR86-036-98,6.9,0.121,0.004,99.94,5.0,,0.0,0.0,
2025-05-15T19:50:03.928Z,10,GR86-036-98,6.9,0.076,0.016,99.94,5.0,,0.0,0.0,
2025-05-15T19:50:03.973Z,10,GR86-036-98,6.9,0.065,0.025,99.96,5.0,6294.0,0.0,0.0,185.25
2025-05-15T19:50:04.017Z,10,GR86-036-98,6.9,0.11,0.031,99.95,5.0,,0.0,0.0,
2025-05-15T19:50:04.064Z,10,GR86-036-98,6.9,0.081,0.026,99.96,5.0,,0.0,0.0,
2025-05-15T19:50:04.108Z,10,GR86-036-98,6.9,0.07,0.041,99.94,5.0,,0.0,0.0,
2025-05-15T19:50:04.155Z,10,GR86-036-98,6.9,0.09,0.05,99.97,5.0,,0.0,0.0,
2025-05-15T19:50:04.199Z,10,GR86-036-98,6.9,0.106,0.029,99.96,5.0,6310.0,0.0,0.0,185.63
2025-05-15T19:50:04.244Z,10,GR86-036-98,6.9,0.062,0.037,99.95,5.0,,0.0,0.0,
2025-05-15T19:50:04.288Z,10,GR86-036-98,6.9,0.073,0.005,99.94,5.0,,0.0,0.0,
2025-05-15T19:50:04.334Z,10,GR86-036-98,6.9,0.041,0.021,99.97,5.0,,0.0,0.0,
2025-05-15T19:50:04.378Z,10,GR86-036-98,6.9,0.073,0.008,99.95,5.0,,0.0,0.0,
2025-05-15T19:50:04.423Z,10,GR86-036-98,6.9,0.101,0.017,99.96,5.0,6336.0,0.0,0.0,186.13
2025-05-15T19:50:04.468Z,10,GR86-036-98,6.9,0.103,0.034,99.95,5.0,,0.0,0.0,
2025-05-15T19:50:04.514Z,10,GR86-036-98,6.9,0.086,0.016,99.97,5.0,,0.0,0.0,
2025-05-15T19:50:04.558Z,10,GR86-036-98,6.9,0.095,0.02,99.96,5.0,,0.0,0.0,
2025-05-15T19:50:04.604Z,10,GR86-036-98,6.9,0.1,0.007,99.94,5.0,,0.0,0.0,
2025-05-15T19:50:04.648Z,10,GR86-036-98,6.9,-0.009,0.005,99.96,5.0,6375.0,0.0,0.0,186.88
2025-05-15T19:50:04.694Z,10,GR86-036-98,6.9,0.151,0.014,99.94,5.0,,0.0,0.0,
2025-05-15T19:50:04.738Z,10,GR86-036-98,6.9,0.035,0.022,99.96,5.0,,0.0,0.0,
2025-05-15T19:50:04.785Z,10,GR86-036-98,6.9,0.039,0.006,99.97,5.0,,0.0,0.0,
2025-05-15T19:50:04.873Z,10,GR86-036-98,6.9,0.039,0.044,99.96,5.0,6423.0,0.0,0.0,187.36
2025-05-15T19:50:04.917Z,10,GR86-036-98,6.9,0.09,0.02,99.94,5.0,,0.0,0.0,
2025-05-15T19:50:04.964Z,10,GR86-036-98,6.9,0.107,0.054,99.95,5.0,,0.0,0.0,
2025-05-15T19:50:05.008Z,10,GR86-036-98,6.9,0.066,0.023,99.95,5.0,,0.0,0.0,
2025-05-15T19:50:05.055Z,10,GR86-036-98,6.9,0.106,-0.004,99.95,5.0,,0.0,0.0,
2025-05-15T19:50:05.099Z,10,GR86-036-98,6.9,0.071,0.006,99.97,5.0,6409.0,0.0,0.0,188.12
2025-05-15T19:50:05.144Z,10,GR86-036-98,6.7,0.073,-0.032,99.97,5.0,,0.0,0.0,
2025-05-15T19:50:05.188Z,10,GR86-036-98,6.7,0.082,-0.06,99.94,5.0,,0.0,0.0,
2025-05-15T19:50:05.234Z,10,GR86-036-98,6.7,0.083,-0.069,99.97,5.0,,0.0,0.0,
2025-05-15T19:50:05.278Z,10,GR86-036-98,6.7,0.035,-0.098,99.94,5.0,,0.0,0.0,
2025-05-15T19:50:05.324Z,10,GR86-036-98,6.7,0.068,-0.058,99.96,5.0,6427.0,0.0,0.0,188.52
2025-05-15T19:50:05.368Z,10,GR86-036-98,6.7,0.086,-0.073,99.97,5.0,,0.0,0.0,
2025-05-15T19:50:05.414Z,10,GR86-036-98,6.7,0.051,-0.046,99.96,5.0,,0.0,0.0,
2025-05-15T19:50:05.458Z,10,GR86-036-98,6.6000000000000005,0.062,-0.044,99.94,5.0,,0.0,0.0,
2025-05-15T19:50:05.504Z,10,GR86-036-98,6.6000000000000005,0.11,-0.042,99.97,5.0,,0.0,0.0,
2025-05-15T19:50:05.548Z,10,GR86-036-98,6.6000000000000005,0.073,-0.042,99.96,5.0,6470.0,0.0,0.0,189.93
2025-05-15T19:50:05.594Z,10,GR86-036-98,6.6000000000000005,0.127,-0.029,99.95,5.0,,0.0,0.0,
2025-05-15T19:50:05.638Z,10,GR86-036-98,6.6000000000000005,0.074,-0.012,99.97,5.0,,0.0,0.0,
2025-05-15T19:50:05.684Z,10,GR86-036-98,6.6000000000000005,0.096,-0.02,99.97,5.0,,0.0,0.0,
2025-05-15T19:50:05.728Z,10,GR86-036-98,6.6000000000000005,0.076,-0.037,99.95,5.0,,0.0,0.0,
2025-05-15T19:50:05.773Z,10,GR86-036-98,6.6000000000000005,0.062,-0.028,99.97,5.0,6482.0,0.0,0.0,190.37
2025-05-15T19:50:05.817Z,10,GR86-036-98,6.6000000000000005,0.096,-0.021,99.97,5.0,,0.0,0.0,
2025-05-15T19:50:05.864Z,10,GR86-036-98,6.6000000000000005,0.105,-0.023,99.96,5.0,,0.0,0.0,
2025-05-15T19:50:05.908Z,10,GR86-036-98,6.6000000000000005,0.054,-0.044,99.96,5.0,,0.0,0.0,
2025-05-15T19:50:05.953Z,10,GR86-036-98,6.5,0.065,-0.046,99.94,5.0,,0.0,0.0,
2025-05-15T19:50:05.999Z,10,GR86-036-98,6.5,0.096,-0.036,99.96,5.0,6492.0,0.0,0.0,191.21
2025-05-15T19:50:06.044Z,10,GR86-036-98,6.5,0.101,-0.006,99.96,5.0,,0.0,0.0,
2025-05-15T19:50:06.088Z,10,GR86-036-98,6.5,0.068,0.004,99.95,5.0,,0.0,0.0,
2025-05-15T19:50:06.134Z,10,GR86-036-98,7.2,0.06,-0.015,99.96,5.0,,0.0,0.0,
2025-05-15T19:50:06.178Z,10,GR86-036-98,8.0,0.079,-0.007,99.94,5.0,,0.0,0.0,
2025-05-15T19:50:06.223Z,10,GR86-036-98,8.200000000000001,0.134,0.074,99.95,5.0,6526.0,0.0,0.0,191.69
2025-05-15T19:50:06.268Z,10,GR86-036-98,8.6,0.071,0.092,99.97,5.0,,0.0,0.0,
2025-05-15T19:50:06.314Z,10,GR86-036-98,9.0,0.129,0.09,99.96,5.0,,0.0,0.0,
2025-05-15T19:50:06.358Z,10,GR86-036-98,9.4,0.055,0.112,87.19,5.0,,0.0,0.0,
2025-05-15T19:50:06.448Z,10,GR86-036-98,9.5,0.073,0.089,36.63,5.0,6549.0,0.0,0.0,192.46
2025-05-15T19:50:06.494Z,10,GR86-036-98,10.2,0.068,0.141,7.68,5.0,,0.0,0.0,
2025-05-15T19:50:06.538Z,10,GR86-036-98,11.3,-0.015,0.167,4.78,5.0,,0.0,0.0,
2025-05-15T19:50:06.628Z,10,GR86-036-98,12.6,-0.164,0.216,4.51,5.0,,3.555,3.785,
2025-05-15T19:50:06.673Z,10,GR86-036-98,13.1,-0.415,0.193,3.94,5.0,6518.0,15.99,16.115000000000002,193.04
2025-05-15T19:50:06.717Z,10,GR86-036-98,13.1,-0.369,0.202,3.62,5.0,,21.35,21.305,
2025-05-15T19:50:06.761Z,10,GR86-036-98,13.1,-0.46,0.163,3.3000000000000003,5.0,,24.28,24.31,
2025-05-15T19:50:06.805Z,10,GR86-036-98,13.1,-0.508,0.206,2.85,5.0,,25.665,25.865,
2025-05-15T19:50:06.849Z,10,GR86-036-98,14.3,-0.618,0.172,2.71,5.0,,26.81,26.905,
2025-05-15T19:50:06.894Z,10,GR86-036-98,15.4,-0.708,0.21,2.61,5.0,6502.0,28.84,28.615,193.07
2025-05-15T19:50:06.938Z,10,GR86-036-98,17.2,-0.708,0.235,2.58,5.0,,31.51,31.36,
2025-05-15T19:50:06.984Z,10,GR86-036-98,20.1,-0.8,0.277,2.53,5.0,,38.15,37.705,
2025-05-15T19:50:07.028Z,10,GR86-036-98,20.3,-0.888,0.261,2.51,5.0,,41.31,40.99,
2025-05-15T19:50:07.073Z,10,GR86-036-98,20.3,-0.897,0.237,2.5,5.0,,42.27,42.24,
2025-05-15T19:50:07.117Z,10,GR86-036-98,20.3,-0.856,0.322,2.49,5.0,6227.0,42.36,42.575,188.91
2025-05-15T19:50:07.208Z,10,GR86-036-98,20.3,-0.955,0.331,2.48,5.0,,42.865,42.925,
2025-05-15T19:50:07.252Z,10,GR86-036-98,20.3,-0.892,0.339,2.47,5.0,,41.735,41.995,
2025-05-15T19:50:07.299Z,10,GR86-036-98,20.3,-0.8200000000000001,0.33,2.48,5.0,,40.5,41.25,
2025-05-15T19:50:07.344Z,10,GR86-036-98,20.3,-0.901,0.35,28.12,5.0,5717.0,39.905,40.99,177.41
2025-05-15T19:50:07.388Z,10,GR86-036-98,20.3,-1.042,0.366,73.42,5.0,,39.845,40.865,
2025-05-15T19:50:07.434Z,10,GR86-036-98,20.3,-0.891,0.396,97.63,5.0,,39.675,40.53,
2025-05-15T19:50:07.478Z,10,GR86-036-98,20.3,-0.841,0.335,50.63,4.0,,38.805,39.965,
2025-05-15T19:50:07.523Z,10,GR86-036-98,20.3,-0.751,0.284,5.55,4.0,,37.05,38.835,
2025-05-15T19:50:07.568Z,10,GR86-036-98,20.3,-0.901,0.368,5.18,4.0,6347.0,35.71,37.355,171.58
2025-05-15T19:50:07.614Z,10,GR86-036-98,20.5,-0.93,0.263,4.74,4.0,,34.275,35.86,
2025-05-15T19:50:07.658Z,10,GR86-036-98,23.8,-0.892,0.38,4.34,4.0,,32.14,33.68,
2025-05-15T19:50:07.704Z,10,GR86-036-98,26.5,-0.723,0.429,3.88,4.0,,28.81,30.46,
2025-05-15T19:50:07.748Z,10,GR86-036-98,27.3,-0.6910000000000001,0.466,3.56,4.0,,27.62,28.995,
2025-05-15T19:50:07.793Z,10,GR86-036-98,28.1,-0.731,0.49,3.13,4.0,6291.0,26.4,27.745,165.83
2025-05-15T19:50:07.838Z,10,GR86-036-98,28.3,-0.626,0.458,2.83,4.0,,24.555,25.805,
2025-05-15T19:50:07.884Z,10,GR86-036-98,28.6,-0.5680000000000001,0.561,2.61,4.0,,18.525,19.93,
2025-05-15T19:50:07.928Z,10,GR86-036-98,28.700000000000003,-0.55,0.594,2.54,4.0,,12.055,13.245,
2025-05-15T19:50:07.973Z,10,GR86-036-98,28.8,-0.397,0.684,2.52,4.0,,7.265000000000001,8.15,
2025-05-15T19:50:08.017Z,10,GR86-036-98,29.0,-0.257,0.766,2.51,4.0,6020.0,5.9350000000000005,6.625,161.18
2025-05-15T19:50:08.064Z,10,GR86-036-98,31.0,-0.299,0.775,2.47,4.0,,5.965,6.575,
2025-05-15T19:50:08.108Z,10,GR86-036-98,32.7,-0.261,0.747,2.47,4.0,,6.2700000000000005,6.745,
2025-05-15T19:50:08.152Z,10,GR86-036-98,33.7,-0.257,0.741,2.46,4.0,,6.2700000000000005,6.575,
2025-05-15T19:50:08.196Z,10,GR86-036-98,35.1,-0.228,0.759,2.47,4.0,,4.335,4.93,
2025-05-15T19:50:08.240Z,10,GR86-036-98,37.5,-0.211,0.839,2.45,4.0,6090.0,0.0,0.0,158.67000000000002
2025-05-15T19:50:08.284Z,10,GR86-036-98,40.1,-0.153,0.886,2.46,4.0,,0.0,0.0,
2025-05-15T19:50:08.328Z,10,GR86-036-98,40.2,-0.119,0.963,2.46,4.0,,0.0,0.0,
2025-05-15T19:50:08.373Z,10,GR86-036-98,40.2,-0.156,1.07,2.46,4.0,,0.0,0.0,
2025-05-15T19:50:08.417Z,10,GR86-036-98,40.2,-0.163,0.802,2.46,4.0,,0.0,0.0,
2025-05-15T19:50:08.464Z,10,GR86-036-98,38.5,-0.065,0.765,2.46,4.0,6036.0,0.0,0.0,156.33
2025-05-15T19:50:08.508Z,10,GR86-036-98,37.9,-0.182,1.123,2.47,4.0,,0.0,0.0,
2025-05-15T19:50:08.552Z,10,GR86-036-98,37.9,-0.153,0.997,2.46,4.0,,0.0,0.0,
2025-05-15T19:50:08.599Z,10,GR86-036-98,38.1,-0.226,1.01,2.48,4.0,,0.0,0.0,
2025-05-15T19:50:08.644Z,10,GR86-036-98,43.1,-0.169,1.049,2.48,4.0,,0.0,0.0,
2025-05-15T19:50:08.688Z,10,GR86-036-98,44.3,-0.169,1.128,2.48,4.0,5944.0,0.0,0.0,155.44
2025-05-15T19:50:08.734Z,10,GR86-036-98,44.5,-0.154,1.044,2.48,4.0,,0.0,0.0,
2025-05-15T19:50:08.778Z,10,GR86-036-98,44.6,-0.15,1.039,2.48,4.0,,0.0,0.0,
2025-05-15T19:50:08.823Z,10,GR86-036-98,44.6,-0.189,1.055,2.48,4.0,,0.0,0.0,
2025-05-15T19:50:08.868Z,10,GR86-036-98,44.6,-0.124,1.078,2.47,4.0,,0.0,0.0,
2025-05-15T19:50:08.914Z,10,GR86-036-98,44.6,-0.122,1.102,2.48,4.0,5901.0,0.0,0.0,154.17000000000002
2025-05-15T19:50:08.958Z,10,GR86-036-98,44.6,-0.142,1.229,2.48,4.0,,0.0,0.0,
2025-05-15T19:50:09.004Z,10,GR86-036-98,44.6,-0.125,1.141,2.48,4.0,,0.0,0.0,
2025-05-15T19:50:09.048Z,10,GR86-036-98,44.6,-0.092,0.984,2.49,4.0,,0.0,0.0,
2025-05-15T19:50:09.094Z,10,GR86-036-98,44.6,-0.128,1.174,2.48,4.0,,1.985,2.045,
2025-05-15T19:50:09.138Z,10,GR86-036-98,44.6,-0.192,1.159,2.48,4.0,5833.0,2.885,3.1,152.84
2025-05-15T19:50:09.184Z,10,GR86-036-98,43.6,-0.221,1.267,2.48,4.0,,3.495,3.465,
2025-05-15T19:50:09.228Z,10,GR86-036-98,42.8,-0.193,1.076,2.49,4.0,,3.22,3.435,
2025-05-15T19:50:09.273Z,10,GR86-036-98,40.6,-0.163,1.13,2.48,4.0,,2.855,3.1,
2025-05-15T19:50:09.317Z,10,GR86-036-98,38.7,-0.195,1.208,2.48,4.0,,0.0,0.0,
2025-05-15T19:50:09.361Z,10,GR86-036-98,38.7,-0.163,1.155,2.48,4.0,5688.0,0.0,0.0,149.51
2025-05-15T19:50:09.405Z,10,GR86-036-98,46.5,-0.122,1.104,2.48,4.0,,0.0,0.0,
2025-05-15T19:50:09.449Z,10,GR86-036-98,49.400000000000006,-0.084,1.098,2.48,4.0,,0.0,0.0,
2025-05-15T19:50:09.494Z,10,GR86-036-98,49.8,-0.149,1.249,2.48,4.0,,0.0,0.0,
2025-05-15T19:50:09.538Z,10,GR86-036-98,50.3,-0.167,1.214,2.48,4.0,,0.0,0.0,
2025-05-15T19:50:09.584Z,10,GR86-036-98,52.400000000000006,-0.109,1.201,2.48,4.0,5652.0,0.0,0.0,148.25
2025-05-15T19:50:09.628Z,10,GR86-036-98,52.5,-0.13,1.302,2.48,4.0,,0.0,0.0,
2025-05-15T19:50:09.673Z,10,GR86-036-98,52.6,-0.16,1.16,2.48,4.0,,0.0,0.0,
2025-05-15T19:50:09.717Z,10,GR86-036-98,52.7,-0.195,1.173,2.48,4.0,,0.0,0.0,
2025-05-15T19:50:09.764Z,10,GR86-036-98,51.1,-0.162,1.093,2.48,4.0,,0.0,0.0,
2025-05-15T19:50:09.808Z,10,GR86-036-98,45.900000000000006,-0.129,1.111,2.48,4.0,5638.0,0.0,0.0,146.93
2025-05-15T19:50:09.853Z,10,GR86-036-98,40.900000000000006,-0.126,1.184,2.49,4.0,,0.0,0.0,
2025-05-15T19:50:09.899Z,10,GR86-036-98,38.1,-0.132,1.182,2.48,4.0,,0.0,0.0,
2025-05-15T19:50:09.944Z,10,GR86-036-98,38.0,-0.12,1.248,2.48,4.0,,0.0,0.0,
2025-05-15T19:50:09.988Z,10,GR86-036-98,38.0,-0.11,1.113,2.48,4.0,,0.0,0.0,
2025-05-15T19:50:10.034Z,10,GR86-036-98,41.0,-0.113,1.214,2.48,4.0,5562.0,0.0,0.0,145.32
2025-05-15T19:50:10.078Z,10,GR86-036-98,44.900000000000006,-0.169,1.263,2.48,4.0,,0.0,0.0,
2025-05-15T19:50:10.123Z,10,GR86-036-98,47.1,-0.128,1.314,2.97,4.0,,0.0,0.0,
2025-05-15T19:50:10.167Z,10,GR86-036-98,47.1,-0.155,1.32,4.34,4.0,,0.0,0.0,
2025-05-15T19:50:10.211Z,10,GR86-036-98,47.900000000000006,-0.143,1.203,4.48,4.0,,0.0,0.0,
2025-05-15T19:50:10.255Z,10,GR86-036-98,52.8,-0.132,1.171,4.65,4.0,5517.0,0.0,0.0,144.17000000000002
2025-05-15T19:50:10.299Z,10,GR86-036-98,54.8,-0.098,1.207,4.83,4.0,,0.0,0.0,
2025-05-15T19:50:10.344Z,10,GR86-036-98,54.900000000000006,-0.122,1.202,4.97,4.0,,0.0,0.0,
2025-05-15T19:50:10.388Z,10,GR86-036-98,55.6,-0.134,1.241,5.03,4.0,,0.0,0.0,
2025-05-15T19:50:10.434Z,10,GR86-036-98,56.1,-0.165,1.289,6.79,4.0,,0.0,0.0,
2025-05-15T19:50:10.478Z,10,GR86-036-98,56.2,-0.165,1.422,10.59,4.0,5444.0,0.0,0.0,142.59
2025-05-15T19:50:10.523Z,10,GR86-036-98,56.2,-0.175,1.41,17.68,4.0,,0.0,0.0,
2025-05-15T19:50:10.567Z,10,GR86-036-98,56.2,-0.105,1.363,19.01,4.0,,0.0,0.0,
2025-05-15T19:50:10.611Z,10,GR86-036-98,56.2,-0.035,1.187,19.77,4.0,,0.0,0.0,
2025-05-15T19:50:10.656Z,10,GR86-036-98,56.2,-0.068,1.166,20.73,4.0,,0.0,0.0,
2025-05-15T19:50:10.700Z,10,GR86-036-98,55.6,-0.103,1.082,20.84,4.0,5424.0,0.0,0.0,141.41
2025-05-15T19:50:10.744Z,10,GR86-036-98,54.6,0.004,1.197,21.9,4.0,,0.0,0.0,
2025-05-15T19:50:10.788Z,10,GR86-036-98,53.900000000000006,0.034,1.207,22.05,4.0,,0.0,0.0,
2025-05-15T19:50:10.834Z,10,GR86-036-98,53.400000000000006,-0.014,1.139,22.05,4.0,,0.0,0.0,
2025-05-15T19:50:10.878Z,10,GR86-036-98,53.3,0.069,1.196,22.05,4.0,,0.0,0.0,
2025-05-15T19:50:10.923Z,10,GR86-036-98,53.3,0.026,1.213,25.3,4.0,5581.0,0.0,0.0,139.85
2025-05-15T19:50:10.968Z,10,GR86-036-98,53.3,0.035,1.411,25.33,4.0,,0.0,0.0,
2025-05-15T19:50:11.014Z,10,GR86-036-98,53.2,0.093,1.301,25.15,4.0,,0.0,0.0,
2025-05-15T19:50:11.058Z,10,GR86-036-98,53.2,0.061,1.453,25.52,4.0,,0.0,0.0,
2025-05-15T19:50:11.104Z,10,GR86-036-98,53.2,0.049,1.217,26.2,4.0,,0.0,0.0,
2025-05-15T19:50:11.148Z,10,GR86-036-98,54.900000000000006,0.074,1.153,27.83,4.0,5465.0,0.0,0.0,138.79
2025-05-15T19:50:11.194Z,10,GR86-036-98,57.5,0.072,1.181,31.18,4.0,,0.0,0.0,
2025-05-15T19:50:11.238Z,10,GR86-036-98,57.900000000000006,0.068,1.254,34.33,4.0,,0.0,0.0,
2025-05-15T19:50:11.284Z,10,GR86-036-98,58.0,0.107,1.234,34.4,4.0,,0.0,0.0,
2025-05-15T19:50:11.328Z,10,GR86-036-98,58.1,0.098,0.973,33.79,4.0,,0.0,0.0,
2025-05-15T19:50:11.373Z,10,GR86-036-98,58.1,0.088,1.008,33.64,4.0,5466.0,0.0,0.0,138.39
2025-05-15T19:50:11.417Z,10,GR86-036-98,58.2,0.088,1.004,34.03,4.0,,0.0,0.0,
2025-05-15T19:50:11.461Z,10,GR86-036-98,58.0,0.004,1.157,35.49,4.0,,0.0,0.0,
2025-05-15T19:50:11.508Z,10,GR86-036-98,52.8,0.177,1.399,35.27,4.0,,0.0,0.0,
2025-05-15T19:50:11.555Z,10,GR86-036-98,50.900000000000006,0.192,1.161,33.97,4.0,,0.0,0.0,
2025-05-15T19:50:11.599Z,10,GR86-036-98,50.5,0.074,1.193,33.94,4.0,5661.0,0.0,0.0,138.32
2025-05-15T19:50:11.644Z,10,GR86-036-98,50.5,0.03,1.14,35.12,4.0,,0.0,0.0,
2025-05-15T19:50:11.688Z,10,GR86-036-98,50.5,0.082,1.302,35.54,4.0,,0.0,0.0,
2025-05-15T19:50:11.734Z,10,GR86-036-98,50.400000000000006,0.202,1.383,37.51,4.0,,0.0,0.0,
2025-05-15T19:50:11.778Z,10,GR86-036-98,50.400000000000006,0.131,1.408,38.63,4.0,,0.0,0.0,
2025-05-15T19:50:11.823Z,10,GR86-036-98,50.400000000000006,0.128,1.314,39.13,4.0,5573.0,0.0,0.0,139.78
2025-05-15T19:50:11.867Z,10,GR86-036-98,50.400000000000006,0.091,1.261,39.84,4.0,,0.0,0.0,
2025-05-15T19:50:11.911Z,10,GR86-036-98,50.400000000000006,0.078,1.283,41.51,4.0,,0.0,0.0,
2025-05-15T19:50:11.999Z,10,GR86-036-98,50.8,0.125,1.215,43.34,4.0,,0.0,0.0,
2025-05-15T19:50:12.044Z,10,GR86-036-98,53.5,0.122,1.053,43.57,4.0,5535.0,0.0,0.0,139.3
2025-05-15T19:50:12.088Z,10,GR86-036-98,53.5,0.129,1.165,46.35,4.0,,0.0,0.0,
2025-05-15T19:50:12.134Z,10,GR86-036-98,53.6,0.143,1.167,49.120000000000005,4.0,,0.0,0.0,
2025-05-15T19:50:12.178Z,10,GR86-036-98,53.6,0.123,1.023,49.15,4.0,,0.0,0.0,
2025-05-15T19:50:12.223Z,10,GR86-036-98,53.6,0.071,1.176,51.65,4.0,,0.0,0.0,
2025-05-15T19:50:12.268Z,10,GR86-036-98,53.6,0.106,1.15,52.31,4.0,5549.0,0.0,0.0,139.34
2025-05-15T19:50:12.314Z,10,GR86-036-98,53.6,0.154,1.255,52.71,4.0,,0.0,0.0,
2025-05-15T19:50:12.358Z,10,GR86-036-98,52.7,0.192,1.276,52.84,4.0,,0.0,0.0,
2025-05-15T19:50:12.404Z,10,GR86-036-98,52.2,0.178,1.114,52.42,4.0,,0.0,0.0,
2025-05-15T19:50:12.448Z,10,GR86-036-98,52.2,0.148,1.071,52.19,4.0,,0.0,0.0,
2025-05-15T19:50:12.494Z,10,GR86-036-98,52.2,0.097,1.035,52.15,4.0,5614.0,0.0,0.0,140.04
2025-05-15T19:50:12.584Z,10,GR86-036-98,52.2,0.124,1.17,52.33,4.0,,0.0,0.0,
2025-05-15T19:50:12.628Z,10,GR86-036-98,51.3,0.174,1.289,54.19,4.0,,0.0,0.0,
2025-05-15T19:50:12.673Z,10,GR86-036-98,49.900000000000006,0.134,1.185,54.15,4.0,,0.0,0.0,
2025-05-15T19:50:12.717Z,10,GR86-036-98,48.8,0.142,1.145,54.04,4.0,5657.0,0.0,0.0,140.43
2025-05-15T19:50:12.761Z,10,GR86-036-98,47.7,0.149,1.182,54.120000000000005,4.0,,0.0,0.0,
2025-05-15T19:50:12.805Z,10,GR86-036-98,47.2,0.177,0.96,54.370000000000005,4.0,,0.0,0.0,
2025-05-15T19:50:12.849Z,10,GR86-036-98,47.2,0.17,1.012,56.88,4.0,,0.0,0.0,
2025-05-15T19:50:12.893Z,10,GR86-036-98,46.7,0.033,1.147,69.72,4.0,,0.0,0.0,
2025-05-15T19:50:12.938Z,10,GR86-036-98,43.8,0.101,1.064,88.67,4.0,5622.0,0.0,0.0,141.5
2025-05-15T19:50:12.984Z,10,GR86-036-98,42.5,0.272,1.123,87.12,4.0,,0.0,0.0,
2025-05-15T19:50:13.028Z,10,GR86-036-98,42.5,0.104,0.938,98.36,4.0,,0.0,0.0,
2025-05-15T19:50:13.073Z,10,GR86-036-98,42.5,0.081,0.988,99.91,4.0,,0.0,0.0,
2025-05-15T19:50:13.117Z,10,GR86-036-98,42.5,0.124,0.913,99.84,4.0,,0.0,0.0,
2025-05-15T19:50:13.161Z,10,GR86-036-98,42.5,0.19,1.008,99.88,4.0,5705.0,0.0,0.0,142.53
2025-05-15T19:50:13.205Z,10,GR86-036-98,42.7,0.187,0.885,99.87,4.0,,0.0,0.0,
2025-05-15T19:50:13.249Z,10,GR86-036-98,42.900000000000006,0.174,0.857,99.86,4.0,,0.0,0.0,
2025-05-15T19:50:13.294Z,10,GR86-036-98,42.900000000000006,0.154,1.086,99.89,4.0,,0.0,0.0,
2025-05-15T19:50:13.338Z,10,GR86-036-98,42.900000000000006,0.261,1.176,99.89,4.0,,0.0,0.0,
2025-05-15T19:50:13.384Z,10,GR86-036-98,43.0,0.326,0.965,99.9,4.0,5756.0,0.0,0.0,143.39
2025-05-15T19:50:13.428Z,10,GR86-036-98,42.900000000000006,0.069,1.139,99.88,4.0,,0.0,0.0,
2025-05-15T19:50:13.473Z,10,GR86-036-98,42.5,0.145,1.203,99.88,4.0,,0.0,0.0,
2025-05-15T19:50:13.517Z,10,GR86-036-98,41.900000000000006,0.243,1.083,99.89,4.0,,0.0,0.0,
2025-05-15T19:50:13.563Z,10,GR86-036-98,41.400000000000006,0.167,0.8320000000000001,99.88,4.0,,0.0,0.0,
2025-05-15T19:50:13.607Z,10,GR86-036-98,40.6,0.112,0.6940000000000001,99.89,4.0,5792.0,0.0,0.0,144.70000000000002
2025-05-15T19:50:13.651Z,10,GR86-036-98,39.1,0.117,0.6910000000000001,99.9,4.0,,0.0,0.0,
2025-05-15T19:50:13.696Z,10,GR86-036-98,37.2,0.135,0.6960000000000001,99.9,4.0,,0.0,0.0,
2025-05-15T19:50:13.740Z,10,GR86-036-98,35.800000000000004,0.187,0.862,99.9,4.0,,0.0,0.0,
2025-05-15T19:50:13.784Z,10,GR86-036-98,35.2,0.216,0.763,99.89,4.0,,0.0,0.0,
2025-05-15T19:50:13.828Z,10,GR86-036-98,35.2,0.044,1.066,99.91,4.0,5862.0,0.0,0.0,145.01
2025-05-15T19:50:13.873Z,10,GR86-036-98,35.1,0.04,0.881,99.9,4.0,,0.0,0.0,
2025-05-15T19:50:13.917Z,10,GR86-036-98,34.9,0.069,1.075,99.92,4.0,,0.0,0.0,
2025-05-15T19:50:13.961Z,10,GR86-036-98,34.9,0.42,0.769,99.92,4.0,,0.0,0.0,
2025-05-15T19:50:14.005Z,10,GR86-036-98,34.9,0.121,0.517,99.9,4.0,,0.0,0.0,
2025-05-15T19:50:14.049Z,10,GR86-036-98,34.9,0.104,0.49,99.9,4.0,5933.0,0.0,0.0,146.41
2025-05-15T19:50:14.094Z,10,GR86-036-98,33.1,0.162,0.555,99.9,4.0,,0.0,0.0,
2025-05-15T19:50:14.138Z,10,GR86-036-98,30.8,0.2,0.593,99.91,4.0,,0.0,0.0,
2025-05-15T19:50:14.183Z,10,GR86-036-98,27.700000000000003,0.235,0.727,99.91,4.0,,0.0,0.0,
2025-05-15T19:50:14.228Z,10,GR86-036-98,27.3,0.153,0.748,99.9,4.0,,0.0,0.0,
2025-05-15T19:50:14.273Z,10,GR86-036-98,27.3,0.095,0.786,99.89,4.0,5942.0,0.0,0.0,146.75
2025-05-15T19:50:14.317Z,10,GR86-036-98,27.200000000000003,0.17,0.756,99.9,4.0,,0.0,0.0,
2025-05-15T19:50:14.361Z,10,GR86-036-98,27.3,0.191,0.6880000000000001,99.9,4.0,,0.0,0.0,
2025-05-15T19:50:14.405Z,10,GR86-036-98,27.200000000000003,0.118,0.523,99.92,4.0,,0.0,0.0,
2025-05-15T19:50:14.449Z,10,GR86-036-98,27.200000000000003,0.17,0.451,99.91,4.0,,0.0,0.0,
2025-05-15T19:50:14.494Z,10,GR86-036-98,27.200000000000003,0.187,0.365,99.91,4.0,5880.0,0.0,0.0,148.43
2025-05-15T19:50:14.538Z,10,GR86-036-98,27.200000000000003,0.163,0.363,99.9,4.0,,0.0,0.0,
2025-05-15T19:50:14.584Z,10,GR86-036-98,24.200000000000003,0.192,0.397,99.9,4.0,,0.0,0.0,
2025-05-15T19:50:14.628Z,10,GR86-036-98,22.6,0.226,0.454,99.9,4.0,,0.0,0.0,
2025-05-15T19:50:14.673Z,10,GR86-036-98,22.0,0.166,0.501,99.9,4.0,,0.0,0.0,
2025-05-15T19:50:14.717Z,10,GR86-036-98,21.9,0.129,0.528,99.9,4.0,5921.0,0.0,0.0,149.15
2025-05-15T19:50:14.764Z,10,GR86-036-98,21.8,0.176,0.519,99.9,4.0,,0.0,0.0,
2025-05-15T19:50:14.808Z,10,GR86-036-98,21.700000000000003,0.143,0.481,99.9,4.0,,0.0,0.0,
2025-05-15T19:50:14.852Z,10,GR86-036-98,21.4,0.153,0.412,99.9,4.0,,0.0,0.0,
2025-05-15T19:50:14.899Z,10,GR86-036-98,20.6,0.147,0.392,99.91,4.0,,0.0,0.0,
2025-05-15T19:50:14.944Z,10,GR86-036-98,19.200000000000003,0.144,0.337,99.91,4.0,6001.0,0.0,0.0,151.45000000000002
2025-05-15T19:50:14.988Z,10,GR86-036-98,18.5,0.167,0.312,99.9,4.0,,0.0,0.0,
2025-05-15T19:50:15.034Z,10,GR86-036-98,18.0,0.172,0.318,99.9,4.0,,0.0,0.0,
2025-05-15T19:50:15.078Z,10,GR86-036-98,17.3,0.182,0.333,99.9,4.0,,0.0,0.0,
2025-05-15T19:50:15.123Z,10,GR86-036-98,17.0,0.17,0.284,99.9,4.0,,0.0,0.0,
2025-05-15T19:50:15.167Z,10,GR86-036-98,17.0,0.183,0.286,99.9,4.0,6027.0,0.0,0.0,152.54
2025-05-15T19:50:15.211Z,10,GR86-036-98,16.900000000000002,0.168,0.259,99.9,4.0,,0.0,0.0,
2025-05-15T19:50:15.255Z,10,GR86-036-98,16.7,0.15,0.226,99.91,4.0,,0.0,0.0,
2025-05-15T19:50:15.299Z,10,GR86-036-98,16.2,0.122,0.198,99.91,4.0,,0.0,0.0,
2025-05-15T19:50:15.344Z,10,GR86-036-98,15.4,0.15,0.175,99.91,4.0,,0.0,0.0,
2025-05-15T19:50:15.388Z,10,GR86-036-98,15.0,0.143,0.189,99.91,4.0,6065.0,0.0,0.0,153.64
2025-05-15T19:50:15.434Z,10,GR86-036-98,14.6,0.123,0.179,99.92,4.0,,0.0,0.0,
2025-05-15T19:50:15.478Z,10,GR86-036-98,14.6,0.155,0.209,99.92,4.0,,0.0,0.0,
2025-05-15T19:50:15.523Z,10,GR86-036-98,14.5,0.129,0.169,99.91,4.0,,0.0,0.0,
2025-05-15T19:50:15.568Z,10,GR86-036-98,14.0,0.118,0.12,99.9,4.0,,0.0,0.0,
2025-05-15T19:50:15.614Z,10,GR86-036-98,13.0,0.135,0.095,99.91,4.0,6094.0,0.0,0.0,154.75
2025-05-15T19:50:15.658Z,10,GR86-036-98,12.2,0.173,0.087,99.93,4.0,,0.0,0.0,
2025-05-15T19:50:15.704Z,10,GR86-036-98,12.1,0.131,0.08,99.91,4.0,,0.0,0.0,
2025-05-15T19:50:15.748Z,10,GR86-036-98,12.0,0.132,0.057,99.91,4.0,,0.0,0.0,
2025-05-15T19:50:15.794Z,10,GR86-036-98,11.7,0.164,0.05,99.91,4.0,,0.0,0.0,
2025-05-15T19:50:15.838Z,10,GR86-036-98,11.4,0.187,0.051,99.91,4.0,6151.0,0.0,0.0,155.62
2025-05-15T19:50:15.884Z,10,GR86-036-98,11.1,0.127,0.025,99.92,4.0,,0.0,0.0,
2025-05-15T19:50:15.928Z,10,GR86-036-98,10.9,0.143,0.022,99.92,4.0,,0.0,0.0,
2025-05-15T19:50:15.973Z,10,GR86-036-98,10.5,0.17,0.014,99.92,4.0,,0.0,0.0,
2025-05-15T19:50:16.017Z,10,GR86-036-98,10.3,0.199,0.029,99.91,4.0,,0.0,0.0,
2025-05-15T19:50:16.064Z,10,GR86-036-98,9.3,0.14,-0.013,99.9,4.0,6191.0,0.0,0.0,156.72
2025-05-15T19:50:16.108Z,10,GR86-036-98,8.200000000000001,0.162,-0.031,99.91,4.0,,0.0,0.0,
2025-05-15T19:50:16.155Z,10,GR86-036-98,7.4,0.171,-0.034,99.91,4.0,,0.0,0.0,
2025-05-15T19:50:16.199Z,10,GR86-036-98,7.2,0.154,-0.05,99.9,4.0,,0.0,0.0,
2025-05-15T19:50:16.244Z,10,GR86-036-98,7.2,0.15,-0.071,99.91,4.0,,0.0,0.0,
2025-05-15T19:50:16.288Z,10,GR86-036-98,7.2,0.18,-0.089,99.9,4.0,6230.0,0.0,0.0,157.88
2025-05-15T19:50:16.334Z,10,GR86-036-98,7.2,0.169,-0.093,99.91,4.0,,0.0,0.0,
2025-05-15T19:50:16.378Z,10,GR86-036-98,7.2,0.153,-0.1,99.91,4.0,,0.0,0.0,
2025-05-15T19:50:16.423Z,10,GR86-036-98,7.2,0.169,-0.107,99.93,4.0,,0.0,0.0,
2025-05-15T19:50:16.468Z,10,GR86-036-98,7.2,0.187,-0.106,99.9,4.0,,0.0,0.0,
2025-05-15T19:50:16.514Z,10,GR86-036-98,7.2,0.163,-0.098,99.91,4.0,6287.0,0.0,0.0,158.87
2025-05-15T19:50:16.558Z,10,GR86-036-98,7.2,0.129,-0.093,99.91,4.0,,0.0,0.0,
2025-05-15T19:50:16.604Z,10,GR86-036-98,7.1000000000000005,0.173,-0.088,99.92,4.0,,0.0,0.0,
2025-05-15T19:50:16.648Z,10,GR86-036-98,7.1000000000000005,0.158,-0.057,99.91,4.0,,0.0,0.0,
2025-05-15T19:50:16.694Z,10,GR86-036-98,7.1000000000000005,0.174,-0.077,99.91,4.0,,0.0,0.0,
2025-05-15T19:50:16.738Z,10,GR86-036-98,7.1000000000000005,0.134,-0.066,99.91,4.0,6316.0,0.0,0.0,160.07
2025-05-15T19:50:16.785Z,10,GR86-036-98,6.9,0.166,-0.083,99.91,4.0,,0.0,0.0,
2025-05-15T19:50:16.829Z,10,GR86-036-98,5.5,0.172,-0.082,99.9,4.0,,0.0,0.0,
2025-05-15T19:50:16.873Z,10,GR86-036-98,4.1000000000000005,0.155,-0.095,99.92,4.0,,0.0,0.0,
2025-05-15T19:50:16.917Z,10,GR86-036-98,3.4000000000000004,0.136,-0.133,99.9,4.0,,0.0,0.0,
2025-05-15T19:50:16.964Z,10,GR86-036-98,3.3000000000000003,0.164,-0.153,99.9,4.0,6389.0,0.0,0.0,162.09
2025-05-15T19:50:17.008Z,10,GR86-036-98,3.3000000000000003,0.166,-0.156,99.92,4.0,,0.0,0.0,
2025-05-15T19:50:17.053Z,10,GR86-036-98,2.9000000000000004,0.184,-0.165,99.88,4.0,,0.0,0.0,
2025-05-15T19:50:17.099Z,10,GR86-036-98,1.9,0.106,-0.177,84.44,4.0,,0.0,0.0,
2025-05-15T19:50:17.144Z,10,GR86-036-98,0.5,0.165,-0.251,40.2,4.0,,0.0,0.0,
2025-05-15T19:50:17.188Z,10,GR86-036-98,0.3,0.159,-0.261,37.87,4.0,6470.0,0.0,0.0,162.99
2025-05-15T19:50:17.234Z,10,GR86-036-98,0.3,0.124,-0.298,37.13,4.0,,0.0,0.0,
2025-05-15T19:50:17.278Z,10,GR86-036-98,0.3,0.115,-0.362,36.05,4.0,,0.0,0.0,
2025-05-15T19:50:17.323Z,10,GR86-036-98,0.2,0.097,-0.422,34.08,4.0,,0.0,0.0,
2025-05-15T19:50:17.368Z,10,GR86-036-98,-0.3,0.079,-0.449,32.61,4.0,,0.0,0.0,
2025-05-15T19:50:17.414Z,10,GR86-036-98,-0.8,0.07,-0.431,31.2,4.0,6456.0,0.0,0.0,163.77
2025-05-15T19:50:17.458Z,10,GR86-036-98,-0.9,0.074,-0.45,26.59,4.0,,0.0,0.0,
2025-05-15T19:50:17.504Z,10,GR86-036-98,-0.9,0.025,-0.472,20.3,4.0,,0.0,0.0,
2025-05-15T19:50:17.548Z,10,GR86-036-98,-0.9,0.023,-0.434,4.2,4.0,,0.0,0.0,
2025-05-15T19:50:17.594Z,10,GR86-036-98,-0.9,0.009,-0.431,4.07,4.0,,0.0,0.0,
2025-05-15T19:50:17.638Z,10,GR86-036-98,-0.9,-0.074,-0.376,3.96,4.0,6450.0,0.0,0.0,164.73
2025-05-15T19:50:17.684Z,10,GR86-036-98,-0.9,-0.138,-0.344,3.72,4.0,,0.0,0.0,
2025-05-15T19:50:17.728Z,10,GR86-036-98,-0.9,-0.292,-0.292,3.47,4.0,,0.0,0.0,
2025-05-15T19:50:17.773Z,10,GR86-036-98,-0.9,-0.2,-0.273,3.24,4.0,,0.0,0.0,
2025-05-15T19:50:17.817Z,10,GR86-036-98,-0.9,-0.108,-0.288,2.92,4.0,,0.0,0.0,
2025-05-15T19:50:17.864Z,10,GR86-036-98,-3.2,-0.184,-0.356,2.69,4.0,6209.0,0.0,0.0,165.11
2025-05-15T19:50:17.908Z,10,GR86-036-98,-4.7,-0.218,-0.427,2.6,4.0,,0.0,0.0,
2025-05-15T19:50:17.955Z,10,GR86-036-98,-5.2,-0.174,-0.493,2.56,4.0,,0.0,0.0,
2025-05-15T19:50:17.999Z,10,GR86-036-98,-5.300000000000001,-0.144,-0.508,2.52,4.0,,0.0,0.0,
2025-05-15T19:50:18.044Z,10,GR86-036-98,-5.300000000000001,-0.208,-0.553,2.51,4.0,,0.0,0.0,
2025-05-15T19:50:18.088Z,10,GR86-036-98,-5.300000000000001,-0.185,-0.529,2.48,4.0,6307.0,0.0,0.0,164.16
2025-05-15T19:50:18.134Z,10,GR86-036-98,-5.300000000000001,-0.155,-0.562,2.48,4.0,,0.0,0.0,
2025-05-15T19:50:18.178Z,10,GR86-036-98,-5.300000000000001,-0.163,-0.621,2.49,4.0,,0.0,0.0,
2025-05-15T19:50:18.223Z,10,GR86-036-98,-5.300000000000001,-0.241,-0.591,2.48,4.0,,0.0,0.0,
2025-05-15T19:50:18.268Z,10,GR86-036-98,-5.2,-0.186,-0.603,2.48,4.0,,0.0,0.0,
2025-05-15T19:50:18.314Z,10,GR86-036-98,-5.300000000000001,-0.132,-0.596,2.48,4.0,6276.0,0.0,0.0,163.16
2025-05-15T19:50:18.358Z,10,GR86-036-98,-5.2,-0.135,-0.554,2.48,4.0,,0.0,0.0,
2025-05-15T19:50:18.404Z,10,GR86-036-98,-5.2,-0.193,-0.518,2.47,4.0,,0.0,0.0,
2025-05-15T19:50:18.448Z,10,GR86-036-98,-5.2,-0.194,-0.499,2.48,4.0,,0.0,0.0,
2025-05-15T19:50:18.494Z,10,GR86-036-98,-5.0,-0.188,-0.473,2.48,4.0,,0.0,0.0,
2025-05-15T19:50:18.538Z,10,GR86-036-98,-2.3000000000000003,-0.123,-0.451,2.48,4.0,6256.0,0.0,0.0,162.22
2025-05-15T19:50:18.584Z,10,GR86-036-98,0.3,-0.219,-0.474,2.48,4.0,,0.0,0.0,
2025-05-15T19:50:18.628Z,10,GR86-036-98,1.2000000000000002,-0.173,-0.44,2.48,4.0,,2.76,2.975,
2025-05-15T19:50:18.673Z,10,GR86-036-98,2.0,-0.118,-0.349,2.48,4.0,,6.625,6.775,
2025-05-15T19:50:18.717Z,10,GR86-036-98,2.3000000000000003,-0.223,-0.255,2.48,4.0,,11.095,11.245,
2025-05-15T19:50:18.761Z,10,GR86-036-98,2.9000000000000004,-0.275,-0.159,2.47,4.0,6141.0,16.97,17.0,160.01
2025-05-15T19:50:18.805Z,10,GR86-036-98,3.9,-0.495,-0.128,2.48,4.0,,25.575,25.545,
2025-05-15T19:50:18.849Z,10,GR86-036-98,4.2,-0.5670000000000001,-0.078,2.47,4.0,,29.77,29.68,
2025-05-15T19:50:18.893Z,10,GR86-036-98,4.6000000000000005,-0.659,-0.065,2.48,4.0,,33.22,32.96,
2025-05-15T19:50:18.938Z,10,GR86-036-98,5.6000000000000005,-0.769,-0.049,2.48,4.0,,36.15,36.09,
2025-05-15T19:50:18.984Z,10,GR86-036-98,8.200000000000001,-0.8250000000000001,-0.057,2.48,4.0,5866.0,37.77,37.83,156.06
2025-05-15T19:50:19.028Z,10,GR86-036-98,11.7,-0.8310000000000001,-0.047,2.48,4.0,,38.105,38.44,
2025-05-15T19:50:19.073Z,10,GR86-036-98,13.3,-0.8180000000000001,-0.007,2.49,4.0,,37.98,38.47,
2025-05-15T19:50:19.117Z,10,GR86-036-98,13.4,-0.9,-0.023,2.48,4.0,,37.385,38.075,
2025-05-15T19:50:19.161Z,10,GR86-036-98,13.4,-0.898,-0.026,2.48,4.0,,37.42,37.98,
2025-05-15T19:50:19.205Z,10,GR86-036-98,13.4,-0.902,-0.007,2.48,4.0,5648.0,37.385,37.8,150.46
2025-05-15T19:50:19.249Z,10,GR86-036-98,13.4,-0.875,-0.026,2.48,4.0,,37.385,37.705,
2025-05-15T19:50:19.294Z,10,GR86-036-98,13.4,-0.8130000000000001,-0.01,2.48,4.0,,37.145,37.705,
2025-05-15T19:50:19.338Z,10,GR86-036-98,13.4,-0.806,0.016,23.74,4.0,,36.84,37.74,
2025-05-15T19:50:19.384Z,10,GR86-036-98,13.4,-0.766,0.01,92.79,4.0,,36.67,37.42,
2025-05-15T19:50:19.428Z,10,GR86-036-98,13.3,-0.918,0.037,99.9,4.0,5448.0,36.7,37.645,144.53
2025-05-15T19:50:19.473Z,10,GR86-036-98,13.3,-0.755,-0.015,87.41,3.0,,36.455,37.175,
2025-05-15T19:50:19.517Z,10,GR86-036-98,13.3,-0.849,-0.002,15.29,3.0,,36.7,37.355,
2025-05-15T19:50:19.564Z,10,GR86-036-98,13.3,-0.968,0.057,3.85,3.0,,36.9,37.385,
2025-05-15T19:50:19.608Z,10,GR86-036-98,13.3,-0.8,-0.018,3.59,3.0,,36.99,37.525,
2025-05-15T19:50:19.655Z,10,GR86-036-98,13.3,-0.859,0.066,3.34,3.0,6042.0,37.05,37.83,138.94
2025-05-15T19:50:19.699Z,10,GR86-036-98,14.8,-0.882,0.057,3.08,3.0,,37.05,37.355,
2025-05-15T19:50:19.744Z,10,GR86-036-98,15.9,-0.891,0.096,2.77,3.0,,37.385,37.74,
2025-05-15T19:50:19.788Z,10,GR86-036-98,16.0,-0.896,0.094,2.68,3.0,,37.385,37.86,
2025-05-15T19:50:19.833Z,10,GR86-036-98,16.6,-0.874,0.092,2.65,3.0,,37.495,38.15,
2025-05-15T19:50:19.878Z,10,GR86-036-98,17.7,-0.854,0.154,4.36,3.0,5918.0,37.385,37.98,132.97
2025-05-15T19:50:19.923Z,10,GR86-036-98,18.8,-0.896,0.191,66.57000000000001,3.0,,37.355,37.77,
2025-05-15T19:50:19.967Z,10,GR86-036-98,19.700000000000003,-0.883,0.229,99.53,3.0,,37.355,37.74,
2025-05-15T19:50:20.011Z,10,GR86-036-98,21.1,-0.8180000000000001,0.217,97.95,2.0,,37.385,38.18,
2025-05-15T19:50:20.055Z,10,GR86-036-98,22.4,-0.913,0.185,38.57,2.0,,37.385,37.705,
2025-05-15T19:50:20.099Z,10,GR86-036-98,22.5,-1.041,0.314,3.81,2.0,5654.0,38.47,40.06,126.96
2025-05-15T19:50:20.144Z,10,GR86-036-98,22.5,-0.947,0.208,2.87,2.0,,38.5,39.43,
2025-05-15T19:50:20.188Z,10,GR86-036-98,22.6,-0.94,0.367,2.74,2.0,,37.295,37.45,
2025-05-15T19:50:20.234Z,10,GR86-036-98,22.6,-0.871,0.454,2.67,2.0,,36.335,37.11,
2025-05-15T19:50:20.278Z,10,GR86-036-98,22.700000000000003,-0.795,0.314,2.61,2.0,,34.52,35.405,
2025-05-15T19:50:20.323Z,10,GR86-036-98,22.700000000000003,-0.658,0.476,2.56,2.0,6348.0,32.2,33.465,120.74
2025-05-15T19:50:20.367Z,10,GR86-036-98,22.700000000000003,-0.833,0.434,2.5500000000000003,2.0,,31.68,32.84,
2025-05-15T19:50:20.455Z,10,GR86-036-98,25.700000000000003,-0.846,0.468,2.54,2.0,,31.39,32.78,
2025-05-15T19:50:20.499Z,10,GR86-036-98,35.300000000000004,-0.804,0.513,2.52,2.0,,31.085,32.305,
2025-05-15T19:50:20.544Z,10,GR86-036-98,42.900000000000006,-0.743,0.624,2.51,2.0,5999.0,31.115,32.445,109.85
2025-05-15T19:50:20.588Z,10,GR86-036-98,44.6,-0.714,0.62,2.51,2.0,,31.115,32.410000000000004,
2025-05-15T19:50:20.634Z,10,GR86-036-98,44.6,-0.761,0.681,2.51,2.0,,30.795,32.17,
2025-05-15T19:50:20.678Z,10,GR86-036-98,44.7,-0.729,0.728,2.52,2.0,,30.58,32.105000000000004,
2025-05-15T19:50:20.724Z,10,GR86-036-98,45.0,-0.737,0.733,2.5,2.0,,28.9,30.55,
2025-05-15T19:50:20.768Z,10,GR86-036-98,45.2,-0.742,0.811,2.51,2.0,5582.0,23.59,25.33,105.22
2025-05-15T19:50:20.814Z,10,GR86-036-98,45.6,-0.477,0.873,2.49,2.0,,13.795,15.03,
2025-05-15T19:50:20.858Z,10,GR86-036-98,46.7,-0.327,0.965,2.48,2.0,,4.775,5.74,
2025-05-15T19:50:20.904Z,10,GR86-036-98,52.2,-0.236,1.015,2.51,2.0,,0.0,0.0,
2025-05-15T19:50:20.948Z,10,GR86-036-98,55.0,-0.195,1.013,2.51,2.0,,0.0,0.0,
2025-05-15T19:50:20.993Z,10,GR86-036-98,58.8,-0.128,1.084,2.49,2.0,5473.0,0.0,0.0,101.27
2025-05-15T19:50:21.037Z,10,GR86-036-98,60.5,-0.134,1.118,2.5,2.0,,0.0,0.0,
2025-05-15T19:50:21.084Z,10,GR86-036-98,60.6,-0.169,1.155,2.51,2.0,,0.0,0.0,
2025-05-15T19:50:21.128Z,10,GR86-036-98,60.7,-0.161,1.156,2.51,2.0,,0.0,0.0,
2025-05-15T19:50:21.173Z,10,GR86-036-98,61.1,-0.158,1.217,2.48,2.0,,0.0,0.0,
2025-05-15T19:50:21.217Z,10,GR86-036-98,63.3,-0.149,1.176,2.51,2.0,5450.0,0.0,0.0,99.34
2025-05-15T19:50:21.261Z,10,GR86-036-98,65.3,-0.141,1.141,2.49,2.0,,0.0,0.0,
2025-05-15T19:50:21.305Z,10,GR86-036-98,69.8,-0.172,1.196,2.48,2.0,,0.0,0.0,
2025-05-15T19:50:21.349Z,10,GR86-036-98,70.5,-0.125,1.043,2.51,2.0,,0.0,0.0,
2025-05-15T19:50:21.394Z,10,GR86-036-98,70.5,-0.142,1.375,4.4,2.0,,0.0,0.0,
2025-05-15T19:50:21.438Z,10,GR86-036-98,70.5,-0.199,1.119,7.58,2.0,5387.0,0.0,0.0,98.03
2025-05-15T19:50:21.484Z,10,GR86-036-98,68.7,-0.127,1.299,7.79,2.0,,0.0,0.0,
2025-05-15T19:50:21.528Z,10,GR86-036-98,68.7,-0.201,1.208,18.16,2.0,,0.0,0.0,
2025-05-15T19:50:21.573Z,10,GR86-036-98,68.7,-0.159,1.368,20.22,2.0,,0.0,0.0,
2025-05-15T19:50:21.617Z,10,GR86-036-98,69.8,-0.137,1.263,20.5,2.0,,0.0,0.0,
2025-05-15T19:50:21.663Z,10,GR86-036-98,70.0,-0.09,1.318,21.13,2.0,5257.0,0.0,0.0,96.71
2025-05-15T19:50:21.708Z,10,GR86-036-98,70.0,-0.08,1.308,21.64,2.0,,0.0,0.0,
2025-05-15T19:50:21.752Z,10,GR86-036-98,70.10000000000001,-0.027,1.096,22.02,2.0,,0.0,0.0,
2025-05-15T19:50:21.799Z,10,GR86-036-98,70.2,0.138,1.112,21.99,2.0,,0.0,0.0,
2025-05-15T19:50:21.844Z,10,GR86-036-98,69.9,0.063,1.107,21.98,2.0,,0.0,0.0,
2025-05-15T19:50:21.888Z,10,GR86-036-98,69.0,0.086,1.142,21.99,2.0,5445.0,0.0,0.0,95.59
2025-05-15T19:50:21.934Z,10,GR86-036-98,67.60000000000001,0.005,1.287,22.84,2.0,,0.0,0.0,
2025-05-15T19:50:21.978Z,10,GR86-036-98,67.4,0.166,1.224,22.92,2.0,,0.0,0.0,
2025-05-15T19:50:22.023Z,10,GR86-036-98,67.9,0.201,1.153,22.94,2.0,,0.0,0.0,
2025-05-15T19:50:22.068Z,10,GR86-036-98,76.10000000000001,0.076,1.138,23.26,2.0,,0.0,0.0,
2025-05-15T19:50:22.114Z,10,GR86-036-98,82.7,0.03,1.131,24.53,2.0,5477.0,0.0,0.0,94.26
2025-05-15T19:50:22.158Z,10,GR86-036-98,84.5,0.094,1.124,24.97,2.0,,0.0,0.0,
2025-05-15T19:50:22.204Z,10,GR86-036-98,84.7,0.088,1.254,25.61,2.0,,0.0,0.0,
2025-05-15T19:50:22.294Z,10,GR86-036-98,84.2,0.097,1.217,25.65,2.0,,0.0,0.0,
2025-05-15T19:50:22.338Z,10,GR86-036-98,80.30000000000001,0.117,1.224,24.07,2.0,5396.0,0.0,0.0,94.43
2025-05-15T19:50:22.384Z,10,GR86-036-98,80.30000000000001,0.097,1.187,23.86,2.0,,0.0,0.0,
2025-05-15T19:50:22.428Z,10,GR86-036-98,83.80000000000001,0.135,1.146,23.73,2.0,,0.0,0.0,
2025-05-15T19:50:22.473Z,10,GR86-036-98,88.9,0.105,1.095,23.25,2.0,,0.0,0.0,
2025-05-15T19:50:22.517Z,10,GR86-036-98,93.2,0.1,1.131,22.67,2.0,,0.0,0.0,
2025-05-15T19:50:22.564Z,10,GR86-036-98,93.3,0.016,1.421,22.95,2.0,5477.0,0.0,0.0,95.17
2025-05-15T19:50:22.608Z,10,GR86-036-98,91.8,-0.018,1.285,23.86,2.0,,0.0,0.0,
2025-05-15T19:50:22.652Z,10,GR86-036-98,87.4,0.068,1.394,23.89,2.0,,0.0,0.0,
2025-05-15T19:50:22.699Z,10,GR86-036-98,84.2,0.153,1.474,23.66,2.0,,0.0,0.0,
2025-05-15T19:50:22.744Z,10,GR86-036-98,79.80000000000001,0.148,1.196,23.1,2.0,,0.0,0.0,
2025-05-15T19:50:22.788Z,10,GR86-036-98,79.4,0.147,1.16,23.08,2.0,5511.0,0.0,0.0,95.8
2025-05-15T19:50:22.834Z,10,GR86-036-98,78.4,0.011,1.126,23.32,2.0,,0.0,0.0,
2025-05-15T19:50:22.878Z,10,GR86-036-98,77.60000000000001,-0.008,1.045,24.98,2.0,,0.0,0.0,
2025-05-15T19:50:22.923Z,10,GR86-036-98,76.80000000000001,0.173,1.286,25.63,2.0,,0.0,0.0,
2025-05-15T19:50:22.967Z,10,GR86-036-98,76.80000000000001,0.057,1.171,25.32,2.0,,0.0,0.0,
2025-05-15T19:50:23.011Z,10,GR86-036-98,76.80000000000001,-0.082,1.196,28.17,2.0,5630.0,0.0,0.0,95.3
2025-05-15T19:50:23.055Z,10,GR86-036-98,76.80000000000001,-0.053,1.013,31.05,2.0,,0.0,0.0,
2025-05-15T19:50:23.099Z,10,GR86-036-98,77.0,0.002,1.017,31.42,2.0,,0.0,0.0,
2025-05-15T19:50:23.144Z,10,GR86-036-98,77.0,0.184,1.058,29.3,2.0,,0.0,0.0,
2025-05-15T19:50:23.188Z,10,GR86-036-98,76.9,-0.066,1.017,30.82,2.0,,0.0,0.0,
2025-05-15T19:50:23.234Z,10,GR86-036-98,72.4,0.089,1.163,31.27,2.0,6070.0,0.0,0.0,95.78
2025-05-15T19:50:23.278Z,10,GR86-036-98,66.2,0.212,1.08,31.29,2.0,,0.0,0.0,
2025-05-15T19:50:23.323Z,10,GR86-036-98,58.6,-0.13,1.103,31.58,2.0,,0.0,0.0,
2025-05-15T19:50:23.368Z,10,GR86-036-98,54.400000000000006,0.463,1.64,32.35,2.0,,0.0,0.0,
2025-05-15T19:50:23.414Z,10,GR86-036-98,52.0,0.446,1.433,32.5,2.0,,0.0,0.0,
2025-05-15T19:50:23.458Z,10,GR86-036-98,50.3,0.407,1.415,27.93,2.0,6097.0,0.0,0.0,96.2
2025-05-15T19:50:23.504Z,10,GR86-036-98,41.7,0.242,1.471,26.21,2.0,,0.0,0.0,
2025-05-15T19:50:23.548Z,10,GR86-036-98,34.300000000000004,0.131,1.228,27.32,2.0,,0.0,0.0,
2025-05-15T19:50:23.594Z,10,GR86-036-98,19.700000000000003,0.097,1.031,28.02,2.0,,0.0,0.0,
2025-05-15T19:50:23.638Z,10,GR86-036-98,8.6,0.147,1.067,28.18,2.0,,0.0,0.0,
2025-05-15T19:50:23.684Z,10,GR86-036-98,-4.800000000000001,0.202,0.754,27.33,2.0,5587.0,0.0,0.0,97.59
2025-05-15T19:50:23.728Z,10,GR86-036-98,-5.800000000000001,0.212,0.8250000000000001,26.64,2.0,,0.0,0.0,
2025-05-15T19:50:23.773Z,10,GR86-036-98,-5.9,0.311,0.874,26.71,2.0,,0.0,0.0,
2025-05-15T19:50:23.817Z,10,GR86-036-98,-5.9,0.042,0.229,30.55,2.0,,0.0,0.0,
2025-05-15T19:50:23.864Z,10,GR86-036-98,-5.9,0.197,0.7010000000000001,31.61,2.0,,0.0,0.0,
2025-05-15T19:50:23.908Z,10,GR86-036-98,-5.9,0.333,0.46,30.17,2.0,5628.0,0.0,0.0,96.53
2025-05-15T19:50:23.955Z,10,GR86-036-98,-4.1000000000000005,0.317,0.254,29.31,2.0,,0.0,0.0,
2025-05-15T19:50:23.999Z,10,GR86-036-98,-1.8,0.223,0.189,30.15,2.0,,0.0,0.0,
2025-05-15T19:50:24.088Z,10,GR86-036-98,-1.1,0.073,-0.059,38.19,2.0,,0.0,0.0,
2025-05-15T19:50:24.134Z,10,GR86-036-98,-1.1,0.185,-0.143,39.64,2.0,5715.0,0.0,0.0,96.18
2025-05-15T19:50:24.178Z,10,GR86-036-98,-1.7000000000000002,0.254,-0.222,39.43,2.0,,0.0,0.0,
2025-05-15T19:50:24.223Z,10,GR86-036-98,-6.9,0.226,-0.198,39.51,2.0,,0.0,0.0,
2025-05-15T19:50:24.268Z,10,GR86-036-98,-13.4,0.182,-0.3,39.53,2.0,,0.0,0.0,
2025-05-15T19:50:24.314Z,10,GR86-036-98,-21.8,0.192,-0.325,39.31,2.0,,0.0,0.0,
2025-05-15T19:50:24.358Z,10,GR86-036-98,-30.6,0.17,-0.416,39.0,2.0,5743.0,0.0,0.0,98.57
2025-05-15T19:50:24.404Z,10,GR86-036-98,-38.900000000000006,0.168,-0.591,38.96,2.0,,0.0,0.0,
2025-05-15T19:50:24.448Z,10,GR86-036-98,-40.2,0.161,-0.639,39.19,2.0,,0.0,0.0,
2025-05-15T19:50:24.494Z,10,GR86-036-98,-40.3,0.121,-0.792,39.57,2.0,,0.0,0.0,
2025-05-15T19:50:24.538Z,10,GR86-036-98,-40.3,0.14,-0.775,39.74,2.0,,0.0,0.0,
2025-05-15T19:50:24.584Z,10,GR86-036-98,-39.900000000000006,0.189,-0.924,39.87,2.0,5857.0,0.0,0.0,100.03
2025-05-15T19:50:24.628Z,10,GR86-036-98,-37.4,0.139,-0.923,39.9,2.0,,0.0,0.0,
2025-05-15T19:50:24.673Z,10,GR86-036-98,-35.4,0.132,-0.956,39.9,2.0,,0.0,0.0,
2025-05-15T19:50:24.717Z,10,GR86-036-98,-35.2,0.127,-1.043,39.78,2.0,,0.0,0.0,
2025-05-15T19:50:24.764Z,10,GR86-036-98,-35.1,0.082,-1.158,39.02,2.0,,0.0,0.0,
2025-05-15T19:50:24.808Z,10,GR86-036-98,-34.300000000000004,-0.033,-0.8250000000000001,39.35,2.0,5958.0,0.0,0.0,102.56
2025-05-15T19:50:24.855Z,10,GR86-036-98,-32.0,0.08,-1.01,39.61,2.0,,0.0,0.0,
2025-05-15T19:50:24.899Z,10,GR86-036-98,-29.8,0.314,-0.86,38.05,2.0,,0.0,0.0,
2025-05-15T19:50:24.944Z,10,GR86-036-98,-25.6,0.082,-0.795,37.55,2.0,,0.0,0.0,
2025-05-15T19:50:24.988Z,10,GR86-036-98,-24.4,0.103,-0.6960000000000001,37.75,2.0,,0.0,0.0,
2025-05-15T19:50:25.034Z,10,GR86-036-98,-24.3,0.167,-0.719,37.88,2.0,6134.0,0.0,0.0,104.03
2025-05-15T19:50:25.078Z,10,GR86-036-98,-24.4,0.157,-0.763,37.92,2.0,,0.0,0.0,
2025-05-15T19:50:25.123Z,10,GR86-036-98,-24.4,-0.056,-0.762,39.35,2.0,,0.0,0.0,
2025-05-15T19:50:25.168Z,10,GR86-036-98,-24.5,0.126,-0.866,39.9,2.0,,0.0,0.0,
2025-05-15T19:50:25.214Z,10,GR86-036-98,-24.6,0.167,-0.776,39.74,2.0,,0.0,0.0,
2025-05-15T19:50:25.258Z,10,GR86-036-98,-24.6,0.15,-1.023,39.87,2.0,6340.0,0.0,0.0,103.68
2025-05-15T19:50:25.304Z,10,GR86-036-98,-17.2,0.449,-1.136,41.49,2.0,,0.0,0.0,
2025-05-15T19:50:25.348Z,10,GR86-036-98,-8.9,0.422,-0.967,41.5,2.0,,0.0,0.0,
2025-05-15T19:50:25.394Z,10,GR86-036-98,-2.0,0.282,-1.044,45.63,2.0,,0.0,0.0,
2025-05-15T19:50:25.438Z,10,GR86-036-98,0.3,0.216,-0.845,47.870000000000005,2.0,,0.0,0.0,
2025-05-15T19:50:25.484Z,10,GR86-036-98,-1.0,0.19,-0.67,46.63,2.0,6569.0,0.0,0.0,104.12
2025-05-15T19:50:25.528Z,10,GR86-036-98,-9.4,0.211,-0.794,46.03,2.0,,0.0,0.0,
2025-05-15T19:50:25.573Z,10,GR86-036-98,-16.3,0.057,-0.539,46.16,2.0,,0.0,0.0,
2025-05-15T19:50:25.617Z,10,GR86-036-98,-19.0,0.108,-0.785,47.41,2.0,,0.0,0.0,
2025-05-15T19:50:25.708Z,10,GR86-036-98,-19.0,0.305,-0.8290000000000001,47.4,2.0,6234.0,0.0,0.0,106.66
2025-05-15T19:50:25.755Z,10,GR86-036-98,-7.1000000000000005,0.231,-0.677,47.96,2.0,,0.0,0.0,
2025-05-15T19:50:25.799Z,10,GR86-036-98,-3.9,0.213,-0.663,48.48,2.0,,0.0,0.0,
2025-05-15T19:50:25.844Z,10,GR86-036-98,-3.4000000000000004,0.215,-0.449,48.2,2.0,,0.0,0.0,
2025-05-15T19:50:25.888Z,10,GR86-036-98,-3.4000000000000004,0.212,-0.42,47.43,2.0,,0.0,0.0,
2025-05-15T19:50:25.934Z,10,GR86-036-98,-2.7,0.248,-0.348,45.35,2.0,6273.0,0.0,0.0,107.01
2025-05-15T19:50:25.978Z,10,GR86-036-98,-0.8,0.226,-0.246,36.82,2.0,,0.0,0.0,
2025-05-15T19:50:26.024Z,10,GR86-036-98,3.5,0.2,-0.207,23.47,2.0,,0.0,0.0,
2025-05-15T19:50:26.068Z,10,GR86-036-98,5.4,0.213,-0.135,3.79,2.0,,0.0,0.0,
2025-05-15T19:50:26.114Z,10,GR86-036-98,8.0,0.139,-0.079,4.37,2.0,,0.0,0.0,
2025-05-15T19:50:26.158Z,10,GR86-036-98,12.4,-0.002,-0.049,4.11,2.0,6335.0,4.775,5.05,110.43
2025-05-15T19:50:26.204Z,10,GR86-036-98,20.3,-0.107,0.078,3.72,2.0,,9.66,9.905,
2025-05-15T19:50:26.248Z,10,GR86-036-98,25.0,-0.396,0.127,3.35,2.0,,13.14,13.245,
2025-05-15T19:50:26.294Z,10,GR86-036-98,28.0,-0.524,0.231,3.0,2.0,,16.435,16.59,
2025-05-15T19:50:26.338Z,10,GR86-036-98,28.700000000000003,-0.442,0.29,2.78,2.0,,18.74,18.68,
2025-05-15T19:50:26.384Z,10,GR86-036-98,29.0,-0.427,0.331,2.61,2.0,6162.0,20.695,20.725,110.98
2025-05-15T19:50:26.428Z,10,GR86-036-98,29.3,-0.499,0.434,2.58,2.0,,21.595,21.805,
2025-05-15T19:50:26.473Z,10,GR86-036-98,29.8,-0.533,0.426,2.54,2.0,,22.645,22.735,
2025-05-15T19:50:26.517Z,10,GR86-036-98,30.8,-0.577,0.495,2.52,2.0,,24.05,24.2,
2025-05-15T19:50:26.564Z,10,GR86-036-98,33.300000000000004,-0.59,0.5710000000000001,2.49,2.0,,25.15,25.485,
2025-05-15T19:50:26.608Z,10,GR86-036-98,34.2,-0.58,0.59,2.49,2.0,5919.0,25.21,25.455,107.55
2025-05-15T19:50:26.655Z,10,GR86-036-98,34.7,-0.607,0.643,2.48,2.0,,25.21,25.835,
2025-05-15T19:50:26.699Z,10,GR86-036-98,34.7,-0.599,0.65,2.49,2.0,,25.21,25.485,
2025-05-15T19:50:26.744Z,10,GR86-036-98,34.9,-0.579,0.638,2.48,2.0,,25.21,25.485,
2025-05-15T19:50:26.788Z,10,GR86-036-98,34.9,-0.581,0.6880000000000001,2.48,2.0,,25.21,25.635,
2025-05-15T19:50:26.834Z,10,GR86-036-98,34.9,-0.5660000000000001,0.712,2.49,2.0,5655.0,24.995,25.36,104.16
2025-05-15T19:50:26.878Z,10,GR86-036-98,35.0,-0.594,0.765,2.48,2.0,,24.89,25.575,
2025-05-15T19:50:26.923Z,10,GR86-036-98,35.0,-0.608,0.8260000000000001,2.49,2.0,,23.865,24.765,
2025-05-15T19:50:26.968Z,10,GR86-036-98,35.1,-0.5640000000000001,0.8140000000000001,2.51,2.0,,21.775,22.935,
2025-05-15T19:50:27.014Z,10,GR86-036-98,35.1,-0.524,0.875,2.58,2.0,,19.305,20.815,
2025-05-15T19:50:27.058Z,10,GR86-036-98,35.1,-0.49,0.915,2.77,2.0,5308.0,17.185,18.265,100.27
2025-05-15T19:50:27.104Z,10,GR86-036-98,35.1,-0.435,0.927,3.18,2.0,,13.14,14.545,
2025-05-15T19:50:27.148Z,10,GR86-036-98,35.1,-0.384,0.93,3.37,2.0,,8.040000000000001,9.25,
2025-05-15T19:50:27.194Z,10,GR86-036-98,35.1,-0.293,0.963,3.49,2.0,,3.495,4.3950000000000005,
2025-05-15T19:50:27.238Z,10,GR86-036-98,35.1,-0.232,0.967,3.72,2.0,,0.0,0.0,
2025-05-15T19:50:27.284Z,10,GR86-036-98,36.9,-0.132,0.969,4.73,2.0,5082.0,0.0,0.0,96.52
2025-05-15T19:50:27.328Z,10,GR86-036-98,39.6,-0.14,0.966,4.98,2.0,,0.0,0.0,
2025-05-15T19:50:27.373Z,10,GR86-036-98,41.7,-0.131,0.927,5.09,2.0,,0.0,0.0,
2025-05-15T19:50:27.417Z,10,GR86-036-98,42.7,-0.146,0.926,6.16,2.0,,0.0,0.0,
2025-05-15T19:50:27.461Z,10,GR86-036-98,43.6,-0.123,0.875,6.5200000000000005,2.0,,0.0,0.0,
2025-05-15T19:50:27.505Z,10,GR86-036-98,46.1,-0.095,0.841,6.61,2.0,5162.0,0.0,0.0,94.04
2025-05-15T19:50:27.549Z,10,GR86-036-98,48.5,-0.096,0.844,7.23,2.0,,0.0,0.0,
2025-05-15T19:50:27.593Z,10,GR86-036-98,51.0,-0.1,0.852,8.44,2.0,,0.0,0.0,
2025-05-15T19:50:27.637Z,10,GR86-036-98,52.8,-0.097,0.8280000000000001,8.57,2.0,,0.0,0.0,
2025-05-15T19:50:27.684Z,10,GR86-036-98,55.2,-0.095,0.839,10.57,2.0,,0.0,0.0,
2025-05-15T19:50:27.728Z,10,GR86-036-98,56.1,-0.113,0.909,17.45,2.0,5142.0,0.0,0.0,91.89
2025-05-15T19:50:27.773Z,10,GR86-036-98,56.8,-0.086,0.879,17.580000000000002,2.0,,0.0,0.0,
2025-05-15T19:50:27.817Z,10,GR86-036-98,57.7,-0.104,0.908,17.6,2.0,,0.0,0.0,
2025-05-15T19:50:27.861Z,10,GR86-036-98,59.3,-0.081,0.883,17.06,2.0,,0.0,0.0,
2025-05-15T19:50:27.908Z,10,GR86-036-98,61.2,-0.063,0.917,15.48,2.0,,0.0,0.0,
2025-05-15T19:50:27.952Z,10,GR86-036-98,61.6,-0.011,0.904,14.21,2.0,5241.0,0.0,0.0,90.48
2025-05-15T19:50:27.996Z,10,GR86-036-98,61.7,0.133,0.917,12.03,2.0,,0.0,0.0,
2025-05-15T19:50:28.040Z,10,GR86-036-98,61.7,0.089,0.951,12.67,2.0,,0.0,0.0,
2025-05-15T19:50:28.084Z,10,GR86-036-98,61.7,-0.036,0.988,17.26,2.0,,0.0,0.0,
2025-05-15T19:50:28.128Z,10,GR86-036-98,61.7,-0.079,1.016,17.05,2.0,,0.0,0.0,
2025-05-15T19:50:28.173Z,10,GR86-036-98,61.7,-0.045,0.987,13.78,2.0,5056.0,0.0,0.0,90.4
2025-05-15T19:50:28.217Z,10,GR86-036-98,61.7,-0.012,1.112,10.63,2.0,,0.0,0.0,
2025-05-15T19:50:28.263Z,10,GR86-036-98,61.7,0.03,1.012,6.65,2.0,,0.0,0.0,
2025-05-15T19:50:28.308Z,10,GR86-036-98,61.7,-0.007,1.092,6.9,2.0,,0.0,0.0,
2025-05-15T19:50:28.352Z,10,GR86-036-98,61.7,-0.005,1.05,7.12,2.0,,0.0,0.0,
2025-05-15T19:50:28.399Z,10,GR86-036-98,61.7,-0.062,1.003,7.46,2.0,5088.0,0.0,0.0,90.32
2025-05-15T19:50:28.444Z,10,GR86-036-98,61.7,-0.069,1.024,13.48,2.0,,0.0,0.0,
2025-05-15T19:50:28.488Z,10,GR86-036-98,61.7,-0.062,0.976,16.5,2.0,,0.0,0.0,
2025-05-15T19:50:28.534Z,10,GR86-036-98,61.7,-0.094,0.968,18.06,2.0,,0.0,0.0,
2025-05-15T19:50:28.578Z,10,GR86-036-98,61.400000000000006,-0.213,1.028,21.71,2.0,,0.0,0.0,
2025-05-15T19:50:28.624Z,10,GR86-036-98,60.6,-0.068,0.943,21.78,2.0,4889.0,0.0,0.0,89.84
2025-05-15T19:50:28.714Z,10,GR86-036-98,60.3,0.108,0.851,21.86,2.0,,0.0,0.0,
2025-05-15T19:50:28.758Z,10,GR86-036-98,60.1,0.279,0.955,21.89,2.0,,0.0,0.0,
2025-05-15T19:50:28.804Z,10,GR86-036-98,59.7,0.142,0.903,21.92,2.0,,0.0,0.0,
2025-05-15T19:50:28.848Z,10,GR86-036-98,59.7,0.044,0.96,21.96,2.0,5312.0,0.0,0.0,89.17
2025-05-15T19:50:28.894Z,10,GR86-036-98,59.7,0.069,0.926,21.98,2.0,,0.0,0.0,
2025-05-15T19:50:28.938Z,10,GR86-036-98,59.7,0.114,0.979,21.98,2.0,,0.0,0.0,
2025-05-15T19:50:28.984Z,10,GR86-036-98,59.3,0.147,0.907,22.02,2.0,,0.0,0.0,
2025-05-15T19:50:29.028Z,10,GR86-036-98,59.1,0.113,0.864,22.02,2.0,,0.0,0.0,
2025-05-15T19:50:29.073Z,10,GR86-036-98,59.1,0.15,0.8200000000000001,22.02,2.0,5150.0,0.0,0.0,89.3
2025-05-15T19:50:29.117Z,10,GR86-036-98,59.1,0.075,0.8,22.02,2.0,,0.0,0.0,
2025-05-15T19:50:29.164Z,10,GR86-036-98,59.1,0.091,0.786,22.02,2.0,,0.0,0.0,
2025-05-15T19:50:29.208Z,10,GR86-036-98,59.3,0.126,0.8290000000000001,22.02,2.0,,0.0,0.0,
2025-05-15T19:50:29.252Z,10,GR86-036-98,63.1,0.094,0.926,22.02,2.0,,0.0,0.0,
2025-05-15T19:50:29.296Z,10,GR86-036-98,67.4,0.16,0.839,22.02,2.0,5124.0,0.0,0.0,88.95
2025-05-15T19:50:29.340Z,10,GR86-036-98,70.4,0.084,0.905,22.02,2.0,,0.0,0.0,
2025-05-15T19:50:29.384Z,10,GR86-036-98,71.5,0.062,1.019,22.02,2.0,,0.0,0.0,
2025-05-15T19:50:29.428Z,10,GR86-036-98,71.5,0.064,0.971,22.02,2.0,,0.0,0.0,
2025-05-15T19:50:29.473Z,10,GR86-036-98,71.60000000000001,0.08,1.034,22.02,2.0,,0.0,0.0,
2025-05-15T19:50:29.517Z,10,GR86-036-98,71.60000000000001,0.103,1.086,22.02,2.0,5194.0,0.0,0.0,89.59
2025-05-15T19:50:29.561Z,10,GR86-036-98,71.60000000000001,0.071,1.099,22.02,2.0,,0.0,0.0,
2025-05-15T19:50:29.605Z,10,GR86-036-98,71.7,0.104,1.122,22.02,2.0,,0.0,0.0,
2025-05-15T19:50:29.649Z,10,GR86-036-98,71.7,0.104,1.064,22.02,2.0,,0.0,0.0,
2025-05-15T19:50:29.693Z,10,GR86-036-98,72.10000000000001,0.104,1.011,22.02,2.0,,0.0,0.0,
2025-05-15T19:50:29.738Z,10,GR86-036-98,72.4,0.109,1.2,22.02,2.0,5252.0,0.0,0.0,91.15
2025-05-15T19:50:29.784Z,10,GR86-036-98,72.5,0.065,1.108,22.03,2.0,,0.0,0.0,
2025-05-15T19:50:29.828Z,10,GR86-036-98,72.60000000000001,0.095,1.129,22.03,2.0,,0.0,0.0,
2025-05-15T19:50:29.873Z,10,GR86-036-98,72.60000000000001,0.086,1.101,22.02,2.0,,0.0,0.0,
2025-05-15T19:50:29.917Z,10,GR86-036-98,72.60000000000001,0.097,1.156,22.02,2.0,,0.0,0.0,
2025-05-15T19:50:29.964Z,10,GR86-036-98,72.60000000000001,0.06,1.191,22.44,2.0,5292.0,0.0,0.0,92.23
2025-05-15T19:50:30.008Z,10,GR86-036-98,72.60000000000001,0.093,1.102,22.96,2.0,,0.0,0.0,
2025-05-15T19:50:30.052Z,10,GR86-036-98,71.0,0.126,1.167,24.01,2.0,,0.0,0.0,
2025-05-15T19:50:30.099Z,10,GR86-036-98,68.10000000000001,0.091,1.123,25.54,2.0,,0.0,0.0,
2025-05-15T19:50:30.188Z,10,GR86-036-98,63.8,0.083,1.071,25.87,2.0,5299.0,0.0,0.0,92.62
2025-05-15T19:50:30.234Z,10,GR86-036-98,61.2,0.19,0.948,25.91,2.0,,0.0,0.0,
2025-05-15T19:50:30.278Z,10,GR86-036-98,60.900000000000006,0.124,0.994,25.93,2.0,,0.0,0.0,
2025-05-15T19:50:30.323Z,10,GR86-036-98,60.8,0.14,0.895,26.44,2.0,,0.0,0.0,
2025-05-15T19:50:30.367Z,10,GR86-036-98,60.7,0.143,0.901,27.76,2.0,,0.0,0.0,
2025-05-15T19:50:30.411Z,10,GR86-036-98,60.400000000000006,0.137,0.969,28.75,2.0,5342.0,0.0,0.0,92.84
2025-05-15T19:50:30.455Z,10,GR86-036-98,59.3,0.18,1.0,31.19,2.0,,0.0,0.0,
2025-05-15T19:50:30.499Z,10,GR86-036-98,58.7,0.188,0.79,32.230000000000004,2.0,,0.0,0.0,
2025-05-15T19:50:30.544Z,10,GR86-036-98,56.2,0.196,1.017,34.9,2.0,,0.0,0.0,
2025-05-15T19:50:30.588Z,10,GR86-036-98,53.2,0.153,0.904,38.76,2.0,,0.0,0.0,
2025-05-15T19:50:30.634Z,10,GR86-036-98,51.0,0.153,1.07,41.27,2.0,5453.0,0.0,0.0,93.34
2025-05-15T19:50:30.678Z,10,GR86-036-98,49.400000000000006,0.285,1.053,42.5,2.0,,0.0,0.0,
2025-05-15T19:50:30.724Z,10,GR86-036-98,48.900000000000006,0.317,0.933,43.53,2.0,,0.0,0.0,
2025-05-15T19:50:30.768Z,10,GR86-036-98,48.8,0.243,0.964,44.33,2.0,,0.0,0.0,
2025-05-15T19:50:30.813Z,10,GR86-036-98,48.7,0.24,0.846,44.63,2.0,,0.0,0.0,
2025-05-15T19:50:30.858Z,10,GR86-036-98,48.7,0.206,0.847,44.8,2.0,5513.0,0.0,0.0,94.51
2025-05-15T19:50:30.904Z,10,GR86-036-98,48.5,0.228,0.791,45.87,2.0,,0.0,0.0,
2025-05-15T19:50:30.948Z,10,GR86-036-98,48.400000000000006,0.272,0.731,47.5,2.0,,0.0,0.0,
2025-05-15T19:50:31.038Z,10,GR86-036-98,46.8,0.248,0.664,51.15,2.0,,0.0,0.0,
2025-05-15T19:50:31.084Z,10,GR86-036-98,43.900000000000006,0.244,0.685,51.46,2.0,5571.0,0.0,0.0,94.83
2025-05-15T19:50:31.128Z,10,GR86-036-98,40.8,0.251,0.6890000000000001,51.81,2.0,,0.0,0.0,
2025-05-15T19:50:31.173Z,10,GR86-036-98,38.8,0.269,0.667,52.23,2.0,,0.0,0.0,
2025-05-15T19:50:31.217Z,10,GR86-036-98,37.6,0.328,0.769,52.23,2.0,,0.0,0.0,
2025-05-15T19:50:31.264Z,10,GR86-036-98,36.7,0.3,0.666,53.94,2.0,,0.0,0.0,
2025-05-15T19:50:31.308Z,10,GR86-036-98,36.4,0.254,0.731,54.66,2.0,5682.0,0.0,0.0,96.21
2025-05-15T19:50:31.355Z,10,GR86-036-98,35.800000000000004,0.252,0.665,58.89,2.0,,0.0,0.0,
2025-05-15T19:50:31.399Z,10,GR86-036-98,34.5,0.267,0.638,65.46000000000001,2.0,,0.0,0.0,
2025-05-15T19:50:31.444Z,10,GR86-036-98,32.6,0.295,0.583,75.35000000000001,2.0,,0.0,0.0,
2025-05-15T19:50:31.488Z,10,GR86-036-98,31.6,0.299,0.552,75.97,2.0,,0.0,0.0,
2025-05-15T19:50:31.534Z,10,GR86-036-98,30.6,0.302,0.527,73.62,2.0,5737.0,0.0,0.0,97.93
2025-05-15T19:50:31.578Z,10,GR86-036-98,29.3,0.269,0.546,77.72,2.0,,0.0,0.0,
2025-05-15T19:50:31.623Z,10,GR86-036-98,28.9,0.272,0.503,99.51,2.0,,0.0,0.0,
2025-05-15T19:50:31.668Z,10,GR86-036-98,28.9,0.306,0.479,99.81,2.0,,0.0,0.0,
2025-05-15T19:50:31.713Z,10,GR86-036-98,28.4,0.297,0.412,99.9,2.0,,0.0,0.0,
2025-05-15T19:50:31.758Z,10,GR86-036-98,27.3,0.259,0.417,99.9,2.0,5954.0,0.0,0.0,101.54
2025-05-15T19:50:31.804Z,10,GR86-036-98,24.8,0.277,0.4,99.91,2.0,,0.0,0.0,
2025-05-15T19:50:31.848Z,10,GR86-036-98,23.5,0.311,0.393,99.9,2.0,,0.0,0.0,
2025-05-15T19:50:31.894Z,10,GR86-036-98,23.200000000000003,0.307,0.399,99.91,2.0,,0.0,0.0,
2025-05-15T19:50:31.938Z,10,GR86-036-98,23.1,0.283,0.381,99.92,2.0,,0.0,0.0,
2025-05-15T19:50:31.984Z,10,GR86-036-98,22.1,-0.053,0.383,99.93,2.0,6066.0,0.0,0.0,103.34
2025-05-15T19:50:32.028Z,10,GR86-036-98,19.9,-0.008,0.404,99.92,3.0,,0.0,0.0,
2025-05-15T19:50:32.073Z,10,GR86-036-98,17.3,0.542,0.257,99.93,3.0,,0.0,0.0,
2025-05-15T19:50:32.117Z,10,GR86-036-98,15.2,0.361,0.267,99.94,3.0,,0.0,0.0,
2025-05-15T19:50:32.164Z,10,GR86-036-98,12.0,0.27,0.291,99.93,3.0,,0.0,0.0,
2025-05-15T19:50:32.208Z,10,GR86-036-98,10.7,0.131,0.187,99.93,3.0,5183.0,0.0,0.0,104.93
2025-05-15T19:50:32.253Z,10,GR86-036-98,10.7,0.193,0.205,99.92,3.0,,0.0,0.0,
2025-05-15T19:50:32.299Z,10,GR86-036-98,10.7,0.234,0.171,99.95,3.0,,0.0,0.0,
2025-05-15T19:50:32.344Z,10,GR86-036-98,10.6,0.232,0.083,99.93,3.0,,0.0,0.0,
2025-05-15T19:50:32.389Z,10,GR86-036-98,10.5,0.224,0.092,99.94,3.0,,0.0,0.0,
2025-05-15T19:50:32.434Z,10,GR86-036-98,10.4,0.205,0.046,99.92,3.0,5094.0,0.0,0.0,106.88
2025-05-15T19:50:32.478Z,10,GR86-036-98,8.4,0.226,0.023,99.92,3.0,,0.0,0.0,
2025-05-15T19:50:32.523Z,10,GR86-036-98,7.2,0.242,0.009,72.49,3.0,,0.0,0.0,
2025-05-15T19:50:32.568Z,10,GR86-036-98,5.5,0.198,0.001,58.4,3.0,,0.0,0.0,
2025-05-15T19:50:32.614Z,10,GR86-036-98,2.8000000000000003,0.201,-0.041,52.4,3.0,,0.0,0.0,
2025-05-15T19:50:32.658Z,10,GR86-036-98,0.1,0.251,-0.038,45.81,3.0,5127.0,0.0,0.0,108.52
2025-05-15T19:50:32.704Z,10,GR86-036-98,-1.6,0.217,-0.105,44.51,3.0,,0.0,0.0,
2025-05-15T19:50:32.748Z,10,GR86-036-98,-1.7000000000000002,0.165,-0.162,44.51,3.0,,0.0,0.0,
2025-05-15T19:50:32.794Z,10,GR86-036-98,-1.7000000000000002,0.211,-0.186,44.45,3.0,,0.0,0.0,
2025-05-15T19:50:32.838Z,10,GR86-036-98,-1.7000000000000002,0.173,-0.235,41.05,3.0,,0.0,0.0,
2025-05-15T19:50:32.884Z,10,GR86-036-98,-1.9,0.145,-0.241,34.730000000000004,3.0,5187.0,0.0,0.0,110.08
2025-05-15T19:50:32.928Z,10,GR86-036-98,-2.0,0.164,-0.281,33.61,3.0,,0.0,0.0,
2025-05-15T19:50:32.973Z,10,GR86-036-98,-2.0,0.158,-0.246,33.67,3.0,,0.0,0.0,
2025-05-15T19:50:33.017Z,10,GR86-036-98,-2.1,0.122,-0.299,34.02,3.0,,0.0,0.0,
2025-05-15T19:50:33.061Z,10,GR86-036-98,-2.3000000000000003,0.161,-0.292,34.31,3.0,,0.0,0.0,
2025-05-15T19:50:33.105Z,10,GR86-036-98,-2.7,0.169,-0.304,34.72,3.0,5251.0,0.0,0.0,111.58
2025-05-15T19:50:33.149Z,10,GR86-036-98,-3.0,0.133,-0.303,35.02,3.0,,0.0,0.0,
2025-05-15T19:50:33.194Z,10,GR86-036-98,-3.6,0.143,-0.322,36.59,3.0,,0.0,0.0,
2025-05-15T19:50:33.238Z,10,GR86-036-98,-4.3,0.166,-0.298,39.27,3.0,,0.0,0.0,
2025-05-15T19:50:33.284Z,10,GR86-036-98,-5.9,0.164,-0.308,42.51,3.0,,0.0,0.0,
2025-05-15T19:50:33.328Z,10,GR86-036-98,-6.300000000000001,0.119,-0.332,42.47,3.0,5316.0,0.0,0.0,112.98
2025-05-15T19:50:33.373Z,10,GR86-036-98,-6.300000000000001,0.159,-0.342,41.96,3.0,,0.0,0.0,
2025-05-15T19:50:33.417Z,10,GR86-036-98,-6.300000000000001,0.155,-0.351,41.57,3.0,,0.0,0.0,
2025-05-15T19:50:33.464Z,10,GR86-036-98,-6.300000000000001,0.17,-0.359,40.01,3.0,,0.0,0.0,
2025-05-15T19:50:33.508Z,10,GR86-036-98,-6.300000000000001,0.159,-0.386,39.28,3.0,,0.0,0.0,
2025-05-15T19:50:33.553Z,10,GR86-036-98,-6.300000000000001,0.171,-0.35,38.35,3.0,5422.0,0.0,0.0,115.34
2025-05-15T19:50:33.599Z,10,GR86-036-98,-6.300000000000001,0.108,-0.345,37.42,3.0,,0.0,0.0,
2025-05-15T19:50:33.644Z,10,GR86-036-98,-6.300000000000001,0.111,-0.384,35.43,3.0,,0.0,0.0,
2025-05-15T19:50:33.688Z,10,GR86-036-98,-6.300000000000001,0.147,-0.397,34.5,3.0,,0.0,0.0,
2025-05-15T19:50:33.734Z,10,GR86-036-98,-6.0,0.154,-0.356,34.07,3.0,,0.0,0.0,
2025-05-15T19:50:33.778Z,10,GR86-036-98,-6.0,0.124,-0.359,32.31,3.0,5488.0,0.0,0.0,116.48
2025-05-15T19:50:33.823Z,10,GR86-036-98,-6.0,0.107,-0.353,28.87,3.0,,0.0,0.0,
2025-05-15T19:50:33.867Z,10,GR86-036-98,-6.0,0.132,-0.329,26.37,3.0,,0.0,0.0,
2025-05-15T19:50:33.911Z,10,GR86-036-98,-5.9,0.122,-0.3,24.8,3.0,,0.0,0.0,
2025-05-15T19:50:33.955Z,10,GR86-036-98,-6.0,0.082,-0.287,24.65,3.0,,0.0,0.0,
2025-05-15T19:50:33.999Z,10,GR86-036-98,-6.0,0.092,-0.275,24.65,3.0,5503.0,0.0,0.0,117.62
2025-05-15T19:50:34.044Z,10,GR86-036-98,-6.0,0.083,-0.287,24.68,3.0,,0.0,0.0,
2025-05-15T19:50:34.089Z,10,GR86-036-98,-6.0,0.073,-0.284,22.69,3.0,,0.0,0.0,
2025-05-15T19:50:34.134Z,10,GR86-036-98,-6.0,0.068,-0.311,22.24,3.0,,0.0,0.0,
2025-05-15T19:50:34.223Z,10,GR86-036-98,-6.2,0.078,-0.315,22.02,3.0,5539.0,0.0,0.0,118.51
2025-05-15T19:50:34.268Z,10,GR86-036-98,-8.5,0.031,-0.379,18.15,3.0,,0.0,0.0,
2025-05-15T19:50:34.314Z,10,GR86-036-98,-8.700000000000001,0.04,-0.441,10.04,3.0,,0.0,0.0,
2025-05-15T19:50:34.358Z,10,GR86-036-98,-8.8,0.028,-0.433,7.85,3.0,,0.0,0.0,
2025-05-15T19:50:34.404Z,10,GR86-036-98,-8.8,-0.05,-0.451,7.85,3.0,,0.0,0.0,
2025-05-15T19:50:34.448Z,10,GR86-036-98,-8.700000000000001,-0.095,-0.446,7.83,3.0,5545.0,0.0,0.0,119.14
2025-05-15T19:50:34.493Z,10,GR86-036-98,-8.8,-0.083,-0.483,7.79,3.0,,0.0,0.0,
2025-05-15T19:50:34.538Z,10,GR86-036-98,-8.8,-0.071,-0.489,7.68,3.0,,0.0,0.0,
2025-05-15T19:50:34.584Z,10,GR86-036-98,-8.8,-0.125,-0.535,6.96,3.0,,0.0,0.0,
2025-05-15T19:50:34.628Z,10,GR86-036-98,-8.8,-0.222,-0.561,7.12,3.0,,0.0,0.0,
2025-05-15T19:50:34.673Z,10,GR86-036-98,-8.8,-0.138,-0.58,6.98,3.0,5411.0,0.0,0.0,119.27
2025-05-15T19:50:34.717Z,10,GR86-036-98,-8.8,-0.094,-0.584,6.48,3.0,,0.0,0.0,
2025-05-15T19:50:34.761Z,10,GR86-036-98,-8.700000000000001,-0.121,-0.585,6.19,3.0,,0.0,0.0,
2025-05-15T19:50:34.805Z,10,GR86-036-98,-5.800000000000001,-0.158,-0.55,7.27,3.0,,0.0,0.0,
2025-05-15T19:50:34.849Z,10,GR86-036-98,-5.0,-0.14,-0.525,7.75,3.0,,0.0,0.0,
2025-05-15T19:50:34.894Z,10,GR86-036-98,-5.0,-0.132,-0.466,7.98,3.0,5463.0,0.0,0.0,118.91
2025-05-15T19:50:34.938Z,10,GR86-036-98,-5.0,-0.117,-0.462,8.42,3.0,,0.0,0.0,
2025-05-15T19:50:34.984Z,10,GR86-036-98,-5.0,-0.112,-0.423,13.93,3.0,,0.0,0.0,
2025-05-15T19:50:35.028Z,10,GR86-036-98,-4.9,-0.092,-0.379,17.88,3.0,,0.0,0.0,
2025-05-15T19:50:35.073Z,10,GR86-036-98,-4.9,-0.128,-0.348,19.99,3.0,,0.0,0.0,
2025-05-15T19:50:35.117Z,10,GR86-036-98,-4.9,-0.114,-0.338,21.07,3.0,5418.0,0.0,0.0,118.15
2025-05-15T19:50:35.163Z,10,GR86-036-98,-4.9,-0.08,-0.312,21.54,3.0,,0.0,0.0,
2025-05-15T19:50:35.208Z,10,GR86-036-98,-4.9,-0.042,-0.285,21.66,3.0,,0.0,0.0,
2025-05-15T19:50:35.252Z,10,GR86-036-98,-4.9,0.148,-0.284,21.12,3.0,,0.0,0.0,
2025-05-15T19:50:35.299Z,10,GR86-036-98,-4.9,0.14,-0.322,20.34,3.0,,0.0,0.0,
2025-05-15T19:50:35.344Z,10,GR86-036-98,-4.9,-0.012,-0.309,20.5,3.0,5365.0,0.0,0.0,116.71
2025-05-15T19:50:35.389Z,10,GR86-036-98,-4.9,-0.001,-0.299,20.48,3.0,,0.0,0.0,
2025-05-15T19:50:35.434Z,10,GR86-036-98,-4.9,0.023,-0.324,19.92,3.0,,0.0,0.0,
2025-05-15T19:50:35.478Z,10,GR86-036-98,-4.9,0.073,-0.298,19.11,3.0,,0.0,0.0,
2025-05-15T19:50:35.523Z,10,GR86-036-98,-4.9,0.029,-0.326,18.81,3.0,,0.0,0.0,
2025-05-15T19:50:35.568Z,10,GR86-036-98,-4.9,0.004,-0.303,18.71,3.0,5426.0,0.0,0.0,117.1
2025-05-15T19:50:35.614Z,10,GR86-036-98,-4.9,-0.009,-0.345,18.62,3.0,,0.0,0.0,
2025-05-15T19:50:35.658Z,10,GR86-036-98,-4.9,0.03,-0.346,18.49,3.0,,0.0,0.0,
2025-05-15T19:50:35.704Z,10,GR86-036-98,-4.9,0.019,-0.347,18.36,3.0,,0.0,0.0,
2025-05-15T19:50:35.748Z,10,GR86-036-98,-4.9,-0.019,-0.36,18.36,3.0,,0.0,0.0,
2025-05-15T19:50:35.794Z,10,GR86-036-98,-4.9,0.004,-0.367,18.59,3.0,5444.0,0.0,0.0,117.44
2025-05-15T19:50:35.838Z,10,GR86-036-98,-4.9,0.017,-0.323,19.63,3.0,,0.0,0.0,
2025-05-15T19:50:35.884Z,10,GR86-036-98,-4.9,0.032,-0.307,20.46,3.0,,0.0,0.0,
2025-05-15T19:50:35.928Z,10,GR86-036-98,-4.9,-0.011,-0.309,20.74,3.0,,0.0,0.0,
2025-05-15T19:50:35.973Z,10,GR86-036-98,-4.9,0.043,-0.282,20.79,3.0,,0.0,0.0,
2025-05-15T19:50:36.017Z,10,GR86-036-98,-4.9,0.037,-0.268,20.79,3.0,5452.0,0.0,0.0,117.63
2025-05-15T19:50:36.061Z,10,GR86-036-98,-4.9,0.024,-0.267,20.78,3.0,,0.0,0.0,
2025-05-15T19:50:36.108Z,10,GR86-036-98,-4.9,0.006,-0.324,20.39,3.0,,0.0,0.0,
2025-05-15T19:50:36.155Z,10,GR86-036-98,-4.9,0.028,-0.332,20.38,3.0,,0.0,0.0,
2025-05-15T19:50:36.199Z,10,GR86-036-98,-4.9,0.012,-0.395,20.48,3.0,,0.0,0.0,
2025-05-15T19:50:36.244Z,10,GR86-036-98,-4.9,0.019,-0.394,20.55,3.0,5476.0,0.0,0.0,117.62
2025-05-15T19:50:36.288Z,10,GR86-036-98,-4.9,0.019,-0.387,20.58,3.0,,0.0,0.0,
2025-05-15T19:50:36.334Z,10,GR86-036-98,-4.9,0.047,-0.309,20.33,3.0,,0.0,0.0,
2025-05-15T19:50:36.378Z,10,GR86-036-98,-4.9,0.023,-0.274,19.76,3.0,,0.0,0.0,
2025-05-15T19:50:36.423Z,10,GR86-036-98,-4.9,0.024,-0.279,19.05,3.0,,0.0,0.0,
2025-05-15T19:50:36.468Z,10,GR86-036-98,-4.9,0.016,-0.29,18.96,3.0,5485.0,0.0,0.0,118.36
2025-05-15T19:50:36.514Z,10,GR86-036-98,-4.9,0.029,-0.297,18.78,3.0,,0.0,0.0,
2025-05-15T19:50:36.558Z,10,GR86-036-98,-4.9,-0.016,-0.339,18.33,3.0,,0.0,0.0,
2025-05-15T19:50:36.604Z,10,GR86-036-98,-4.9,-0.003,-0.352,7.83,3.0,,0.0,0.0,
2025-05-15T19:50:36.648Z,10,GR86-036-98,-4.9,0.005,-0.373,7.0200000000000005,3.0,,0.0,0.0,
2025-05-15T19:50:36.694Z,10,GR86-036-98,-4.9,-0.036,-0.364,6.97,3.0,5491.0,0.0,0.0,118.38
2025-05-15T19:50:36.738Z,10,GR86-036-98,-4.9,-0.098,-0.369,7.19,3.0,,0.0,0.0,
2025-05-15T19:50:36.784Z,10,GR86-036-98,-4.9,-0.106,-0.408,7.66,3.0,,0.0,0.0,
2025-05-15T19:50:36.828Z,10,GR86-036-98,-4.9,-0.078,-0.416,8.8,3.0,,0.0,0.0,
2025-05-15T19:50:36.873Z,10,GR86-036-98,-4.9,-0.193,-0.41,13.24,3.0,,0.0,0.0,
2025-05-15T19:50:36.917Z,10,GR86-036-98,-4.9,-0.202,-0.404,14.32,3.0,5429.0,0.0,0.0,118.66
2025-05-15T19:50:36.964Z,10,GR86-036-98,-4.9,-0.079,-0.369,11.79,3.0,,0.0,0.0,
2025-05-15T19:50:37.008Z,10,GR86-036-98,-4.9,-0.066,-0.333,11.72,3.0,,0.0,0.0,
2025-05-15T19:50:37.052Z,10,GR86-036-98,-4.9,-0.085,-0.33,12.04,3.0,,0.0,0.0,
2025-05-15T19:50:37.099Z,10,GR86-036-98,-4.9,-0.089,-0.367,12.23,3.0,,0.0,0.0,
2025-05-15T19:50:37.144Z,10,GR86-036-98,-4.7,-0.085,-0.39,12.49,3.0,5440.0,0.0,0.0,117.77
2025-05-15T19:50:37.189Z,10,GR86-036-98,-4.3,-0.066,-0.39,12.52,3.0,,0.0,0.0,
2025-05-15T19:50:37.234Z,10,GR86-036-98,-4.0,-0.091,-0.353,12.81,3.0,,0.0,0.0,
2025-05-15T19:50:37.323Z,10,GR86-036-98,-3.8,-0.075,-0.35,14.01,3.0,,0.0,0.0,
2025-05-15T19:50:37.368Z,10,GR86-036-98,-3.5,-0.044,-0.255,16.37,3.0,5424.0,0.0,0.0,117.44
2025-05-15T19:50:37.414Z,10,GR86-036-98,-3.3000000000000003,-0.086,-0.246,18.33,3.0,,0.0,0.0,
2025-05-15T19:50:37.458Z,10,GR86-036-98,-3.3000000000000003,-0.056,-0.239,18.62,3.0,,0.0,0.0,
2025-05-15T19:50:37.504Z,10,GR86-036-98,-3.1,-0.023,-0.235,18.61,3.0,,0.0,0.0,
2025-05-15T19:50:37.548Z,10,GR86-036-98,-3.0,0.011,-0.217,18.53,3.0,,0.0,0.0,
2025-05-15T19:50:37.594Z,10,GR86-036-98,-2.9000000000000004,0.005,-0.223,17.95,3.0,5427.0,0.0,0.0,117.08
2025-05-15T19:50:37.638Z,10,GR86-036-98,-2.9000000000000004,0.028,-0.208,17.16,3.0,,0.0,0.0,
2025-05-15T19:50:37.684Z,10,GR86-036-98,-2.9000000000000004,0.006,-0.189,16.09,3.0,,0.0,0.0,
2025-05-15T19:50:37.773Z,10,GR86-036-98,-2.9000000000000004,-0.02,-0.171,16.06,3.0,,0.0,0.0,
2025-05-15T19:50:37.817Z,10,GR86-036-98,-2.9000000000000004,-0.005,-0.166,16.06,3.0,5411.0,0.0,0.0,116.96
2025-05-15T19:50:37.864Z,10,GR86-036-98,-2.9000000000000004,-0.016,-0.15,15.82,3.0,,0.0,0.0,
2025-05-15T19:50:37.908Z,10,GR86-036-98,-2.9000000000000004,-0.033,-0.168,15.85,3.0,,0.0,0.0,
2025-05-15T19:50:37.952Z,10,GR86-036-98,-2.9000000000000004,-0.009,-0.182,15.77,3.0,,0.0,0.0,
2025-05-15T19:50:37.999Z,10,GR86-036-98,-2.9000000000000004,-0.017,-0.158,15.83,3.0,,0.0,0.0,
2025-05-15T19:50:38.044Z,10,GR86-036-98,-2.9000000000000004,-0.032,-0.182,16.03,3.0,5411.0,0.0,0.0,117.06
2025-05-15T19:50:38.089Z,10,GR86-036-98,-2.9000000000000004,-0.043,-0.198,16.41,3.0,,0.0,0.0,
2025-05-15T19:50:38.134Z,10,GR86-036-98,-2.9000000000000004,-0.014,-0.217,16.46,3.0,,0.0,0.0,
2025-05-15T19:50:38.178Z,10,GR86-036-98,-2.9000000000000004,-0.023,-0.207,16.44,3.0,,0.0,0.0,
2025-05-15T19:50:38.223Z,10,GR86-036-98,-2.9000000000000004,-0.022,-0.216,16.52,3.0,,0.0,0.0,
2025-05-15T19:50:38.267Z,10,GR86-036-98,-2.9000000000000004,-0.026,-0.244,16.71,3.0,5408.0,0.0,0.0,116.99
2025-05-15T19:50:38.311Z,10,GR86-036-98,-2.9000000000000004,-0.012,-0.231,16.78,3.0,,0.0,0.0,
2025-05-15T19:50:38.355Z,10,GR86-036-98,-2.9000000000000004,-0.026,-0.246,16.77,3.0,,0.0,0.0,
2025-05-15T19:50:38.399Z,10,GR86-036-98,-2.9000000000000004,-0.009,-0.277,16.21,3.0,,0.0,0.0,
2025-05-15T19:50:38.444Z,10,GR86-036-98,-3.1,-0.012,-0.297,15.58,3.0,,0.0,0.0,
2025-05-15T19:50:38.488Z,10,GR86-036-98,-3.3000000000000003,-0.024,-0.3,15.29,3.0,5409.0,0.0,0.0,116.89
2025-05-15T19:50:38.534Z,10,GR86-036-98,-3.3000000000000003,-0.036,-0.315,14.74,3.0,,0.0,0.0,
2025-05-15T19:50:38.578Z,10,GR86-036-98,-3.4000000000000004,-0.016,-0.346,13.75,3.0,,0.0,0.0,
2025-05-15T19:50:38.623Z,10,GR86-036-98,-3.4000000000000004,-0.04,-0.338,14.22,3.0,,0.0,0.0,
2025-05-15T19:50:38.711Z,10,GR86-036-98,-3.4000000000000004,-0.045,-0.317,14.58,3.0,5405.0,0.0,0.0,116.88
2025-05-15T19:50:38.755Z,10,GR86-036-98,-3.4000000000000004,-0.057,-0.346,14.55,3.0,,0.0,0.0,
2025-05-15T19:50:38.799Z,10,GR86-036-98,-3.4000000000000004,-0.08,-0.352,14.41,3.0,,0.0,0.0,
2025-05-15T19:50:38.844Z,10,GR86-036-98,-3.4000000000000004,-0.075,-0.361,13.35,3.0,,0.0,0.0,
2025-05-15T19:50:38.888Z,10,GR86-036-98,-3.4000000000000004,-0.062,-0.384,11.78,3.0,,0.0,0.0,
2025-05-15T19:50:38.934Z,10,GR86-036-98,-3.4000000000000004,-0.044,-0.354,9.37,3.0,5370.0,0.0,0.0,116.81
2025-05-15T19:50:38.978Z,10,GR86-036-98,-3.4000000000000004,-0.077,-0.365,8.82,3.0,,0.0,0.0,
2025-05-15T19:50:39.023Z,10,GR86-036-98,-3.4000000000000004,-0.101,-0.356,9.21,3.0,,0.0,0.0,
2025-05-15T19:50:39.114Z,10,GR86-036-98,-3.4000000000000004,-0.075,-0.336,10.92,3.0,,0.0,0.0,
2025-05-15T19:50:39.204Z,10,GR86-036-98,-3.4000000000000004,-0.063,-0.387,10.23,3.0,5245.0,0.0,0.0,116.29
2025-05-15T19:50:39.248Z,10,GR86-036-98,-3.4000000000000004,-0.138,-0.341,13.68,3.0,,0.0,0.0,
2025-05-15T19:50:39.293Z,10,GR86-036-98,-3.4000000000000004,-0.11,-0.375,13.62,3.0,,0.0,0.0,
2025-05-15T19:50:39.338Z,10,GR86-036-98,-3.4000000000000004,-0.08,-0.39,13.24,3.0,,0.0,0.0,
2025-05-15T19:50:39.384Z,10,GR86-036-98,-3.4000000000000004,-0.088,-0.426,13.03,3.0,5381.0,0.0,0.0,115.7
2025-05-15T19:50:39.428Z,10,GR86-036-98,-3.4000000000000004,0.012,-0.377,12.63,3.0,,0.0,0.0,
2025-05-15T19:50:39.473Z,10,GR86-036-98,-3.5,-0.028,-0.403,12.46,3.0,,0.0,0.0,
2025-05-15T19:50:39.517Z,10,GR86-036-98,-3.4000000000000004,-0.062,-0.378,12.64,3.0,,0.0,0.0,
2025-05-15T19:50:39.564Z,10,GR86-036-98,-3.4000000000000004,-0.067,-0.363,12.9,3.0,,0.0,0.0,
2025-05-15T19:50:39.608Z,10,GR86-036-98,-3.4000000000000004,-0.081,-0.364,12.93,3.0,5253.0,0.0,0.0,115.05
2025-05-15T19:50:39.652Z,10,GR86-036-98,-3.5,-0.089,-0.378,12.78,3.0,,0.0,0.0,
2025-05-15T19:50:39.696Z,10,GR86-036-98,-3.4000000000000004,-0.066,-0.373,12.2,3.0,,0.0,0.0,
2025-05-15T19:50:39.740Z,10,GR86-036-98,-3.4000000000000004,-0.102,-0.382,12.11,3.0,,0.0,0.0,
2025-05-15T19:50:39.828Z,10,GR86-036-98,-3.5,-0.064,-0.397,13.07,3.0,5281.0,0.0,0.0,114.72
2025-05-15T19:50:39.873Z,10,GR86-036-98,-3.4000000000000004,-0.095,-0.374,12.39,3.0,,0.0,0.0,
2025-05-15T19:50:39.917Z,10,GR86-036-98,-3.4000000000000004,-0.081,-0.387,14.34,3.0,,0.0,0.0,
2025-05-15T19:50:39.964Z,10,GR86-036-98,-3.4000000000000004,-0.085,-0.364,14.84,3.0,,0.0,0.0,
2025-05-15T19:50:40.008Z,10,GR86-036-98,-3.4000000000000004,-0.051,-0.322,14.8,3.0,,0.0,0.0,
2025-05-15T19:50:40.055Z,10,GR86-036-98,-3.4000000000000004,-0.067,-0.298,14.78,3.0,5254.0,0.0,0.0,114.38
2025-05-15T19:50:40.099Z,10,GR86-036-98,-3.4000000000000004,-0.027,-0.297,14.69,3.0,,0.0,0.0,
2025-05-15T19:50:40.144Z,10,GR86-036-98,-3.4000000000000004,-0.047,-0.28,14.69,3.0,,0.0,0.0,
2025-05-15T19:50:40.188Z,10,GR86-036-98,-3.4000000000000004,-0.056,-0.241,14.64,3.0,,0.0,0.0,
2025-05-15T19:50:40.234Z,10,GR86-036-98,-3.4000000000000004,-0.088,-0.264,14.49,3.0,,0.0,0.0,
2025-05-15T19:50:40.278Z,10,GR86-036-98,-3.4000000000000004,-0.031,-0.251,14.42,3.0,5256.0,0.0,0.0,114.04
2025-05-15T19:50:40.323Z,10,GR86-036-98,-3.4000000000000004,-0.044,-0.246,13.94,3.0,,0.0,0.0,
2025-05-15T19:50:40.368Z,10,GR86-036-98,-3.4000000000000004,-0.07,-0.237,13.88,3.0,,0.0,0.0,
2025-05-15T19:50:40.414Z,10,GR86-036-98,-3.4000000000000004,-0.057,-0.257,13.22,3.0,,0.0,0.0,
2025-05-15T19:50:40.458Z,10,GR86-036-98,-3.4000000000000004,-0.045,-0.225,12.98,3.0,,0.0,0.0,
2025-05-15T19:50:40.548Z,10,GR86-036-98,-3.4000000000000004,-0.056,-0.227,13.04,3.0,5246.0,0.0,0.0,113.85
2025-05-15T19:50:40.594Z,10,GR86-036-98,-3.4000000000000004,-0.036,-0.235,13.28,3.0,,0.0,0.0,
2025-05-15T19:50:40.638Z,10,GR86-036-98,-3.4000000000000004,-0.071,-0.253,13.32,3.0,,0.0,0.0,
2025-05-15T19:50:40.684Z,10,GR86-036-98,-3.4000000000000004,-0.083,-0.246,14.24,3.0,,0.0,0.0,
2025-05-15T19:50:40.728Z,10,GR86-036-98,-3.4000000000000004,-0.06,-0.279,15.11,3.0,5226.0,0.0,0.0,113.57
2025-05-15T19:50:40.773Z,10,GR86-036-98,-3.4000000000000004,-0.051,-0.25,16.43,3.0,,0.0,0.0,
2025-05-15T19:50:40.817Z,10,GR86-036-98,-3.4000000000000004,-0.067,-0.284,17.11,3.0,,0.0,0.0,
2025-05-15T19:50:40.864Z,10,GR86-036-98,-3.4000000000000004,-0.058,-0.309,18.14,3.0,,0.0,0.0,
2025-05-15T19:50:40.908Z,10,GR86-036-98,-3.4000000000000004,-0.014,-0.271,18.11,3.0,,0.0,0.0,
2025-05-15T19:50:40.953Z,10,GR86-036-98,-3.4000000000000004,-0.017,-0.284,18.05,3.0,5231.0,0.0,0.0,112.99
2025-05-15T19:50:40.999Z,10,GR86-036-98,-3.4000000000000004,0.013,-0.273,17.17,3.0,,0.0,0.0,
2025-05-15T19:50:41.044Z,10,GR86-036-98,-3.4000000000000004,0.017,-0.266,15.91,3.0,,0.0,0.0,
2025-05-15T19:50:41.089Z,10,GR86-036-98,-3.4000000000000004,0.003,-0.232,15.57,3.0,,0.0,0.0,
2025-05-15T19:50:41.134Z,10,GR86-036-98,-3.4000000000000004,-0.025,-0.256,15.18,3.0,,0.0,0.0,
2025-05-15T19:50:41.178Z,10,GR86-036-98,-3.4000000000000004,0.001,-0.233,14.77,3.0,5219.0,0.0,0.0,112.89
2025-05-15T19:50:41.223Z,10,GR86-036-98,-3.4000000000000004,-0.009,-0.241,14.62,3.0,,0.0,0.0,
2025-05-15T19:50:41.267Z,10,GR86-036-98,-3.4000000000000004,-0.049,-0.243,14.42,3.0,,0.0,0.0,
2025-05-15T19:50:41.311Z,10,GR86-036-98,-3.4000000000000004,-0.029,-0.269,12.8,3.0,,0.0,0.0,
2025-05-15T19:50:41.355Z,10,GR86-036-98,-3.4000000000000004,-0.035,-0.242,12.22,3.0,,0.0,0.0,
2025-05-15T19:50:41.399Z,10,GR86-036-98,-3.4000000000000004,-0.047,-0.253,11.81,3.0,5211.0,0.0,0.0,112.98
2025-05-15T19:50:41.444Z,10,GR86-036-98,-3.4000000000000004,-0.085,-0.265,12.07,3.0,,0.0,0.0,
2025-05-15T19:50:41.488Z,10,GR86-036-98,-3.4000000000000004,-0.052,-0.223,12.5,3.0,,0.0,0.0,
2025-05-15T19:50:41.534Z,10,GR86-036-98,-3.4000000000000004,-0.087,-0.247,13.42,3.0,,0.0,0.0,
2025-05-15T19:50:41.578Z,10,GR86-036-98,-3.4000000000000004,-0.068,-0.254,13.52,3.0,,0.0,0.0,
2025-05-15T19:50:41.623Z,10,GR86-036-98,-3.4000000000000004,-0.062,-0.275,13.61,3.0,5188.0,0.0,0.0,112.88
2025-05-15T19:50:41.714Z,10,GR86-036-98,-3.4000000000000004,-0.063,-0.249,14.29,3.0,,0.0,0.0,
2025-05-15T19:50:41.758Z,10,GR86-036-98,-3.4000000000000004,-0.036,-0.288,15.48,3.0,,0.0,0.0,
2025-05-15T19:50:41.804Z,10,GR86-036-98,-3.4000000000000004,-0.019,-0.273,15.6,3.0,,0.0,0.0,
2025-05-15T19:50:41.848Z,10,GR86-036-98,-3.4000000000000004,-0.063,-0.267,15.64,3.0,5189.0,0.0,0.0,112.59
2025-05-15T19:50:41.894Z,10,GR86-036-98,-3.4000000000000004,-0.037,-0.273,15.63,3.0,,0.0,0.0,
2025-05-15T19:50:41.938Z,10,GR86-036-98,-3.4000000000000004,-0.024,-0.24,15.48,3.0,,0.0,0.0,
2025-05-15T19:50:41.984Z,10,GR86-036-98,-3.4000000000000004,-0.038,-0.244,15.41,3.0,,0.0,0.0,
2025-05-15T19:50:42.028Z,10,GR86-036-98,-3.4000000000000004,-0.04,-0.273,15.54,3.0,,0.0,0.0,
2025-05-15T19:50:42.073Z,10,GR86-036-98,-3.4000000000000004,-0.02,-0.253,15.8,3.0,5189.0,0.0,0.0,112.32
2025-05-15T19:50:42.117Z,10,GR86-036-98,-3.4000000000000004,-0.048,-0.268,16.32,3.0,,0.0,0.0,
2025-05-15T19:50:42.161Z,10,GR86-036-98,-3.4000000000000004,-0.02,-0.267,16.330000000000002,3.0,,0.0,0.0,
2025-05-15T19:50:42.205Z,10,GR86-036-98,-3.4000000000000004,0.001,-0.245,16.12,3.0,,0.0,0.0,
2025-05-15T19:50:42.249Z,10,GR86-036-98,-3.4000000000000004,-0.016,-0.222,16.09,3.0,,0.0,0.0,
2025-05-15T19:50:42.293Z,10,GR86-036-98,-3.4000000000000004,-0.016,-0.257,15.46,3.0,5183.0,0.0,0.0,112.23
2025-05-15T19:50:42.338Z,10,GR86-036-98,-3.4000000000000004,-0.002,-0.193,14.74,3.0,,0.0,0.0,
2025-05-15T19:50:42.384Z,10,GR86-036-98,-3.4000000000000004,-0.003,-0.226,14.21,3.0,,0.0,0.0,
2025-05-15T19:50:42.428Z,10,GR86-036-98,-3.4000000000000004,-0.043,-0.245,14.16,3.0,,0.0,0.0,
2025-05-15T19:50:42.473Z,10,GR86-036-98,-3.4000000000000004,-0.031,-0.279,14.08,3.0,,0.0,0.0,
2025-05-15T19:50:42.517Z,10,GR86-036-98,-3.4000000000000004,-0.051,-0.264,14.04,3.0,5183.0,0.0,0.0,112.07
2025-05-15T19:50:42.561Z,10,GR86-036-98,-3.4000000000000004,-0.06,-0.287,13.97,3.0,,0.0,0.0,
2025-05-15T19:50:42.608Z,10,GR86-036-98,-3.4000000000000004,-0.065,-0.281,13.29,3.0,,0.0,0.0,
2025-05-15T19:50:42.652Z,10,GR86-036-98,-3.4000000000000004,-0.034,-0.262,13.24,3.0,,0.0,0.0,
2025-05-15T19:50:42.699Z,10,GR86-036-98,-3.4000000000000004,-0.084,-0.268,13.53,3.0,,0.0,0.0,
2025-05-15T19:50:42.789Z,10,GR86-036-98,-3.4000000000000004,-0.088,-0.332,13.98,3.0,5152.0,0.0,0.0,111.98
2025-05-15T19:50:42.834Z,10,GR86-036-98,-3.4000000000000004,-0.074,-0.332,14.26,3.0,,0.0,0.0,
2025-05-15T19:50:42.878Z,10,GR86-036-98,-3.4000000000000004,-0.053,-0.33,14.55,3.0,,0.0,0.0,
2025-05-15T19:50:42.923Z,10,GR86-036-98,-3.4000000000000004,-0.041,-0.334,15.38,3.0,,0.0,0.0,
2025-05-15T19:50:42.968Z,10,GR86-036-98,-3.4000000000000004,-0.04,-0.31,15.61,3.0,5149.0,0.0,0.0,111.75
2025-05-15T19:50:43.014Z,10,GR86-036-98,-3.4000000000000004,-0.065,-0.334,15.74,3.0,,0.0,0.0,
2025-05-15T19:50:43.058Z,10,GR86-036-98,-3.4000000000000004,-0.022,-0.308,15.74,3.0,,0.0,0.0,
2025-05-15T19:50:43.104Z,10,GR86-036-98,-3.4000000000000004,-0.001,-0.293,15.76,3.0,,0.0,0.0,
2025-05-15T19:50:43.148Z,10,GR86-036-98,-3.4000000000000004,-0.033,-0.281,15.66,3.0,,0.0,0.0,
2025-05-15T19:50:43.193Z,10,GR86-036-98,-3.4000000000000004,-0.015,-0.303,15.48,3.0,5156.0,0.0,0.0,111.5
2025-05-15T19:50:43.237Z,10,GR86-036-98,-3.4000000000000004,-0.027,-0.272,15.63,3.0,,0.0,0.0,
2025-05-15T19:50:43.283Z,10,GR86-036-98,-3.4000000000000004,-0.033,-0.294,15.98,3.0,,0.0,0.0,
2025-05-15T19:50:43.328Z,10,GR86-036-98,-3.4000000000000004,-0.035,-0.273,16.06,3.0,,0.0,0.0,
2025-05-15T19:50:43.373Z,10,GR86-036-98,-3.4000000000000004,-0.006,-0.252,16.01,3.0,,0.0,0.0,
2025-05-15T19:50:43.417Z,10,GR86-036-98,-3.4000000000000004,-0.027,-0.242,15.96,3.0,5156.0,0.0,0.0,111.41
2025-05-15T19:50:43.462Z,10,GR86-036-98,-3.4000000000000004,-0.009,-0.211,15.99,3.0,,0.0,0.0,
2025-05-15T19:50:43.508Z,10,GR86-036-98,-3.4000000000000004,0.01,-0.215,16.5,3.0,,0.0,0.0,
2025-05-15T19:50:43.552Z,10,GR86-036-98,-3.4000000000000004,-0.023,-0.202,16.52,3.0,,0.0,0.0,
2025-05-15T19:50:43.599Z,10,GR86-036-98,-3.4000000000000004,-0.013,-0.225,16.37,3.0,,0.0,0.0,
2025-05-15T19:50:43.644Z,10,GR86-036-98,-3.4000000000000004,-0.005,-0.213,16.41,3.0,5158.0,0.0,0.0,111.42
2025-05-15T19:50:43.688Z,10,GR86-036-98,-3.4000000000000004,-0.003,-0.204,16.34,3.0,,0.0,0.0,
2025-05-15T19:50:43.734Z,10,GR86-036-98,-3.4000000000000004,-0.023,-0.232,16.14,3.0,,0.0,0.0,
2025-05-15T19:50:43.778Z,10,GR86-036-98,-3.4000000000000004,0.011,-0.22,15.8,3.0,,0.0,0.0,
2025-05-15T19:50:43.823Z,10,GR86-036-98,-3.4000000000000004,0.017,-0.206,15.19,3.0,,0.0,0.0,
2025-05-15T19:50:43.868Z,10,GR86-036-98,-3.4000000000000004,-0.032,-0.228,15.2,3.0,5160.0,0.0,0.0,111.48
2025-05-15T19:50:43.914Z,10,GR86-036-98,-3.4000000000000004,-0.004,-0.235,15.19,3.0,,0.0,0.0,
2025-05-15T19:50:43.958Z,10,GR86-036-98,-3.4000000000000004,-0.02,-0.223,15.25,3.0,,0.0,0.0,
2025-05-15T19:50:44.004Z,10,GR86-036-98,-3.4000000000000004,-0.044,-0.235,15.86,3.0,,0.0,0.0,
2025-05-15T19:50:44.048Z,10,GR86-036-98,-3.4000000000000004,-0.037,-0.251,15.97,3.0,,0.0,0.0,
2025-05-15T19:50:44.138Z,10,GR86-036-98,-3.4000000000000004,0.0,-0.234,16.080000000000002,3.0,5152.0,0.0,0.0,111.55
2025-05-15T19:50:44.184Z,10,GR86-036-98,-3.4000000000000004,-0.033,-0.248,16.3,3.0,,0.0,0.0,
2025-05-15T19:50:44.228Z,10,GR86-036-98,-3.4000000000000004,0.024,-0.241,16.22,3.0,,0.0,0.0,
2025-05-15T19:50:44.317Z,10,GR86-036-98,-2.9000000000000004,-0.023,-0.227,16.16,3.0,5151.0,0.0,0.0,111.58
2025-05-15T19:50:44.364Z,10,GR86-036-98,-0.3,-0.005,-0.223,16.490000000000002,3.0,,0.0,0.0,
2025-05-15T19:50:44.408Z,10,GR86-036-98,0.2,-0.033,-0.202,16.76,3.0,,0.0,0.0,
2025-05-15T19:50:44.452Z,10,GR86-036-98,0.5,0.0,-0.155,16.740000000000002,3.0,,0.0,0.0,
2025-05-15T19:50:44.499Z,10,GR86-036-98,0.9,-0.032,-0.142,18.1,3.0,,0.0,0.0,
2025-05-15T19:50:44.545Z,10,GR86-036-98,1.1,0.011,-0.134,18.33,3.0,5190.0,0.0,0.0,111.7
2025-05-15T19:50:44.589Z,10,GR86-036-98,1.1,0.033,-0.161,18.36,3.0,,0.0,0.0,
2025-05-15T19:50:44.634Z,10,GR86-036-98,1.1,-0.003,-0.068,18.33,3.0,,0.0,0.0,
2025-05-15T19:50:44.678Z,10,GR86-036-98,1.1,0.044,-0.141,17.47,3.0,,0.0,0.0,
2025-05-15T19:50:44.724Z,10,GR86-036-98,1.1,0.03,-0.067,17.38,3.0,,0.0,0.0,
2025-05-15T19:50:44.768Z,10,GR86-036-98,1.1,-0.01,-0.147,17.18,3.0,5178.0,0.0,0.0,111.7
2025-05-15T19:50:44.814Z,10,GR86-036-98,1.1,0.044,-0.142,16.990000000000002,3.0,,0.0,0.0,
2025-05-15T19:50:44.858Z,10,GR86-036-98,1.1,-0.015,-0.132,16.34,3.0,,0.0,0.0,
2025-05-15T19:50:44.904Z,10,GR86-036-98,1.1,-0.015,-0.157,14.69,3.0,,0.0,0.0,
2025-05-15T19:50:44.948Z,10,GR86-036-98,1.1,0.008,-0.123,14.23,3.0,,0.0,0.0,
2025-05-15T19:50:44.993Z,10,GR86-036-98,1.1,-0.018,-0.138,13.95,3.0,5179.0,0.0,0.0,111.88
2025-05-15T19:50:45.037Z,10,GR86-036-98,1.1,-0.05,-0.111,12.75,3.0,,0.0,0.0,
2025-05-15T19:50:45.081Z,10,GR86-036-98,1.2000000000000002,-0.023,-0.135,12.38,3.0,,0.0,0.0,
2025-05-15T19:50:45.128Z,10,GR86-036-98,1.2000000000000002,-0.017,-0.153,12.67,3.0,,0.0,0.0,
2025-05-15T19:50:45.173Z,10,GR86-036-98,1.2000000000000002,-0.085,-0.185,14.0,3.0,,0.0,0.0,
2025-05-15T19:50:45.217Z,10,GR86-036-98,1.2000000000000002,-0.04,-0.207,14.39,3.0,5161.0,0.0,0.0,112.04
2025-05-15T19:50:45.261Z,10,GR86-036-98,1.2000000000000002,-0.069,-0.17,14.47,3.0,,0.0,0.0,
2025-05-15T19:50:45.305Z,10,GR86-036-98,1.2000000000000002,-0.063,-0.195,14.84,3.0,,0.0,0.0,
2025-05-15T19:50:45.394Z,10,GR86-036-98,1.2000000000000002,-0.041,-0.21,14.96,3.0,,0.0,0.0,
2025-05-15T19:50:45.438Z,10,GR86-036-98,1.2000000000000002,-0.08,-0.216,15.5,3.0,5169.0,0.0,0.0,111.97
2025-05-15T19:50:45.484Z,10,GR86-036-98,1.2000000000000002,-0.077,-0.162,15.56,3.0,,0.0,0.0,
2025-05-15T19:50:45.528Z,10,GR86-036-98,1.2000000000000002,0.025,-0.179,15.67,3.0,,0.0,0.0,
2025-05-15T19:50:45.617Z,10,GR86-036-98,1.4,-0.014,-0.199,17.36,3.0,,0.0,0.0,
2025-05-15T19:50:45.664Z,10,GR86-036-98,2.1,-0.016,-0.13,18.11,3.0,5168.0,0.0,0.0,111.69
2025-05-15T19:50:45.708Z,10,GR86-036-98,2.1,0.005,-0.168,17.29,3.0,,0.0,0.0,
2025-05-15T19:50:45.753Z,10,GR86-036-98,2.1,-0.005,-0.086,16.11,3.0,,0.0,0.0,
2025-05-15T19:50:45.799Z,10,GR86-036-98,2.5,0.044,-0.082,16.39,3.0,,0.0,0.0,
2025-05-15T19:50:45.844Z,10,GR86-036-98,3.0,0.017,-0.003,17.12,3.0,,0.0,0.0,
2025-05-15T19:50:45.888Z,10,GR86-036-98,3.0,-0.023,-0.08,17.990000000000002,3.0,5173.0,0.0,0.0,111.64
2025-05-15T19:50:45.934Z,10,GR86-036-98,3.0,0.006,-0.054,18.08,3.0,,0.0,0.0,
2025-05-15T19:50:45.978Z,10,GR86-036-98,3.1,0.017,-0.051,17.92,3.0,,0.0,0.0,
2025-05-15T19:50:46.023Z,10,GR86-036-98,3.3000000000000003,0.01,-0.04,17.76,3.0,,0.0,0.0,
2025-05-15T19:50:46.068Z,10,GR86-036-98,3.6,0.008,-0.038,17.650000000000002,3.0,,0.0,0.0,
2025-05-15T19:50:46.114Z,10,GR86-036-98,3.8,0.028,-0.018,17.59,3.0,5168.0,0.0,0.0,111.66
2025-05-15T19:50:46.158Z,10,GR86-036-98,3.9,-0.007,-0.033,17.79,3.0,,0.0,0.0,
2025-05-15T19:50:46.204Z,10,GR86-036-98,3.9,-0.001,-0.034,17.91,3.0,,0.0,0.0,
2025-05-15T19:50:46.248Z,10,GR86-036-98,3.9,0.036,-0.024,17.93,3.0,,0.0,0.0,
2025-05-15T19:50:46.294Z,10,GR86-036-98,3.9,0.011,-0.034,17.94,3.0,,0.0,0.0,
2025-05-15T19:50:46.338Z,10,GR86-036-98,3.9,0.009,-0.026,17.96,3.0,5178.0,0.0,0.0,111.82
2025-05-15T19:50:46.384Z,10,GR86-036-98,3.9,0.008,-0.034,17.94,3.0,,0.0,0.0,
2025-05-15T19:50:46.428Z,10,GR86-036-98,3.9,0.036,-0.024,17.92,3.0,,0.0,0.0,
2025-05-15T19:50:46.473Z,10,GR86-036-98,3.9,-0.011,-0.059,17.93,3.0,,0.0,0.0,
2025-05-15T19:50:46.517Z,10,GR86-036-98,4.1000000000000005,0.04,-0.023,17.81,3.0,,0.0,0.0,
2025-05-15T19:50:46.564Z,10,GR86-036-98,4.1000000000000005,0.041,-0.033,17.84,3.0,5197.0,0.0,0.0,112.22
2025-05-15T19:50:46.608Z,10,GR86-036-98,4.1000000000000005,0.0,-0.033,17.900000000000002,3.0,,0.0,0.0,
2025-05-15T19:50:46.652Z,10,GR86-036-98,4.1000000000000005,0.01,-0.06,17.94,3.0,,0.0,0.0,
2025-05-15T19:50:46.744Z,10,GR86-036-98,4.1000000000000005,0.028,-0.033,18.05,3.0,,0.0,0.0,
2025-05-15T19:50:46.789Z,10,GR86-036-98,4.1000000000000005,0.002,-0.068,18.46,3.0,5215.0,0.0,0.0,112.48
2025-05-15T19:50:46.834Z,10,GR86-036-98,4.1000000000000005,0.029,-0.027,18.55,3.0,,0.0,0.0,
2025-05-15T19:50:46.878Z,10,GR86-036-98,4.4,0.018,-0.056,19.52,3.0,,0.0,0.0,
2025-05-15T19:50:46.924Z,10,GR86-036-98,5.800000000000001,-0.003,-0.016,20.47,3.0,,0.0,0.0,
2025-05-15T19:50:46.968Z,10,GR86-036-98,6.300000000000001,0.02,-0.02,21.57,3.0,,0.0,0.0,
2025-05-15T19:50:47.014Z,10,GR86-036-98,6.300000000000001,0.044,0.003,22.05,3.0,5219.0,0.0,0.0,112.63
2025-05-15T19:50:47.058Z,10,GR86-036-98,6.300000000000001,0.029,-0.022,22.13,3.0,,0.0,0.0,
2025-05-15T19:50:47.104Z,10,GR86-036-98,6.300000000000001,0.055,0.018,22.17,3.0,,0.0,0.0,
2025-05-15T19:50:47.148Z,10,GR86-036-98,6.4,0.093,0.044,22.18,3.0,,0.0,0.0,
2025-05-15T19:50:47.194Z,10,GR86-036-98,6.4,0.047,0.047,22.17,3.0,,0.0,0.0,
2025-05-15T19:50:47.238Z,10,GR86-036-98,6.4,0.077,0.055,22.17,3.0,5255.0,0.0,0.0,112.93
2025-05-15T19:50:47.284Z,10,GR86-036-98,6.4,0.089,0.049,22.15,3.0,,0.0,0.0,
2025-05-15T19:50:47.328Z,10,GR86-036-98,6.4,0.073,0.048,22.15,3.0,,0.0,0.0,
2025-05-15T19:50:47.373Z,10,GR86-036-98,6.4,0.051,0.028,22.14,3.0,,0.0,0.0,
2025-05-15T19:50:47.417Z,10,GR86-036-98,6.4,0.084,0.039,22.12,3.0,,0.0,0.0,
2025-05-15T19:50:47.462Z,10,GR86-036-98,6.5,0.082,0.043,22.11,3.0,5272.0,0.0,0.0,113.25
2025-05-15T19:50:47.508Z,10,GR86-036-98,6.5,0.058,0.031,22.08,3.0,,0.0,0.0,
2025-05-15T19:50:47.552Z,10,GR86-036-98,6.5,0.069,0.022,22.06,3.0,,0.0,0.0,
2025-05-15T19:50:47.599Z,10,GR86-036-98,6.5,0.077,0.04,22.05,3.0,,0.0,0.0,
2025-05-15T19:50:47.644Z,10,GR86-036-98,6.5,0.071,0.02,22.04,3.0,,0.0,0.0,
2025-05-15T19:50:47.688Z,10,GR86-036-98,6.5,0.055,0.005,22.02,3.0,5303.0,0.0,0.0,113.86
2025-05-15T19:50:47.734Z,10,GR86-036-98,6.5,0.082,0.024,22.02,3.0,,0.0,0.0,
2025-05-15T19:50:47.778Z,10,GR86-036-98,6.5,0.054,0.012,22.02,3.0,,0.0,0.0,
2025-05-15T19:50:47.823Z,10,GR86-036-98,6.5,0.047,0.013,22.02,3.0,,0.0,0.0,
2025-05-15T19:50:47.868Z,10,GR86-036-98,6.5,0.058,0.015,22.02,3.0,,0.0,0.0,
2025-05-15T19:50:47.914Z,10,GR86-036-98,6.5,0.086,0.026,22.0,3.0,5323.0,0.0,0.0,114.38
2025-05-15T19:50:47.958Z,10,GR86-036-98,6.5,0.047,0.009,21.99,3.0,,0.0,0.0,
2025-05-15T19:50:48.004Z,10,GR86-036-98,6.5,0.038,0.015,21.99,3.0,,0.0,0.0,
2025-05-15T19:50:48.048Z,10,GR86-036-98,6.5,0.072,0.027,21.99,3.0,,0.0,0.0,
2025-05-15T19:50:48.094Z,10,GR86-036-98,6.5,0.057,0.024,21.99,3.0,,0.0,0.0,
2025-05-15T19:50:48.138Z,10,GR86-036-98,6.5,0.056,0.002,21.99,3.0,5351.0,0.0,0.0,114.9
2025-05-15T19:50:48.184Z,10,GR86-036-98,6.5,0.051,0.005,21.98,3.0,,0.0,0.0,
2025-05-15T19:50:48.228Z,10,GR86-036-98,6.5,0.063,0.013,21.99,3.0,,0.0,0.0,
2025-05-15T19:50:48.273Z,10,GR86-036-98,6.5,0.049,0.0,21.99,3.0,,0.0,0.0,
2025-05-15T19:50:48.317Z,10,GR86-036-98,6.5,0.067,0.018,21.98,3.0,,0.0,0.0,
2025-05-15T19:50:48.364Z,10,GR86-036-98,6.5,0.063,0.009,21.98,3.0,5398.0,0.0,0.0,115.94
2025-05-15T19:50:48.408Z,10,GR86-036-98,6.5,0.061,0.028,21.98,3.0,,0.0,0.0,
2025-05-15T19:50:48.452Z,10,GR86-036-98,6.5,0.049,0.016,21.98,3.0,,0.0,0.0,
2025-05-15T19:50:48.496Z,10,GR86-036-98,6.5,0.061,-0.001,21.98,3.0,,0.0,0.0,
2025-05-15T19:50:48.540Z,10,GR86-036-98,6.5,0.06,0.028,21.98,3.0,,0.0,0.0,
2025-05-15T19:50:48.584Z,10,GR86-036-98,6.5,0.052,-0.014,21.98,3.0,5417.0,0.0,0.0,116.46
2025-05-15T19:50:48.673Z,10,GR86-036-98,6.5,0.053,0.002,21.99,3.0,,0.0,0.0,
2025-05-15T19:50:48.717Z,10,GR86-036-98,6.5,0.057,-0.002,21.99,3.0,,0.0,0.0,
2025-05-15T19:50:48.761Z,10,GR86-036-98,6.5,0.049,0.023,21.98,3.0,,0.0,0.0,
2025-05-15T19:50:48.805Z,10,GR86-036-98,6.5,0.059,0.003,22.27,3.0,5433.0,0.0,0.0,116.97
2025-05-15T19:50:48.849Z,10,GR86-036-98,6.5,0.066,0.027,22.64,3.0,,0.0,0.0,
2025-05-15T19:50:48.893Z,10,GR86-036-98,6.5,0.057,-0.015,22.8,3.0,,0.0,0.0,
2025-05-15T19:50:48.938Z,10,GR86-036-98,6.5,0.064,0.025,22.89,3.0,,0.0,0.0,
2025-05-15T19:50:48.984Z,10,GR86-036-98,6.5,0.073,0.007,23.08,3.0,,0.0,0.0,
2025-05-15T19:50:49.028Z,10,GR86-036-98,6.5,0.073,0.023,23.19,3.0,5464.0,0.0,0.0,117.45
2025-05-15T19:50:49.073Z,10,GR86-036-98,6.5,0.057,0.007,23.22,3.0,,0.0,0.0,
2025-05-15T19:50:49.117Z,10,GR86-036-98,6.5,0.066,0.034,23.89,3.0,,0.0,0.0,
2025-05-15T19:50:49.164Z,10,GR86-036-98,6.5,0.071,0.027,24.75,3.0,,0.0,0.0,
2025-05-15T19:50:49.208Z,10,GR86-036-98,6.5,0.078,0.016,25.11,3.0,,0.0,0.0,
2025-05-15T19:50:49.252Z,10,GR86-036-98,6.5,0.074,0.001,25.35,3.0,5502.0,0.0,0.0,117.91
2025-05-15T19:50:49.299Z,10,GR86-036-98,6.5,0.081,0.027,25.81,3.0,,0.0,0.0,
2025-05-15T19:50:49.345Z,10,GR86-036-98,6.5,0.089,0.016,26.44,3.0,,0.0,0.0,
2025-05-15T19:50:49.389Z,10,GR86-036-98,6.5,0.094,-0.002,26.71,3.0,,0.0,0.0,
2025-05-15T19:50:49.434Z,10,GR86-036-98,6.5,0.094,0.005,27.02,3.0,,0.0,0.0,
2025-05-15T19:50:49.478Z,10,GR86-036-98,6.5,0.094,0.01,27.6,3.0,5532.0,0.0,0.0,118.55
2025-05-15T19:50:49.523Z,10,GR86-036-98,6.5,0.1,0.022,28.97,3.0,,0.0,0.0,
2025-05-15T19:50:49.568Z,10,GR86-036-98,6.5,0.1,-0.002,30.52,3.0,,0.0,0.0,
2025-05-15T19:50:49.614Z,10,GR86-036-98,6.5,0.118,0.008,32.38,3.0,,0.0,0.0,
2025-05-15T19:50:49.658Z,10,GR86-036-98,6.5,0.121,0.005,33.67,3.0,,0.0,0.0,
2025-05-15T19:50:49.704Z,10,GR86-036-98,6.5,0.136,0.005,34.43,3.0,5578.0,0.0,0.0,119.18
2025-05-15T19:50:49.748Z,10,GR86-036-98,6.5,0.142,-0.014,35.14,3.0,,0.0,0.0,
2025-05-15T19:50:49.793Z,10,GR86-036-98,6.5,0.15,0.02,36.01,3.0,,0.0,0.0,
2025-05-15T19:50:49.838Z,10,GR86-036-98,6.5,0.135,0.024,37.49,3.0,,0.0,0.0,
2025-05-15T19:50:49.884Z,10,GR86-036-98,6.5,0.139,0.026,38.99,3.0,,0.0,0.0,
2025-05-15T19:50:49.928Z,10,GR86-036-98,6.5,0.158,0.002,40.47,3.0,5623.0,0.0,0.0,120.03
2025-05-15T19:50:49.973Z,10,GR86-036-98,6.5,0.159,0.026,45.85,3.0,,0.0,0.0,
2025-05-15T19:50:50.017Z,10,GR86-036-98,6.5,0.136,0.05,55.68,3.0,,0.0,0.0,
2025-05-15T19:50:50.061Z,10,GR86-036-98,6.5,0.172,0.031,74.66,3.0,,0.0,0.0,
2025-05-15T19:50:50.105Z,10,GR86-036-98,6.5,0.213,0.015,99.88,3.0,,0.0,0.0,
2025-05-15T19:50:50.149Z,10,GR86-036-98,6.5,0.214,0.033,99.9,3.0,5766.0,0.0,0.0,122.07
2025-05-15T19:50:50.194Z,10,GR86-036-98,6.5,0.212,0.034,99.89,3.0,,0.0,0.0,
2025-05-15T19:50:50.238Z,10,GR86-036-98,6.5,0.202,0.028,99.92,3.0,,0.0,0.0,
2025-05-15T19:50:50.284Z,10,GR86-036-98,6.5,0.212,0.033,99.9,3.0,,0.0,0.0,
2025-05-15T19:50:50.328Z,10,GR86-036-98,6.5,0.225,0.04,99.91,3.0,,0.0,0.0,
2025-05-15T19:50:50.373Z,10,GR86-036-98,6.5,0.203,0.058,99.91,3.0,5830.0,0.0,0.0,123.46
2025-05-15T19:50:50.417Z,10,GR86-036-98,6.5,0.206,0.05,99.92,3.0,,0.0,0.0,
2025-05-15T19:50:50.462Z,10,GR86-036-98,6.5,0.198,0.045,99.91,3.0,,0.0,0.0,
2025-05-15T19:50:50.508Z,10,GR86-036-98,6.5,0.214,0.042,99.91,3.0,,0.0,0.0,
2025-05-15T19:50:50.555Z,10,GR86-036-98,6.5,0.216,0.066,99.9,3.0,,0.0,0.0,
2025-05-15T19:50:50.599Z,10,GR86-036-98,6.5,0.212,0.056,99.91,3.0,5908.0,0.0,0.0,124.93
2025-05-15T19:50:50.688Z,10,GR86-036-98,6.5,0.202,0.036,99.91,3.0,,0.0,0.0,
2025-05-15T19:50:50.734Z,10,GR86-036-98,6.5,0.212,0.014,99.91,3.0,,0.0,0.0,
2025-05-15T19:50:50.778Z,10,GR86-036-98,6.5,0.195,0.026,99.91,3.0,,0.0,0.0,
2025-05-15T19:50:50.867Z,10,GR86-036-98,6.5,0.198,0.017,99.9,3.0,5967.0,0.0,0.0,126.54
2025-05-15T19:50:50.911Z,10,GR86-036-98,6.5,0.217,0.007,99.93,3.0,,0.0,0.0,
2025-05-15T19:50:50.955Z,10,GR86-036-98,6.5,0.223,0.029,99.92,3.0,,0.0,0.0,
2025-05-15T19:50:50.999Z,10,GR86-036-98,6.5,0.199,0.028,99.91,3.0,,0.0,0.0,
2025-05-15T19:50:51.045Z,10,GR86-036-98,6.5,0.187,0.014,99.91,3.0,6045.0,0.0,0.0,128.02
2025-05-15T19:50:51.089Z,10,GR86-036-98,6.5,0.183,-0.005,99.92,3.0,,0.0,0.0,
2025-05-15T19:50:51.134Z,10,GR86-036-98,6.5,0.207,0.0,99.93,3.0,,0.0,0.0,
2025-05-15T19:50:51.178Z,10,GR86-036-98,6.5,0.211,0.008,99.92,3.0,,0.0,0.0,
2025-05-15T19:50:51.223Z,10,GR86-036-98,6.5,0.226,0.004,99.93,3.0,,0.0,0.0,
2025-05-15T19:50:51.268Z,10,GR86-036-98,6.5,0.137,-0.02,99.93,3.0,6105.0,0.0,0.0,129.55
2025-05-15T19:50:51.314Z,10,GR86-036-98,6.5,-0.157,0.004,99.93,4.0,,0.0,0.0,
2025-05-15T19:50:51.358Z,10,GR86-036-98,6.5,0.069,0.013,99.91,4.0,,0.0,0.0,
2025-05-15T19:50:51.404Z,10,GR86-036-98,6.5,0.308,-0.049,99.91,4.0,,0.0,0.0,
2025-05-15T19:50:51.448Z,10,GR86-036-98,6.5,0.273,0.037,99.93,4.0,,0.0,0.0,
2025-05-15T19:50:51.494Z,10,GR86-036-98,6.5,0.033,0.015,99.9,4.0,5796.0,0.0,0.0,131.09
2025-05-15T19:50:51.538Z,10,GR86-036-98,6.5,0.092,-0.063,99.93,4.0,,0.0,0.0,
2025-05-15T19:50:51.584Z,10,GR86-036-98,6.5,0.202,0.015,99.92,4.0,,0.0,0.0,
2025-05-15T19:50:51.628Z,10,GR86-036-98,6.5,0.185,-0.002,99.93,4.0,,0.0,0.0,
2025-05-15T19:50:51.673Z,10,GR86-036-98,6.5,0.138,0.062,99.94,4.0,,0.0,0.0,
2025-05-15T19:50:51.717Z,10,GR86-036-98,6.5,0.153,0.036,99.92,4.0,5236.0,0.0,0.0,132.13
2025-05-15T19:50:51.764Z,10,GR86-036-98,6.5,0.168,0.034,99.93,4.0,,0.0,0.0,
2025-05-15T19:50:51.808Z,10,GR86-036-98,6.5,0.117,0.03,99.92,4.0,,0.0,0.0,
2025-05-15T19:50:51.855Z,10,GR86-036-98,6.5,0.169,0.022,99.94,4.0,,0.0,0.0,
2025-05-15T19:50:51.899Z,10,GR86-036-98,6.5,0.21,0.088,99.91,4.0,,0.0,0.0,
2025-05-15T19:50:51.945Z,10,GR86-036-98,6.5,0.174,0.093,99.95,4.0,5324.0,0.0,0.0,134.5
2025-05-15T19:50:51.989Z,10,GR86-036-98,6.5,0.182,0.089,99.92,4.0,,0.0,0.0,
2025-05-15T19:50:52.034Z,10,GR86-036-98,6.5,0.147,0.036,99.94,4.0,,0.0,0.0,
2025-05-15T19:50:52.078Z,10,GR86-036-98,6.6000000000000005,0.126,0.042,99.91,4.0,,0.0,0.0,
2025-05-15T19:50:52.124Z,10,GR86-036-98,6.6000000000000005,0.119,0.033,99.94,4.0,,0.0,0.0,
2025-05-15T19:50:52.168Z,10,GR86-036-98,6.6000000000000005,0.146,0.067,99.9,4.0,5368.0,0.0,0.0,135.93
2025-05-15T19:50:52.214Z,10,GR86-036-98,6.6000000000000005,0.198,0.079,99.91,4.0,,0.0,0.0,
2025-05-15T19:50:52.258Z,10,GR86-036-98,6.6000000000000005,0.194,0.049,99.92,4.0,,0.0,0.0,
2025-05-15T19:50:52.304Z,10,GR86-036-98,6.6000000000000005,0.204,0.079,99.91,4.0,,0.0,0.0,
2025-05-15T19:50:52.348Z,10,GR86-036-98,6.6000000000000005,0.154,0.057,99.92,4.0,,0.0,0.0,
2025-05-15T19:50:52.394Z,10,GR86-036-98,6.6000000000000005,0.09,0.037,99.92,4.0,5412.0,0.0,0.0,137.09
2025-05-15T19:50:52.438Z,10,GR86-036-98,6.6000000000000005,0.176,0.087,99.91,4.0,,0.0,0.0,
2025-05-15T19:50:52.484Z,10,GR86-036-98,6.6000000000000005,0.198,0.017,99.91,4.0,,0.0,0.0,
2025-05-15T19:50:52.528Z,10,GR86-036-98,6.6000000000000005,0.175,0.063,99.92,4.0,,0.0,0.0,
2025-05-15T19:50:52.573Z,10,GR86-036-98,6.6000000000000005,0.154,0.035,99.95,4.0,,0.0,0.0,
2025-05-15T19:50:52.617Z,10,GR86-036-98,6.6000000000000005,0.119,0.025,99.93,4.0,5440.0,0.0,0.0,138.21
2025-05-15T19:50:52.705Z,10,GR86-036-98,6.6000000000000005,0.134,-0.016,99.91,4.0,,0.0,0.0,
2025-05-15T19:50:52.749Z,10,GR86-036-98,6.6000000000000005,0.125,0.016,99.91,4.0,,0.0,0.0,
2025-05-15T19:50:52.794Z,10,GR86-036-98,6.6000000000000005,0.215,0.036,99.91,4.0,,0.0,0.0,
2025-05-15T19:50:52.838Z,10,GR86-036-98,6.6000000000000005,0.206,0.021,99.93,4.0,5495.0,0.0,0.0,139.54
2025-05-15T19:50:52.884Z,10,GR86-036-98,6.6000000000000005,0.193,0.035,99.92,4.0,,0.0,0.0,
2025-05-15T19:50:52.928Z,10,GR86-036-98,6.6000000000000005,0.16,0.021,99.93,4.0,,0.0,0.0,
2025-05-15T19:50:52.973Z,10,GR86-036-98,6.6000000000000005,0.128,-0.017,99.93,4.0,,0.0,0.0,
2025-05-15T19:50:53.017Z,10,GR86-036-98,6.6000000000000005,0.128,0.031,99.93,4.0,,0.0,0.0,
2025-05-15T19:50:53.064Z,10,GR86-036-98,6.6000000000000005,0.147,0.023,99.91,4.0,5543.0,0.0,0.0,140.57
2025-05-15T19:50:53.108Z,10,GR86-036-98,6.6000000000000005,0.155,0.037,99.92,4.0,,0.0,0.0,
2025-05-15T19:50:53.152Z,10,GR86-036-98,6.6000000000000005,0.198,0.058,99.92,4.0,,0.0,0.0,
2025-05-15T19:50:53.196Z,10,GR86-036-98,6.6000000000000005,0.157,0.058,99.21,4.0,,0.0,0.0,
2025-05-15T19:50:53.240Z,10,GR86-036-98,6.6000000000000005,0.146,0.023,46.82,4.0,,0.0,0.0,
2025-05-15T19:50:53.284Z,10,GR86-036-98,6.6000000000000005,0.151,0.006,22.75,4.0,5617.0,7.735,7.98,141.75
2025-05-15T19:50:53.328Z,10,GR86-036-98,6.7,0.011,-0.01,5.21,4.0,,13.675,13.58,
2025-05-15T19:50:53.373Z,10,GR86-036-98,6.7,-0.215,0.019,4.74,4.0,,20.905,20.875,
2025-05-15T19:50:53.417Z,10,GR86-036-98,6.7,-0.502,0.052,4.6000000000000005,4.0,,30.46,30.245,
2025-05-15T19:50:53.464Z,10,GR86-036-98,6.7,-0.796,0.031,4.51,4.0,,44.315,43.89,
2025-05-15T19:50:53.508Z,10,GR86-036-98,6.7,-0.982,0.017,40.57,4.0,5593.0,48.8,48.555,143.0
2025-05-15T19:50:53.555Z,10,GR86-036-98,6.7,-0.919,0.024,87.76,4.0,,49.46,49.49,
2025-05-15T19:50:53.599Z,10,GR86-036-98,6.800000000000001,-0.935,-0.021,99.81,4.0,,48.985,49.49,
2025-05-15T19:50:53.644Z,10,GR86-036-98,9.6,-0.983,-0.053,68.11,4.0,,48.620000000000005,49.49,
2025-05-15T19:50:53.688Z,10,GR86-036-98,10.1,-1.063,-0.066,3.85,3.0,,49.23,50.615,
2025-05-15T19:50:53.734Z,10,GR86-036-98,10.9,-1.009,0.024,3.68,3.0,5273.0,47.245,47.9,141.75
2025-05-15T19:50:53.778Z,10,GR86-036-98,13.1,-0.973,-0.06,3.46,3.0,,43.855,45.185,
2025-05-15T19:50:53.823Z,10,GR86-036-98,15.7,-0.927,0.005,3.11,3.0,,40.15,41.83,
2025-05-15T19:50:53.868Z,10,GR86-036-98,15.7,-0.944,-0.033,2.92,3.0,,38.655,40.5,
2025-05-15T19:50:53.914Z,10,GR86-036-98,15.7,-0.863,0.03,2.78,3.0,,37.205,38.805,
2025-05-15T19:50:53.958Z,10,GR86-036-98,15.7,-0.733,0.096,2.71,3.0,5793.0,35.86,37.355,128.88
2025-05-15T19:50:54.004Z,10,GR86-036-98,15.7,-0.783,0.07,2.65,3.0,,35.68,36.87,
2025-05-15T19:50:54.048Z,10,GR86-036-98,15.1,-0.799,0.066,2.61,3.0,,35.985,36.99,
2025-05-15T19:50:54.094Z,10,GR86-036-98,14.5,-0.8270000000000001,0.085,2.58,3.0,,36.335,37.325,
2025-05-15T19:50:54.138Z,10,GR86-036-98,14.0,-0.8230000000000001,0.103,3.36,3.0,,36.7,37.355,
2025-05-15T19:50:54.184Z,10,GR86-036-98,13.1,-0.931,0.081,65.02,3.0,5347.0,39.995,39.995,121.85
2025-05-15T19:50:54.228Z,10,GR86-036-98,13.1,-0.987,0.09,99.4,3.0,,45.75,45.37,
2025-05-15T19:50:54.273Z,10,GR86-036-98,13.1,-1.056,0.085,99.91,3.0,,51.625,51.09,
2025-05-15T19:50:54.317Z,10,GR86-036-98,13.1,-1.111,0.018,77.27,2.0,,55.18,54.86,
2025-05-15T19:50:54.361Z,10,GR86-036-98,12.7,-1.146,0.069,6.21,2.0,,56.28,56.185,
2025-05-15T19:50:54.405Z,10,GR86-036-98,10.3,-1.207,0.006,3.02,2.0,5767.0,56.28,57.685,116.55
2025-05-15T19:50:54.449Z,10,GR86-036-98,10.2,-1.033,-0.061,2.85,2.0,,54.175,56.155,
2025-05-15T19:50:54.494Z,10,GR86-036-98,10.2,-1.033,0.016,2.74,2.0,,50.525,50.94,
2025-05-15T19:50:54.538Z,10,GR86-036-98,10.2,-1.111,-0.066,2.67,2.0,,47.84,48.265,
2025-05-15T19:50:54.584Z,10,GR86-036-98,10.2,-1.014,-0.051,2.64,2.0,,43.49,45.275,
2025-05-15T19:50:54.628Z,10,GR86-036-98,10.2,-1.027,-0.072,2.61,2.0,5774.0,42.24,43.795,107.55
2025-05-15T19:50:54.673Z,10,GR86-036-98,10.2,-1.025,-0.104,2.61,2.0,,42.15,43.735,
2025-05-15T19:50:54.717Z,10,GR86-036-98,10.2,-1.0,-0.097,2.59,2.0,,42.085,43.4,
2025-05-15T19:50:54.761Z,10,GR86-036-98,10.2,-0.942,-0.08,2.58,2.0,,41.965,43.4,
2025-05-15T19:50:54.805Z,10,GR86-036-98,6.5,-0.86,-0.056,2.5500000000000003,2.0,,39.37,41.14,
2025-05-15T19:50:54.849Z,10,GR86-036-98,1.9,-0.887,-0.132,2.54,2.0,5514.0,38.47,39.875,101.6
2025-05-15T19:50:54.893Z,10,GR86-036-98,-1.9,-0.798,-0.145,11.21,2.0,,39.125,40.365,
2025-05-15T19:50:54.937Z,10,GR86-036-98,-4.6000000000000005,-0.993,-0.204,55.49,2.0,,39.43,39.785,
2025-05-15T19:50:54.984Z,10,GR86-036-98,-5.0,-0.884,-0.247,63.29,1.0,,42.055,41.935,
2025-05-15T19:50:55.028Z,10,GR86-036-98,-5.2,-0.999,-0.316,3.38,1.0,,43.765,43.825,
2025-05-15T19:50:55.073Z,10,GR86-036-98,-6.800000000000001,-0.802,-0.213,3.35,1.0,5078.0,44.255,44.59,94.4
2025-05-15T19:50:55.117Z,10,GR86-036-98,-10.9,-1.085,-0.397,3.24,1.0,,45.095,45.155,
2025-05-15T19:50:55.164Z,10,GR86-036-98,-15.4,-0.879,-0.278,3.0,1.0,,41.645,42.745,
2025-05-15T19:50:55.208Z,10,GR86-036-98,-17.5,-0.995,-0.288,2.83,1.0,,42.24,43.855,
2025-05-15T19:50:55.252Z,10,GR86-036-98,-22.4,-0.964,-0.426,2.74,1.0,,42.985,43.55,
2025-05-15T19:50:55.296Z,10,GR86-036-98,-28.8,-1.232,-0.444,2.68,1.0,5161.0,41.965,42.425,89.69
2025-05-15T19:50:55.340Z,10,GR86-036-98,-31.6,-0.934,-0.459,2.59,1.0,,41.52,42.835,
2025-05-15T19:50:55.384Z,10,GR86-036-98,-31.6,-0.795,-0.793,2.48,1.0,,30.43,31.39,
2025-05-15T19:50:55.428Z,10,GR86-036-98,-28.200000000000003,-0.604,-0.604,2.47,1.0,,21.625,22.965,
2025-05-15T19:50:55.473Z,10,GR86-036-98,-26.6,-0.621,-0.812,2.45,1.0,,17.87,18.89,
2025-05-15T19:50:55.517Z,10,GR86-036-98,-26.6,-0.588,-0.78,2.44,1.0,5601.0,17.150000000000002,18.085,83.47
2025-05-15T19:50:55.564Z,10,GR86-036-98,-26.6,-0.522,-0.888,2.43,1.0,,14.3,14.815,
2025-05-15T19:50:55.608Z,10,GR86-036-98,-28.1,-0.463,-0.88,2.43,1.0,,10.375,10.985,
2025-05-15T19:50:55.655Z,10,GR86-036-98,-35.300000000000004,-0.29,-0.947,2.42,1.0,,4.305,4.9,
2025-05-15T19:50:55.700Z,10,GR86-036-98,-43.2,-0.232,-0.946,2.42,1.0,,0.0,0.0,
2025-05-15T19:50:55.744Z,10,GR86-036-98,-55.900000000000006,-0.267,-1.0,2.42,1.0,5254.0,0.0,0.0,75.37
2025-05-15T19:50:55.789Z,10,GR86-036-98,-62.400000000000006,-0.224,-0.959,2.42,1.0,,0.0,0.0,
2025-05-15T19:50:55.834Z,10,GR86-036-98,-66.0,-0.229,-0.937,2.42,1.0,,0.0,0.0,
2025-05-15T19:50:55.878Z,10,GR86-036-98,-66.7,-0.18,-0.941,2.42,1.0,,0.0,0.0,
2025-05-15T19:50:55.923Z,10,GR86-036-98,-66.8,-0.214,-1.049,2.42,1.0,,0.0,0.0,
2025-05-15T19:50:55.968Z,10,GR86-036-98,-66.8,-0.254,-1.021,2.42,1.0,5178.0,0.0,0.0,73.12
2025-05-15T19:50:56.014Z,10,GR86-036-98,-66.8,-0.234,-0.959,2.42,1.0,,0.0,0.0,
2025-05-15T19:50:56.058Z,10,GR86-036-98,-66.9,-0.232,-1.023,2.42,1.0,,0.0,0.0,
2025-05-15T19:50:56.104Z,10,GR86-036-98,-68.8,-0.227,-1.054,2.43,1.0,,0.0,0.0,
2025-05-15T19:50:56.148Z,10,GR86-036-98,-70.7,-0.205,-1.051,2.43,1.0,,0.0,0.0,
2025-05-15T19:50:56.194Z,10,GR86-036-98,-71.5,-0.227,-1.008,2.45,1.0,5099.0,0.0,0.0,72.42
2025-05-15T19:50:56.238Z,10,GR86-036-98,-72.2,-0.193,-0.98,2.45,1.0,,0.0,0.0,
2025-05-15T19:50:56.284Z,10,GR86-036-98,-75.3,-0.216,-1.018,2.44,1.0,,0.0,0.0,
2025-05-15T19:50:56.328Z,10,GR86-036-98,-79.2,-0.223,-1.066,2.54,1.0,,0.0,0.0,
2025-05-15T19:50:56.373Z,10,GR86-036-98,-84.2,-0.184,-0.984,2.7,1.0,,0.0,0.0,
2025-05-15T19:50:56.417Z,10,GR86-036-98,-88.60000000000001,-0.242,-1.113,2.74,1.0,4979.0,0.0,0.0,70.8
2025-05-15T19:50:56.464Z,10,GR86-036-98,-92.7,-0.284,-1.175,4.7,1.0,,0.0,0.0,
2025-05-15T19:50:56.508Z,10,GR86-036-98,-93.4,-0.244,-1.117,8.06,1.0,,0.0,0.0,
2025-05-15T19:50:56.552Z,10,GR86-036-98,-93.6,-0.221,-1.185,8.64,1.0,,0.0,0.0,
2025-05-15T19:50:56.599Z,10,GR86-036-98,-93.7,-0.231,-1.167,11.19,1.0,,0.0,0.0,
2025-05-15T19:50:56.644Z,10,GR86-036-98,-93.7,-0.249,-1.2,18.78,1.0,4851.0,0.0,0.0,69.55
2025-05-15T19:50:56.689Z,10,GR86-036-98,-93.7,-0.195,-1.135,21.54,1.0,,0.0,0.0,
2025-05-15T19:50:56.734Z,10,GR86-036-98,-93.7,-0.168,-1.167,21.61,1.0,,0.0,0.0,
2025-05-15T19:50:56.778Z,10,GR86-036-98,-93.7,-0.167,-1.212,21.7,1.0,,0.0,0.0,
2025-05-15T19:50:56.823Z,10,GR86-036-98,-93.7,-0.167,-1.275,22.28,1.0,,0.0,0.0,
2025-05-15T19:50:56.868Z,10,GR86-036-98,-93.7,0.021,-1.278,22.56,1.0,4834.0,0.0,0.0,68.24
2025-05-15T19:50:56.914Z,10,GR86-036-98,-93.7,0.0,-1.262,22.63,1.0,,0.0,0.0,
2025-05-15T19:50:56.958Z,10,GR86-036-98,-93.7,0.1,-1.214,22.7,1.0,,0.0,0.0,
2025-05-15T19:50:57.004Z,10,GR86-036-98,-93.3,0.056,-1.205,23.6,1.0,,0.0,0.0,
2025-05-15T19:50:57.048Z,10,GR86-036-98,-90.3,0.177,-1.08,23.58,1.0,,0.0,0.0,
2025-05-15T19:50:57.094Z,10,GR86-036-98,-85.0,0.062,-1.134,23.48,1.0,5191.0,0.0,0.0,66.97
2025-05-15T19:50:57.138Z,10,GR86-036-98,-71.3,0.015,-1.417,23.19,1.0,,0.0,0.0,
2025-05-15T19:50:57.184Z,10,GR86-036-98,-45.400000000000006,0.008,-1.295,23.03,1.0,,0.0,0.0,
2025-05-15T19:50:57.228Z,10,GR86-036-98,-23.3,0.04,-1.362,22.18,1.0,,0.0,0.0,
2025-05-15T19:50:57.273Z,10,GR86-036-98,-9.2,0.178,-1.206,22.09,1.0,,0.0,0.0,
2025-05-15T19:50:57.317Z,10,GR86-036-98,2.3000000000000003,0.253,-1.074,22.11,1.0,5101.0,0.0,0.0,66.74
2025-05-15T19:50:57.364Z,10,GR86-036-98,-1.2000000000000002,0.237,-1.114,22.32,1.0,,0.0,0.0,
2025-05-15T19:50:57.408Z,10,GR86-036-98,-16.900000000000002,0.312,-1.108,22.47,1.0,,0.0,0.0,
2025-05-15T19:50:57.452Z,10,GR86-036-98,-23.4,0.221,-0.992,22.78,1.0,,0.0,0.0,
2025-05-15T19:50:57.499Z,10,GR86-036-98,-36.0,0.043,-1.077,24.03,1.0,,0.0,0.0,
2025-05-15T19:50:57.545Z,10,GR86-036-98,-57.0,0.106,-1.343,27.46,1.0,5107.0,0.0,0.0,67.38
2025-05-15T19:50:57.589Z,10,GR86-036-98,-75.9,0.235,-1.346,28.45,1.0,,0.0,0.0,
2025-05-15T19:50:57.634Z,10,GR86-036-98,-84.7,0.146,-1.18,29.26,1.0,,0.0,0.0,
2025-05-15T19:50:57.678Z,10,GR86-036-98,-85.80000000000001,0.064,-1.306,29.34,1.0,,0.0,0.0,
2025-05-15T19:50:57.724Z,10,GR86-036-98,-78.5,0.455,-1.167,29.51,1.0,,0.0,0.0,
2025-05-15T19:50:57.768Z,10,GR86-036-98,-69.4,0.308,-1.258,29.77,1.0,5236.0,0.0,0.0,67.51
2025-05-15T19:50:57.814Z,10,GR86-036-98,-61.400000000000006,0.284,-1.208,30.11,1.0,,0.0,0.0,
2025-05-15T19:50:57.858Z,10,GR86-036-98,-61.400000000000006,0.246,-1.017,31.07,1.0,,0.0,0.0,
2025-05-15T19:50:57.904Z,10,GR86-036-98,-71.8,0.395,-1.112,33.86,1.0,,0.0,0.0,
2025-05-15T19:50:57.948Z,10,GR86-036-98,-77.30000000000001,0.486,-1.015,34.160000000000004,1.0,,0.0,0.0,
2025-05-15T19:50:57.994Z,10,GR86-036-98,-81.7,0.325,-0.946,34.410000000000004,1.0,5276.0,0.0,0.0,69.06
2025-05-15T19:50:58.038Z,10,GR86-036-98,-82.10000000000001,0.239,-0.968,36.39,1.0,,0.0,0.0,
2025-05-15T19:50:58.084Z,10,GR86-036-98,-82.10000000000001,0.184,-1.135,36.75,1.0,,0.0,0.0,
2025-05-15T19:50:58.173Z,10,GR86-036-98,-72.3,0.138,-0.987,37.1,1.0,,0.0,0.0,
2025-05-15T19:50:58.217Z,10,GR86-036-98,-60.7,0.278,-0.996,39.6,1.0,5384.0,0.0,0.0,70.12
2025-05-15T19:50:58.261Z,10,GR86-036-98,-59.400000000000006,0.348,-0.989,39.06,1.0,,0.0,0.0,
2025-05-15T19:50:58.305Z,10,GR86-036-98,-53.0,0.177,-1.091,39.38,1.0,,0.0,0.0,
2025-05-15T19:50:58.349Z,10,GR86-036-98,-48.7,0.135,-0.993,43.89,1.0,,0.0,0.0,
2025-05-15T19:50:58.394Z,10,GR86-036-98,-44.7,-0.004,-0.991,53.17,1.0,,0.0,0.0,
2025-05-15T19:50:58.438Z,10,GR86-036-98,-44.400000000000006,0.163,-1.095,54.67,1.0,5493.0,0.0,0.0,72.03
2025-05-15T19:50:58.484Z,10,GR86-036-98,-42.7,0.456,-1.023,54.17,1.0,,0.0,0.0,
2025-05-15T19:50:58.528Z,10,GR86-036-98,-40.1,0.52,-0.926,56.35,1.0,,0.0,0.0,
2025-05-15T19:50:58.573Z,10,GR86-036-98,-39.3,0.433,-0.9,73.16,1.0,,0.0,0.0,
2025-05-15T19:50:58.617Z,10,GR86-036-98,-39.1,0.353,-0.872,98.05,1.0,,0.0,0.0,
2025-05-15T19:50:58.661Z,10,GR86-036-98,-39.1,0.256,-0.8150000000000001,99.9,1.0,5783.0,0.0,0.0,73.64
2025-05-15T19:50:58.705Z,10,GR86-036-98,-39.1,0.281,-0.78,99.87,1.0,,0.0,0.0,
2025-05-15T19:50:58.749Z,10,GR86-036-98,-38.400000000000006,0.284,-0.766,99.87,1.0,,0.0,0.0,
2025-05-15T19:50:58.794Z,10,GR86-036-98,-38.3,0.352,-0.779,99.85,1.0,,0.0,0.0,
2025-05-15T19:50:58.838Z,10,GR86-036-98,-38.1,0.375,-0.773,99.86,1.0,,0.0,0.0,
2025-05-15T19:50:58.884Z,10,GR86-036-98,-36.1,0.322,-0.736,99.88,1.0,5781.0,0.0,0.0,75.13
2025-05-15T19:50:58.928Z,10,GR86-036-98,-32.7,0.321,-0.733,99.89,1.0,,0.0,0.0,
2025-05-15T19:50:58.973Z,10,GR86-036-98,-27.700000000000003,0.33,-0.674,99.89,1.0,,0.0,0.0,
2025-05-15T19:50:59.017Z,10,GR86-036-98,-24.3,0.357,-0.583,99.89,1.0,,0.0,0.0,
2025-05-15T19:50:59.064Z,10,GR86-036-98,-21.5,0.386,-0.491,99.89,1.0,,0.0,0.0,
2025-05-15T19:50:59.108Z,10,GR86-036-98,-20.3,0.29,-0.502,99.87,1.0,5897.0,0.0,0.0,77.52
2025-05-15T19:50:59.152Z,10,GR86-036-98,-19.0,0.332,-0.5,99.88,1.0,,0.0,0.0,
2025-05-15T19:50:59.196Z,10,GR86-036-98,-18.0,0.335,-0.451,99.88,1.0,,0.0,0.0,
2025-05-15T19:50:59.240Z,10,GR86-036-98,-16.400000000000002,0.355,-0.488,99.88,1.0,,0.0,0.0,
2025-05-15T19:50:59.284Z,10,GR86-036-98,-11.5,0.397,-0.453,99.88,1.0,,0.0,0.0,
2025-05-15T19:50:59.328Z,10,GR86-036-98,-7.1000000000000005,0.344,-0.414,99.89,1.0,6098.0,0.0,0.0,79.32000000000001
2025-05-15T19:50:59.373Z,10,GR86-036-98,-2.0,0.338,-0.292,99.88,1.0,,0.0,0.0,
2025-05-15T19:50:59.417Z,10,GR86-036-98,2.3000000000000003,0.302,-0.215,99.88,1.0,,0.0,0.0,
2025-05-15T19:50:59.461Z,10,GR86-036-98,4.9,0.335,-0.141,99.88,1.0,,0.0,0.0,
2025-05-15T19:50:59.549Z,10,GR86-036-98,8.6,0.369,0.007,99.91,1.0,6451.0,0.0,0.0,84.15
2025-05-15T19:50:59.594Z,10,GR86-036-98,9.2,0.381,0.02,99.88,1.0,,0.0,0.0,
2025-05-15T19:50:59.638Z,10,GR86-036-98,10.2,0.36,0.047,99.91,1.0,,0.0,0.0,
2025-05-15T19:50:59.684Z,10,GR86-036-98,12.9,0.313,0.067,99.88,1.0,,0.0,0.0,
2025-05-15T19:50:59.728Z,10,GR86-036-98,14.9,0.3,0.103,99.89,1.0,,0.0,0.0,
2025-05-15T19:50:59.773Z,10,GR86-036-98,16.6,0.334,0.172,99.91,1.0,6599.0,0.0,0.0,86.85000000000001
2025-05-15T19:50:59.817Z,10,GR86-036-98,17.7,0.342,0.166,99.9,1.0,,0.0,0.0,
2025-05-15T19:50:59.861Z,10,GR86-036-98,18.8,0.223,0.215,99.9,1.0,,0.0,0.0,
2025-05-15T19:50:59.908Z,10,GR86-036-98,19.9,0.162,0.236,99.92,1.0,,0.0,0.0,
2025-05-15T19:50:59.955Z,10,GR86-036-98,19.9,-0.068,0.313,99.91,2.0,,0.0,0.0,
2025-05-15T19:50:59.999Z,10,GR86-036-98,19.9,0.174,0.325,99.91,2.0,6422.0,0.0,0.0,89.25
2025-05-15T19:51:00.044Z,10,GR86-036-98,19.9,0.317,0.223,99.9,2.0,,0.0,0.0,
2025-05-15T19:51:00.089Z,10,GR86-036-98,19.9,0.6990000000000001,0.324,99.91,2.0,,0.0,0.0,
2025-05-15T19:51:00.134Z,10,GR86-036-98,20.0,0.425,0.347,99.92,2.0,,0.0,0.0,
2025-05-15T19:51:00.178Z,10,GR86-036-98,20.0,0.295,0.352,99.92,2.0,,0.0,0.0,
2025-05-15T19:51:00.224Z,10,GR86-036-98,20.0,0.206,0.477,99.91,2.0,5574.0,0.0,0.0,90.79
2025-05-15T19:51:00.268Z,10,GR86-036-98,20.0,0.29,0.438,99.9,2.0,,0.0,0.0,
2025-05-15T19:51:00.314Z,10,GR86-036-98,19.9,0.31,0.435,99.92,2.0,,0.0,0.0,
2025-05-15T19:51:00.358Z,10,GR86-036-98,19.3,0.295,0.419,99.9,2.0,,0.0,0.0,
2025-05-15T19:51:00.404Z,10,GR86-036-98,17.400000000000002,0.291,0.284,99.91,2.0,,0.0,0.0,
2025-05-15T19:51:00.448Z,10,GR86-036-98,17.3,0.284,0.216,99.9,2.0,5528.0,0.0,0.0,93.43
2025-05-15T19:51:00.494Z,10,GR86-036-98,17.3,0.303,0.157,99.91,2.0,,0.0,0.0,
2025-05-15T19:51:00.538Z,10,GR86-036-98,17.0,0.282,0.141,99.9,2.0,,0.0,0.0,
2025-05-15T19:51:00.584Z,10,GR86-036-98,16.2,0.265,0.158,99.9,2.0,,0.0,0.0,
2025-05-15T19:51:00.629Z,10,GR86-036-98,15.9,0.311,0.158,99.9,2.0,,0.0,0.0,
2025-05-15T19:51:00.673Z,10,GR86-036-98,14.9,0.282,0.176,99.91,2.0,5602.0,0.0,0.0,95.59
2025-05-15T19:51:00.717Z,10,GR86-036-98,14.4,0.327,0.164,99.92,2.0,,0.0,0.0,
2025-05-15T19:51:00.764Z,10,GR86-036-98,13.3,0.297,0.162,99.9,2.0,,0.0,0.0,
2025-05-15T19:51:00.855Z,10,GR86-036-98,12.3,0.281,0.144,99.91,2.0,,0.0,0.0,
2025-05-15T19:51:00.899Z,10,GR86-036-98,7.800000000000001,0.26,0.022,99.9,2.0,5715.0,0.0,0.0,97.48
2025-05-15T19:51:00.945Z,10,GR86-036-98,4.1000000000000005,0.291,0.012,99.9,2.0,,0.0,0.0,
2025-05-15T19:51:00.989Z,10,GR86-036-98,1.6,0.295,-0.066,99.9,2.0,,0.0,0.0,
2025-05-15T19:51:01.034Z,10,GR86-036-98,-0.9,0.271,-0.068,99.91,2.0,,0.0,0.0,
2025-05-15T19:51:01.078Z,10,GR86-036-98,-2.8000000000000003,0.302,-0.109,99.91,2.0,,0.0,0.0,
2025-05-15T19:51:01.123Z,10,GR86-036-98,-5.7,0.259,-0.192,99.89,2.0,5825.0,0.0,0.0,99.59
2025-05-15T19:51:01.168Z,10,GR86-036-98,-7.4,0.268,-0.242,99.9,2.0,,0.0,0.0,
2025-05-15T19:51:01.214Z,10,GR86-036-98,-8.200000000000001,0.289,-0.307,99.91,2.0,,0.0,0.0,
2025-05-15T19:51:01.258Z,10,GR86-036-98,-8.8,0.24,-0.293,99.92,2.0,,0.0,0.0,
2025-05-15T19:51:01.304Z,10,GR86-036-98,-8.9,0.305,-0.376,99.91,2.0,,0.0,0.0,
2025-05-15T19:51:01.348Z,10,GR86-036-98,-8.9,0.296,-0.381,99.92,2.0,6069.0,0.0,0.0,103.59
2025-05-15T19:51:01.394Z,10,GR86-036-98,-8.9,0.223,-0.404,99.91,2.0,,0.0,0.0,
2025-05-15T19:51:01.438Z,10,GR86-036-98,-8.9,0.292,-0.414,99.91,2.0,,0.0,0.0,
2025-05-15T19:51:01.484Z,10,GR86-036-98,-8.9,0.23,-0.418,99.91,2.0,,0.0,0.0,
2025-05-15T19:51:01.528Z,10,GR86-036-98,-8.9,0.258,-0.413,99.91,2.0,,0.0,0.0,
2025-05-15T19:51:01.573Z,10,GR86-036-98,-9.0,0.327,-0.437,99.92,2.0,6195.0,0.0,0.0,105.59
2025-05-15T19:51:01.617Z,10,GR86-036-98,-8.9,0.274,-0.408,99.9,2.0,,0.0,0.0,
2025-05-15T19:51:01.661Z,10,GR86-036-98,-9.0,0.264,-0.345,99.92,2.0,,0.0,0.0,
2025-05-15T19:51:01.749Z,10,GR86-036-98,-9.0,0.227,-0.395,99.91,2.0,,0.0,0.0,
2025-05-15T19:51:01.793Z,10,GR86-036-98,-9.0,0.309,-0.422,99.91,2.0,6281.0,0.0,0.0,107.47
2025-05-15T19:51:01.838Z,10,GR86-036-98,-9.0,0.317,-0.419,99.9,2.0,,0.0,0.0,
2025-05-15T19:51:01.884Z,10,GR86-036-98,-8.9,0.232,-0.367,99.9,2.0,,0.0,0.0,
2025-05-15T19:51:01.928Z,10,GR86-036-98,-8.9,0.198,-0.38,99.93,2.0,,0.0,0.0,
2025-05-15T19:51:01.973Z,10,GR86-036-98,-8.9,0.265,-0.406,99.91,2.0,,0.0,0.0,
2025-05-15T19:51:02.017Z,10,GR86-036-98,-8.9,0.292,-0.377,99.91,2.0,6367.0,0.0,0.0,109.27
2025-05-15T19:51:02.064Z,10,GR86-036-98,-8.9,0.296,-0.414,99.91,2.0,,0.0,0.0,
2025-05-15T19:51:02.108Z,10,GR86-036-98,-9.0,0.257,-0.361,99.91,2.0,,0.0,0.0,
2025-05-15T19:51:02.152Z,10,GR86-036-98,-9.0,0.218,-0.356,99.91,2.0,,0.0,0.0,
2025-05-15T19:51:02.196Z,10,GR86-036-98,-9.0,0.199,-0.375,99.91,2.0,,0.0,0.0,
2025-05-15T19:51:02.240Z,10,GR86-036-98,-9.0,0.226,-0.27,99.91,2.0,6435.0,0.0,0.0,111.37
2025-05-15T19:51:02.284Z,10,GR86-036-98,-8.9,0.229,-0.39,99.91,2.0,,0.0,0.0,
2025-05-15T19:51:02.328Z,10,GR86-036-98,-9.0,0.295,-0.412,99.91,2.0,,0.0,0.0,
2025-05-15T19:51:02.373Z,10,GR86-036-98,-9.0,0.34,-0.48,99.92,2.0,,0.0,0.0,
2025-05-15T19:51:02.417Z,10,GR86-036-98,-9.0,0.281,-0.508,99.91,2.0,,0.0,0.0,
2025-05-15T19:51:02.462Z,10,GR86-036-98,-9.0,0.206,-0.492,99.9,2.0,6666.0,0.0,0.0,112.81
2025-05-15T19:51:02.552Z,10,GR86-036-98,-9.0,0.23,-0.485,99.91,2.0,,0.0,0.0,
2025-05-15T19:51:02.599Z,10,GR86-036-98,-9.0,0.268,-0.373,99.91,2.0,,0.0,0.0,
2025-05-15T19:51:02.644Z,10,GR86-036-98,-9.0,0.234,-0.376,99.92,2.0,,0.0,0.0,
2025-05-15T19:51:02.689Z,10,GR86-036-98,-9.0,0.18,-0.392,99.93,2.0,6694.0,0.0,0.0,114.92
2025-05-15T19:51:02.734Z,10,GR86-036-98,-9.1,-0.134,-0.363,99.91,3.0,,0.0,0.0,
2025-05-15T19:51:02.778Z,10,GR86-036-98,-9.1,-0.017,-0.414,99.92,3.0,,0.0,0.0,
2025-05-15T19:51:02.823Z,10,GR86-036-98,-9.1,0.441,-0.482,99.91,3.0,,0.0,0.0,
2025-05-15T19:51:02.868Z,10,GR86-036-98,-9.1,0.413,-0.378,99.91,3.0,,0.0,0.0,
2025-05-15T19:51:02.914Z,10,GR86-036-98,-9.2,0.175,-0.434,99.92,3.0,6419.0,0.0,0.0,116.61
2025-05-15T19:51:02.958Z,10,GR86-036-98,-9.2,0.103,-0.542,99.9,3.0,,0.0,0.0,
2025-05-15T19:51:03.004Z,10,GR86-036-98,-9.2,0.186,-0.484,99.93,3.0,,0.0,0.0,
2025-05-15T19:51:03.048Z,10,GR86-036-98,-9.3,0.241,-0.5730000000000001,99.91,3.0,,0.0,0.0,
2025-05-15T19:51:03.094Z,10,GR86-036-98,-9.4,0.223,-0.577,99.91,3.0,,0.0,0.0,
2025-05-15T19:51:03.138Z,10,GR86-036-98,-9.4,0.181,-0.585,99.9,3.0,5491.0,0.0,0.0,117.95
2025-05-15T19:51:03.184Z,10,GR86-036-98,-9.4,0.182,-0.608,91.79,3.0,,0.0,0.0,
2025-05-15T19:51:03.228Z,10,GR86-036-98,-8.8,0.222,-0.552,57.120000000000005,3.0,,0.0,0.0,
2025-05-15T19:51:03.273Z,10,GR86-036-98,-8.8,0.196,-0.48,43.27,3.0,,0.0,0.0,
2025-05-15T19:51:03.364Z,10,GR86-036-98,-8.8,0.178,-0.525,37.43,3.0,5713.0,0.0,0.0,121.26
2025-05-15T19:51:03.408Z,10,GR86-036-98,-8.8,0.164,-0.43,36.3,3.0,,0.0,0.0,
2025-05-15T19:51:03.455Z,10,GR86-036-98,-8.8,0.119,-0.425,34.94,3.0,,0.0,0.0,
2025-05-15T19:51:03.499Z,10,GR86-036-98,-8.8,0.126,-0.408,31.81,3.0,,0.0,0.0,
2025-05-15T19:51:03.545Z,10,GR86-036-98,-8.700000000000001,0.115,-0.441,28.97,3.0,,0.0,0.0,
2025-05-15T19:51:03.589Z,10,GR86-036-98,-8.700000000000001,0.132,-0.437,27.67,3.0,5772.0,0.0,0.0,122.53
2025-05-15T19:51:03.634Z,10,GR86-036-98,-8.700000000000001,0.095,-0.418,26.68,3.0,,0.0,0.0,
2025-05-15T19:51:03.678Z,10,GR86-036-98,-8.700000000000001,0.065,-0.456,25.37,3.0,,0.0,0.0,
2025-05-15T19:51:03.768Z,10,GR86-036-98,-8.700000000000001,0.063,-0.462,24.43,3.0,,0.0,0.0,
2025-05-15T19:51:03.814Z,10,GR86-036-98,-8.700000000000001,0.068,-0.441,24.34,3.0,5783.0,0.0,0.0,123.59
2025-05-15T19:51:03.858Z,10,GR86-036-98,-8.700000000000001,0.046,-0.446,24.58,3.0,,0.0,0.0,
2025-05-15T19:51:03.904Z,10,GR86-036-98,-8.700000000000001,0.04,-0.437,25.42,3.0,,0.0,0.0,
2025-05-15T19:51:03.948Z,10,GR86-036-98,-8.700000000000001,0.056,-0.455,25.65,3.0,,0.0,0.0,
2025-05-15T19:51:03.994Z,10,GR86-036-98,-8.700000000000001,0.091,-0.426,25.79,3.0,,0.0,0.0,
2025-05-15T19:51:04.038Z,10,GR86-036-98,-8.700000000000001,0.049,-0.412,25.83,3.0,5797.0,0.0,0.0,124.39
2025-05-15T19:51:04.084Z,10,GR86-036-98,-8.700000000000001,0.051,-0.42,25.83,3.0,,0.0,0.0,
2025-05-15T19:51:04.128Z,10,GR86-036-98,-8.700000000000001,0.057,-0.463,25.9,3.0,,0.0,0.0,
2025-05-15T19:51:04.173Z,10,GR86-036-98,-8.700000000000001,0.083,-0.462,25.99,3.0,,0.0,0.0,
2025-05-15T19:51:04.217Z,10,GR86-036-98,-8.8,0.064,-0.488,26.09,3.0,,0.0,0.0,
2025-05-15T19:51:04.264Z,10,GR86-036-98,-9.4,0.052,-0.49,26.26,3.0,5825.0,0.0,0.0,124.91
2025-05-15T19:51:04.308Z,10,GR86-036-98,-9.5,0.056,-0.513,26.4,3.0,,0.0,0.0,
2025-05-15T19:51:04.352Z,10,GR86-036-98,-9.6,0.062,-0.536,27.06,3.0,,0.0,0.0,
2025-05-15T19:51:04.399Z,10,GR86-036-98,-9.6,0.073,-0.514,28.44,3.0,,0.0,0.0,
2025-05-15T19:51:04.444Z,10,GR86-036-98,-9.7,0.096,-0.5720000000000001,30.28,3.0,,0.0,0.0,
2025-05-15T19:51:04.488Z,10,GR86-036-98,-9.7,0.06,-0.5680000000000001,31.57,3.0,5865.0,0.0,0.0,125.46
2025-05-15T19:51:04.534Z,10,GR86-036-98,-10.0,0.089,-0.58,31.92,3.0,,0.0,0.0,
2025-05-15T19:51:04.578Z,10,GR86-036-98,-10.7,0.115,-0.5670000000000001,32.04,3.0,,0.0,0.0,
2025-05-15T19:51:04.623Z,10,GR86-036-98,-10.9,0.115,-0.56,32.27,3.0,,0.0,0.0,
2025-05-15T19:51:04.668Z,10,GR86-036-98,-10.9,0.099,-0.5670000000000001,32.78,3.0,,0.0,0.0,
2025-05-15T19:51:04.713Z,10,GR86-036-98,-10.9,0.088,-0.583,33.53,3.0,5892.0,0.0,0.0,126.03
2025-05-15T19:51:04.758Z,10,GR86-036-98,-11.0,0.109,-0.592,33.92,3.0,,0.0,0.0,
2025-05-15T19:51:04.804Z,10,GR86-036-98,-11.0,0.111,-0.596,34.13,3.0,,0.0,0.0,
2025-05-15T19:51:04.848Z,10,GR86-036-98,-11.0,0.122,-0.599,34.53,3.0,,0.0,0.0,
2025-05-15T19:51:04.894Z,10,GR86-036-98,-11.1,0.088,-0.5660000000000001,35.7,3.0,,0.0,0.0,
2025-05-15T19:51:04.938Z,10,GR86-036-98,-11.1,0.089,-0.611,36.59,3.0,5933.0,0.0,0.0,126.6
2025-05-15T19:51:04.984Z,10,GR86-036-98,-11.1,0.093,-0.586,37.93,3.0,,0.0,0.0,
2025-05-15T19:51:05.028Z,10,GR86-036-98,-11.2,0.119,-0.602,38.58,3.0,,0.0,0.0,
2025-05-15T19:51:05.073Z,10,GR86-036-98,-11.2,0.125,-0.5750000000000001,39.61,3.0,,0.0,0.0,
2025-05-15T19:51:05.164Z,10,GR86-036-98,-11.2,0.105,-0.603,41.36,3.0,6031.0,0.0,0.0,128.14
2025-05-15T19:51:05.208Z,10,GR86-036-98,-11.2,0.105,-0.634,43.1,3.0,,0.0,0.0,
2025-05-15T19:51:05.252Z,10,GR86-036-98,-11.2,0.141,-0.636,43.03,3.0,,0.0,0.0,
2025-05-15T19:51:05.299Z,10,GR86-036-98,-11.3,0.155,-0.625,42.94,3.0,,0.0,0.0,
2025-05-15T19:51:05.344Z,10,GR86-036-98,-11.3,0.147,-0.5660000000000001,42.85,3.0,,0.0,0.0,
2025-05-15T19:51:05.389Z,10,GR86-036-98,-11.3,0.107,-0.605,42.77,3.0,6072.0,0.0,0.0,129.06
2025-05-15T19:51:05.434Z,10,GR86-036-98,-11.3,0.138,-0.588,42.27,3.0,,0.0,0.0,
2025-05-15T19:51:05.478Z,10,GR86-036-98,-11.3,0.149,-0.545,41.91,3.0,,0.0,0.0,
2025-05-15T19:51:05.523Z,10,GR86-036-98,-11.3,0.121,-0.584,41.77,3.0,,0.0,0.0,
2025-05-15T19:51:05.568Z,10,GR86-036-98,-11.3,0.145,-0.62,41.81,3.0,,0.0,0.0,
2025-05-15T19:51:05.614Z,10,GR86-036-98,-11.3,0.112,-0.6940000000000001,42.33,3.0,6120.0,0.0,0.0,130.0
2025-05-15T19:51:05.658Z,10,GR86-036-98,-11.3,0.153,-0.629,44.19,3.0,,0.0,0.0,
2025-05-15T19:51:05.704Z,10,GR86-036-98,-11.3,0.122,-0.499,48.24,3.0,,0.0,0.0,
2025-05-15T19:51:05.748Z,10,GR86-036-98,-11.3,0.141,-0.494,48.92,3.0,,0.0,0.0,
2025-05-15T19:51:05.794Z,10,GR86-036-98,-11.3,0.136,-0.478,47.870000000000005,3.0,,0.0,0.0,
2025-05-15T19:51:05.838Z,10,GR86-036-98,-11.3,0.121,-0.542,47.59,3.0,6137.0,0.0,0.0,131.39
2025-05-15T19:51:05.884Z,10,GR86-036-98,-11.3,0.114,-0.534,48.61,3.0,,0.0,0.0,
2025-05-15T19:51:05.928Z,10,GR86-036-98,-11.3,0.222,-0.507,52.03,3.0,,0.0,0.0,
2025-05-15T19:51:05.973Z,10,GR86-036-98,-11.3,0.146,-0.496,53.93,3.0,,0.0,0.0,
2025-05-15T19:51:06.017Z,10,GR86-036-98,-11.3,0.169,-0.53,53.33,3.0,,0.0,0.0,
2025-05-15T19:51:06.064Z,10,GR86-036-98,-11.3,0.214,-0.515,50.34,3.0,6212.0,0.0,0.0,132.12
2025-05-15T19:51:06.108Z,10,GR86-036-98,-11.3,0.166,-0.513,49.81,3.0,,0.0,0.0,
2025-05-15T19:51:06.153Z,10,GR86-036-98,-11.3,0.136,-0.505,49.11,3.0,,0.0,0.0,
2025-05-15T19:51:06.199Z,10,GR86-036-98,-11.3,0.164,-0.418,44.03,3.0,,0.0,0.0,
2025-05-15T19:51:06.244Z,10,GR86-036-98,-11.3,0.152,-0.381,39.31,3.0,,0.0,0.0,
2025-05-15T19:51:06.288Z,10,GR86-036-98,-10.8,0.163,-0.381,39.61,3.0,6258.0,0.0,0.0,133.44
2025-05-15T19:51:06.334Z,10,GR86-036-98,-10.0,0.119,-0.439,41.93,3.0,,0.0,0.0,
2025-05-15T19:51:06.378Z,10,GR86-036-98,-9.2,0.095,-0.481,44.24,3.0,,0.0,0.0,
2025-05-15T19:51:06.423Z,10,GR86-036-98,-8.9,0.121,-0.523,46.03,3.0,,0.0,0.0,
2025-05-15T19:51:06.468Z,10,GR86-036-98,-8.9,0.135,-0.493,46.11,3.0,,0.0,0.0,
2025-05-15T19:51:06.514Z,10,GR86-036-98,-8.8,0.127,-0.468,46.1,3.0,6324.0,0.0,0.0,134.46
2025-05-15T19:51:06.558Z,10,GR86-036-98,-8.8,0.138,-0.485,46.15,3.0,,0.0,0.0,
2025-05-15T19:51:06.604Z,10,GR86-036-98,-8.200000000000001,0.167,-0.463,48.67,3.0,,0.0,0.0,
2025-05-15T19:51:06.648Z,10,GR86-036-98,-7.5,0.139,-0.484,50.120000000000005,3.0,,0.0,0.0,
2025-05-15T19:51:06.694Z,10,GR86-036-98,-6.7,0.147,-0.47,51.05,3.0,,0.0,0.0,
2025-05-15T19:51:06.738Z,10,GR86-036-98,-6.0,0.16,-0.42,51.2,3.0,6368.0,0.0,0.0,135.63
2025-05-15T19:51:06.784Z,10,GR86-036-98,-5.1000000000000005,0.157,-0.405,51.31,3.0,,0.0,0.0,
2025-05-15T19:51:06.828Z,10,GR86-036-98,-4.3,0.172,-0.352,52.77,3.0,,0.0,0.0,
2025-05-15T19:51:06.873Z,10,GR86-036-98,-3.6,0.155,-0.347,55.23,3.0,,0.0,0.0,
2025-05-15T19:51:06.917Z,10,GR86-036-98,-3.1,0.151,-0.362,58.19,3.0,,0.0,0.0,
2025-05-15T19:51:06.964Z,10,GR86-036-98,-2.7,0.164,-0.304,66.49,3.0,6490.0,0.0,0.0,137.76
2025-05-15T19:51:07.008Z,10,GR86-036-98,-2.5,0.165,-0.31,76.04,3.0,,0.0,0.0,
2025-05-15T19:51:07.052Z,10,GR86-036-98,-2.3000000000000003,0.191,-0.265,96.17,3.0,,0.0,0.0,
2025-05-15T19:51:07.099Z,10,GR86-036-98,-2.1,0.189,-0.228,99.69,3.0,,0.0,0.0,
2025-05-15T19:51:07.144Z,10,GR86-036-98,-1.5,0.171,-0.22,99.87,3.0,,0.0,0.0,
2025-05-15T19:51:07.189Z,10,GR86-036-98,0.2,0.195,-0.211,99.88,3.0,6531.0,0.0,0.0,138.91
2025-05-15T19:51:07.234Z,10,GR86-036-98,1.8,0.181,-0.239,99.88,3.0,,0.0,0.0,
2025-05-15T19:51:07.278Z,10,GR86-036-98,2.6,0.194,-0.209,99.89,3.0,,0.0,0.0,
2025-05-15T19:51:07.323Z,10,GR86-036-98,3.0,0.159,-0.167,99.9,3.0,,0.0,0.0,
2025-05-15T19:51:07.368Z,10,GR86-036-98,3.3000000000000003,0.198,-0.154,99.9,3.0,,0.0,0.0,
2025-05-15T19:51:07.414Z,10,GR86-036-98,3.6,0.199,-0.068,99.89,3.0,6598.0,0.0,0.0,140.21
2025-05-15T19:51:07.458Z,10,GR86-036-98,3.9,0.197,-0.039,99.91,3.0,,0.0,0.0,
2025-05-15T19:51:07.504Z,10,GR86-036-98,3.9,0.202,0.0,99.9,3.0,,0.0,0.0,
2025-05-15T19:51:07.548Z,10,GR86-036-98,4.0,0.185,0.006,99.91,3.0,,0.0,0.0,
2025-05-15T19:51:07.594Z,10,GR86-036-98,4.1000000000000005,0.182,-0.025,99.92,3.0,,0.0,0.0,
2025-05-15T19:51:07.638Z,10,GR86-036-98,4.1000000000000005,0.183,-0.011,99.91,3.0,6666.0,0.0,0.0,141.45000000000002
2025-05-15T19:51:07.684Z,10,GR86-036-98,4.1000000000000005,0.166,-0.027,99.9,3.0,,0.0,0.0,
2025-05-15T19:51:07.728Z,10,GR86-036-98,4.1000000000000005,0.186,-0.017,99.91,3.0,,0.0,0.0,
2025-05-15T19:51:07.773Z,10,GR86-036-98,4.1000000000000005,0.163,0.005,99.92,3.0,,0.0,0.0,
2025-05-15T19:51:07.817Z,10,GR86-036-98,4.1000000000000005,-0.143,0.048,99.91,4.0,,0.0,0.0,
2025-05-15T19:51:07.861Z,10,GR86-036-98,4.1000000000000005,0.029,0.017,99.92,4.0,6727.0,0.0,0.0,142.87
2025-05-15T19:51:07.905Z,10,GR86-036-98,4.9,0.273,-0.053,99.91,4.0,,0.0,0.0,
2025-05-15T19:51:07.949Z,10,GR86-036-98,4.9,0.178,-0.017,99.92,4.0,,0.0,0.0,
2025-05-15T19:51:07.994Z,10,GR86-036-98,4.9,0.037,-0.027,99.91,4.0,,0.0,0.0,
2025-05-15T19:51:08.038Z,10,GR86-036-98,4.9,0.131,-0.069,99.9,4.0,,0.0,0.0,
2025-05-15T19:51:08.084Z,10,GR86-036-98,4.9,0.175,-0.024,99.93,4.0,5745.0,0.0,0.0,143.95000000000002
2025-05-15T19:51:08.128Z,10,GR86-036-98,4.9,0.146,-0.043,99.9,4.0,,0.0,0.0,
2025-05-15T19:51:08.173Z,10,GR86-036-98,5.0,0.165,-0.007,99.92,4.0,,0.0,0.0,
2025-05-15T19:51:08.217Z,10,GR86-036-98,5.0,0.173,0.01,99.93,4.0,,0.0,0.0,
2025-05-15T19:51:08.264Z,10,GR86-036-98,5.0,0.197,-0.008,99.9,4.0,,0.0,0.0,
2025-05-15T19:51:08.308Z,10,GR86-036-98,5.0,0.162,0.019,99.93,4.0,5732.0,0.0,0.0,145.1
2025-05-15T19:51:08.399Z,10,GR86-036-98,5.0,0.14,-0.032,99.93,4.0,,0.0,0.0,
2025-05-15T19:51:08.444Z,10,GR86-036-98,5.0,0.131,-0.026,99.91,4.0,,0.0,0.0,
2025-05-15T19:51:08.489Z,10,GR86-036-98,5.2,0.127,-0.051,99.92,4.0,,0.0,0.0,
2025-05-15T19:51:08.534Z,10,GR86-036-98,6.300000000000001,0.138,-0.032,99.92,4.0,5792.0,0.0,0.0,146.20000000000002
2025-05-15T19:51:08.578Z,10,GR86-036-98,6.800000000000001,0.17,0.007,99.9,4.0,,0.0,0.0,
2025-05-15T19:51:08.623Z,10,GR86-036-98,6.9,0.129,-0.008,66.29,4.0,,0.0,0.0,
2025-05-15T19:51:08.667Z,10,GR86-036-98,7.1000000000000005,0.166,0.035,56.39,4.0,,0.0,0.0,
2025-05-15T19:51:08.711Z,10,GR86-036-98,7.7,0.17,0.067,53.83,4.0,,0.0,0.0,
2025-05-15T19:51:08.755Z,10,GR86-036-98,8.6,0.176,0.071,53.61,4.0,5894.0,0.0,0.0,148.31
2025-05-15T19:51:08.799Z,10,GR86-036-98,9.5,0.108,0.064,53.41,4.0,,0.0,0.0,
2025-05-15T19:51:08.844Z,10,GR86-036-98,10.2,0.143,0.113,49.56,4.0,,0.0,0.0,
2025-05-15T19:51:08.888Z,10,GR86-036-98,10.6,0.114,0.108,46.54,4.0,,0.0,0.0,
2025-05-15T19:51:08.934Z,10,GR86-036-98,10.7,0.094,0.125,44.11,4.0,,0.0,0.0,
2025-05-15T19:51:08.978Z,10,GR86-036-98,11.1,0.133,0.137,40.77,4.0,5897.0,0.0,0.0,149.68
2025-05-15T19:51:09.023Z,10,GR86-036-98,11.6,0.083,0.15,38.81,4.0,,0.0,0.0,
2025-05-15T19:51:09.068Z,10,GR86-036-98,11.7,0.063,0.16,38.45,4.0,,0.0,0.0,
2025-05-15T19:51:09.114Z,10,GR86-036-98,11.7,0.108,0.18,38.32,4.0,,0.0,0.0,
2025-05-15T19:51:09.158Z,10,GR86-036-98,11.7,0.123,0.209,38.14,4.0,,0.0,0.0,
2025-05-15T19:51:09.203Z,10,GR86-036-98,12.6,0.098,0.191,38.0,4.0,5920.0,0.0,0.0,150.54
2025-05-15T19:51:09.248Z,10,GR86-036-98,13.3,0.125,0.22,37.96,4.0,,0.0,0.0,
2025-05-15T19:51:09.293Z,10,GR86-036-98,14.4,0.129,0.246,37.96,4.0,,0.0,0.0,
2025-05-15T19:51:09.338Z,10,GR86-036-98,16.1,0.108,0.244,38.02,4.0,,0.0,0.0,
2025-05-15T19:51:09.384Z,10,GR86-036-98,18.9,0.12,0.307,38.12,4.0,,0.0,0.0,
2025-05-15T19:51:09.428Z,10,GR86-036-98,20.0,0.1,0.339,38.19,4.0,5953.0,0.0,0.0,151.14
2025-05-15T19:51:09.473Z,10,GR86-036-98,20.3,0.095,0.369,38.24,4.0,,0.0,0.0,
2025-05-15T19:51:09.517Z,10,GR86-036-98,20.4,0.075,0.4,38.27,4.0,,0.0,0.0,
2025-05-15T19:51:09.564Z,10,GR86-036-98,20.4,0.091,0.479,38.46,4.0,,0.0,0.0,
2025-05-15T19:51:09.608Z,10,GR86-036-98,20.4,0.077,0.498,38.66,4.0,,0.0,0.0,
2025-05-15T19:51:09.652Z,10,GR86-036-98,20.4,0.08,0.516,38.74,4.0,5986.0,0.0,0.0,151.69
2025-05-15T19:51:09.699Z,10,GR86-036-98,20.4,0.088,0.542,38.8,4.0,,0.0,0.0,
2025-05-15T19:51:09.744Z,10,GR86-036-98,20.4,0.064,0.543,38.79,4.0,,0.0,0.0,
2025-05-15T19:51:09.789Z,10,GR86-036-98,20.4,0.082,0.541,38.77,4.0,,0.0,0.0,
2025-05-15T19:51:09.834Z,10,GR86-036-98,20.5,0.102,0.527,38.7,4.0,,0.0,0.0,
2025-05-15T19:51:09.878Z,10,GR86-036-98,20.5,0.107,0.513,38.61,4.0,6003.0,0.0,0.0,152.55
2025-05-15T19:51:09.923Z,10,GR86-036-98,20.5,0.079,0.462,38.31,4.0,,0.0,0.0,
2025-05-15T19:51:09.968Z,10,GR86-036-98,20.5,0.098,0.475,37.52,4.0,,0.0,0.0,
2025-05-15T19:51:10.014Z,10,GR86-036-98,20.5,0.101,0.486,36.44,4.0,,0.0,0.0,
2025-05-15T19:51:10.058Z,10,GR86-036-98,20.5,0.091,0.477,35.87,4.0,,0.0,0.0,
2025-05-15T19:51:10.104Z,10,GR86-036-98,20.5,0.09,0.463,35.74,4.0,6028.0,0.0,0.0,153.27
2025-05-15T19:51:10.148Z,10,GR86-036-98,20.5,0.078,0.489,35.83,4.0,,0.0,0.0,
2025-05-15T19:51:10.194Z,10,GR86-036-98,20.5,0.077,0.494,36.0,4.0,,0.0,0.0,
2025-05-15T19:51:10.238Z,10,GR86-036-98,20.5,0.079,0.5,36.23,4.0,,0.0,0.0,
2025-05-15T19:51:10.284Z,10,GR86-036-98,21.3,0.085,0.506,36.45,4.0,,0.0,0.0,
2025-05-15T19:51:10.328Z,10,GR86-036-98,21.4,0.064,0.498,36.69,4.0,6045.0,0.0,0.0,153.65
2025-05-15T19:51:10.373Z,10,GR86-036-98,21.5,0.068,0.507,36.9,4.0,,0.0,0.0,
2025-05-15T19:51:10.417Z,10,GR86-036-98,21.5,0.082,0.551,37.19,4.0,,0.0,0.0,
2025-05-15T19:51:10.464Z,10,GR86-036-98,21.5,0.072,0.578,37.36,4.0,,0.0,0.0,
2025-05-15T19:51:10.508Z,10,GR86-036-98,21.5,0.056,0.595,37.37,4.0,,0.0,0.0,
2025-05-15T19:51:10.552Z,10,GR86-036-98,21.5,0.085,0.593,37.32,4.0,6087.0,0.0,0.0,154.77
2025-05-15T19:51:10.596Z,10,GR86-036-98,21.6,0.111,0.583,37.04,4.0,,0.0,0.0,
2025-05-15T19:51:10.640Z,10,GR86-036-98,21.8,0.101,0.5660000000000001,36.57,4.0,,0.0,0.0,
2025-05-15T19:51:10.684Z,10,GR86-036-98,21.9,0.082,0.514,35.82,4.0,,0.0,0.0,
2025-05-15T19:51:10.728Z,10,GR86-036-98,21.9,0.092,0.557,35.46,4.0,,0.0,0.0,
2025-05-15T19:51:10.773Z,10,GR86-036-98,21.9,0.093,0.598,35.300000000000004,4.0,6124.0,0.0,0.0,155.25
2025-05-15T19:51:10.817Z,10,GR86-036-98,21.9,0.081,0.621,35.27,4.0,,0.0,0.0,
2025-05-15T19:51:10.863Z,10,GR86-036-98,22.200000000000003,0.105,0.647,35.29,4.0,,0.0,0.0,
2025-05-15T19:51:10.908Z,10,GR86-036-98,22.3,0.101,0.649,35.35,4.0,,0.0,0.0,
2025-05-15T19:51:10.952Z,10,GR86-036-98,22.3,0.08,0.663,35.36,4.0,,0.0,0.0,
2025-05-15T19:51:10.999Z,10,GR86-036-98,22.5,0.063,0.673,35.36,4.0,6120.0,0.0,0.0,155.77
2025-05-15T19:51:11.044Z,10,GR86-036-98,22.9,0.053,0.727,35.410000000000004,4.0,,0.0,0.0,
2025-05-15T19:51:11.088Z,10,GR86-036-98,22.9,0.111,0.721,35.480000000000004,4.0,,0.0,0.0,
2025-05-15T19:51:11.134Z,10,GR86-036-98,23.5,0.085,0.6880000000000001,35.6,4.0,,0.0,0.0,
2025-05-15T19:51:11.178Z,10,GR86-036-98,24.1,0.053,0.553,35.67,4.0,,0.0,0.0,
2025-05-15T19:51:11.223Z,10,GR86-036-98,24.200000000000003,0.035,0.495,35.62,4.0,6166.0,0.0,0.0,156.44
2025-05-15T19:51:11.268Z,10,GR86-036-98,24.200000000000003,0.064,0.539,35.62,4.0,,0.0,0.0,
2025-05-15T19:51:11.314Z,10,GR86-036-98,24.200000000000003,0.087,0.498,35.76,4.0,,0.0,0.0,
2025-05-15T19:51:11.358Z,10,GR86-036-98,24.200000000000003,0.106,0.494,36.23,4.0,,0.0,0.0,
2025-05-15T19:51:11.404Z,10,GR86-036-98,24.200000000000003,0.03,0.524,36.42,4.0,,0.0,0.0,
2025-05-15T19:51:11.448Z,10,GR86-036-98,24.200000000000003,0.026,0.603,36.44,4.0,6189.0,0.0,0.0,156.63
2025-05-15T19:51:11.494Z,10,GR86-036-98,24.200000000000003,0.086,0.619,36.67,4.0,,0.0,0.0,
2025-05-15T19:51:11.538Z,10,GR86-036-98,24.200000000000003,0.106,0.559,37.06,4.0,,0.0,0.0,
2025-05-15T19:51:11.584Z,10,GR86-036-98,24.200000000000003,0.043,0.543,37.55,4.0,,0.0,0.0,
2025-05-15T19:51:11.628Z,10,GR86-036-98,24.200000000000003,-0.013,0.631,38.1,4.0,,0.0,0.0,
2025-05-15T19:51:11.673Z,10,GR86-036-98,24.200000000000003,0.142,0.579,38.38,4.0,6197.0,0.0,0.0,157.16
2025-05-15T19:51:11.717Z,10,GR86-036-98,24.200000000000003,0.115,0.632,38.55,4.0,,0.0,0.0,
2025-05-15T19:51:11.764Z,10,GR86-036-98,24.200000000000003,0.058,0.622,39.02,4.0,,0.0,0.0,
2025-05-15T19:51:11.808Z,10,GR86-036-98,24.200000000000003,0.091,0.557,39.1,4.0,,0.0,0.0,
2025-05-15T19:51:11.852Z,10,GR86-036-98,24.200000000000003,0.11,0.516,39.02,4.0,,0.0,0.0,
2025-05-15T19:51:11.899Z,10,GR86-036-98,24.200000000000003,0.112,0.524,38.96,4.0,6195.0,0.0,0.0,157.72
2025-05-15T19:51:11.944Z,10,GR86-036-98,24.200000000000003,0.084,0.498,38.62,4.0,,0.0,0.0,
2025-05-15T19:51:11.989Z,10,GR86-036-98,24.200000000000003,0.12,0.472,38.41,4.0,,0.0,0.0,
2025-05-15T19:51:12.034Z,10,GR86-036-98,24.200000000000003,0.1,0.471,37.91,4.0,,0.0,0.0,
2025-05-15T19:51:12.078Z,10,GR86-036-98,24.200000000000003,0.113,0.444,37.07,4.0,,0.0,0.0,
2025-05-15T19:51:12.123Z,10,GR86-036-98,24.200000000000003,0.089,0.519,37.21,4.0,6226.0,0.0,0.0,158.11
2025-05-15T19:51:12.167Z,10,GR86-036-98,24.200000000000003,0.119,0.626,38.35,4.0,,0.0,0.0,
2025-05-15T19:51:12.211Z,10,GR86-036-98,24.200000000000003,0.133,0.7030000000000001,42.44,4.0,,0.0,0.0,
2025-05-15T19:51:12.255Z,10,GR86-036-98,23.4,0.116,0.679,43.94,4.0,,0.0,0.0,
2025-05-15T19:51:12.299Z,10,GR86-036-98,23.1,0.069,0.6910000000000001,43.98,4.0,,0.0,0.0,
2025-05-15T19:51:12.344Z,10,GR86-036-98,22.700000000000003,0.144,0.554,44.16,4.0,6276.0,0.0,0.0,159.23
2025-05-15T19:51:12.389Z,10,GR86-036-98,22.700000000000003,0.147,0.5,44.72,4.0,,0.0,0.0,
2025-05-15T19:51:12.434Z,10,GR86-036-98,22.700000000000003,0.109,0.431,44.6,4.0,,0.0,0.0,
2025-05-15T19:51:12.478Z,10,GR86-036-98,22.6,0.096,0.381,44.38,4.0,,0.0,0.0,
2025-05-15T19:51:12.524Z,10,GR86-036-98,22.3,0.138,0.39,44.32,4.0,,0.0,0.0,
2025-05-15T19:51:12.568Z,10,GR86-036-98,21.8,0.133,0.398,44.32,4.0,6307.0,0.0,0.0,159.57
2025-05-15T19:51:12.614Z,10,GR86-036-98,21.200000000000003,0.108,0.422,44.35,4.0,,0.0,0.0,
2025-05-15T19:51:12.658Z,10,GR86-036-98,20.4,0.09,0.427,44.38,4.0,,0.0,0.0,
2025-05-15T19:51:12.704Z,10,GR86-036-98,17.900000000000002,0.129,0.439,44.41,4.0,,0.0,0.0,
2025-05-15T19:51:12.748Z,10,GR86-036-98,16.1,0.116,0.425,44.38,4.0,,0.0,0.0,
2025-05-15T19:51:12.794Z,10,GR86-036-98,15.0,0.107,0.388,44.34,4.0,6321.0,0.0,0.0,160.18
2025-05-15T19:51:12.838Z,10,GR86-036-98,14.7,0.084,0.345,44.35,4.0,,0.0,0.0,
2025-05-15T19:51:12.884Z,10,GR86-036-98,14.5,0.119,0.305,44.54,4.0,,0.0,0.0,
2025-05-15T19:51:12.928Z,10,GR86-036-98,14.4,0.117,0.248,46.12,4.0,,0.0,0.0,
2025-05-15T19:51:12.973Z,10,GR86-036-98,14.4,0.095,0.204,48.21,4.0,,0.0,0.0,
2025-05-15T19:51:13.017Z,10,GR86-036-98,14.3,0.085,0.167,49.84,4.0,6339.0,0.0,0.0,161.06
2025-05-15T19:51:13.061Z,10,GR86-036-98,14.3,0.087,0.149,52.75,4.0,,0.0,0.0,
2025-05-15T19:51:13.105Z,10,GR86-036-98,14.3,0.14,0.13,58.94,4.0,,0.0,0.0,
2025-05-15T19:51:13.149Z,10,GR86-036-98,14.3,0.136,0.103,75.46000000000001,4.0,,0.0,0.0,
2025-05-15T19:51:13.194Z,10,GR86-036-98,14.3,0.105,0.097,98.83,4.0,,0.0,0.0,
2025-05-15T19:51:13.238Z,10,GR86-036-98,14.3,0.099,0.094,99.77,4.0,6379.0,0.0,0.0,161.79
2025-05-15T19:51:13.284Z,10,GR86-036-98,14.3,0.146,0.109,99.88,4.0,,0.0,0.0,
2025-05-15T19:51:13.328Z,10,GR86-036-98,14.3,0.135,0.113,99.87,4.0,,0.0,0.0,
2025-05-15T19:51:13.373Z,10,GR86-036-98,14.2,0.13,0.11,99.89,4.0,,0.0,0.0,
2025-05-15T19:51:13.417Z,10,GR86-036-98,14.1,0.121,0.113,99.87,4.0,,0.0,0.0,
2025-05-15T19:51:13.464Z,10,GR86-036-98,13.3,0.153,0.132,99.87,4.0,6424.0,0.0,0.0,162.42000000000002
2025-05-15T19:51:13.508Z,10,GR86-036-98,12.7,0.135,0.127,99.89,4.0,,0.0,0.0,
2025-05-15T19:51:13.552Z,10,GR86-036-98,12.2,0.136,0.095,99.88,4.0,,0.0,0.0,
2025-05-15T19:51:13.596Z,10,GR86-036-98,12.1,0.126,0.104,99.88,4.0,,0.0,0.0,
2025-05-15T19:51:13.640Z,10,GR86-036-98,12.0,0.143,0.078,99.89,4.0,,0.0,0.0,
2025-05-15T19:51:13.684Z,10,GR86-036-98,12.0,0.136,0.084,99.9,4.0,6457.0,0.0,0.0,163.49
2025-05-15T19:51:13.728Z,10,GR86-036-98,12.0,0.129,0.095,99.88,4.0,,0.0,0.0,
2025-05-15T19:51:13.773Z,10,GR86-036-98,12.0,0.155,0.069,99.88,4.0,,0.0,0.0,
2025-05-15T19:51:13.817Z,10,GR86-036-98,12.0,0.124,0.049,99.9,4.0,,0.0,0.0,
2025-05-15T19:51:13.908Z,10,GR86-036-98,11.9,0.125,0.049,99.91,4.0,6513.0,0.0,0.0,164.57
2025-05-15T19:51:13.952Z,10,GR86-036-98,11.9,0.128,0.04,99.88,4.0,,0.0,0.0,
2025-05-15T19:51:13.999Z,10,GR86-036-98,11.9,0.154,0.051,99.9,4.0,,0.0,0.0,
2025-05-15T19:51:14.045Z,10,GR86-036-98,11.9,0.0,0.079,99.9,4.0,,0.0,0.0,
2025-05-15T19:51:14.089Z,10,GR86-036-98,11.9,-0.067,0.114,99.93,5.0,,0.0,0.0,
2025-05-15T19:51:14.134Z,10,GR86-036-98,11.9,0.1,0.069,99.9,5.0,6538.0,0.0,0.0,165.6
2025-05-15T19:51:14.178Z,10,GR86-036-98,11.9,0.215,-0.029,99.9,5.0,,0.0,0.0,
2025-05-15T19:51:14.223Z,10,GR86-036-98,11.7,0.066,0.062,99.89,5.0,,0.0,0.0,
2025-05-15T19:51:14.268Z,10,GR86-036-98,11.5,0.136,-0.009,99.9,5.0,,0.0,0.0,
2025-05-15T19:51:14.314Z,10,GR86-036-98,11.1,0.11,0.004,99.91,5.0,,0.0,0.0,
2025-05-15T19:51:14.358Z,10,GR86-036-98,10.9,0.076,0.056,99.9,5.0,5699.0,0.0,0.0,167.29
2025-05-15T19:51:14.404Z,10,GR86-036-98,10.7,0.124,-0.009,99.91,5.0,,0.0,0.0,
2025-05-15T19:51:14.448Z,10,GR86-036-98,10.7,0.13,-0.004,99.91,5.0,,0.0,0.0,
2025-05-15T19:51:14.494Z,10,GR86-036-98,10.5,0.118,-0.019,99.9,5.0,,0.0,0.0,
2025-05-15T19:51:14.538Z,10,GR86-036-98,10.4,0.115,-0.009,99.91,5.0,,0.0,0.0,
2025-05-15T19:51:14.584Z,10,GR86-036-98,10.3,0.128,0.003,99.89,5.0,5740.0,0.0,0.0,168.05
2025-05-15T19:51:14.628Z,10,GR86-036-98,10.3,0.117,0.002,99.91,5.0,,0.0,0.0,
2025-05-15T19:51:14.673Z,10,GR86-036-98,10.3,0.137,-0.012,99.91,5.0,,0.0,0.0,
2025-05-15T19:51:14.717Z,10,GR86-036-98,10.3,0.124,-0.016,99.89,5.0,,0.0,0.0,
2025-05-15T19:51:14.761Z,10,GR86-036-98,10.2,0.124,-0.021,99.9,5.0,,0.0,0.0,
2025-05-15T19:51:14.849Z,10,GR86-036-98,9.9,0.091,-0.019,99.91,5.0,5763.0,0.0,0.0,168.77
2025-05-15T19:51:14.894Z,10,GR86-036-98,9.3,0.115,-0.018,99.91,5.0,,0.0,0.0,
2025-05-15T19:51:14.938Z,10,GR86-036-98,9.0,0.119,-0.012,99.91,5.0,,0.0,0.0,
2025-05-15T19:51:14.984Z,10,GR86-036-98,8.700000000000001,0.081,-0.013,99.89,5.0,,0.0,0.0,
2025-05-15T19:51:15.028Z,10,GR86-036-98,8.5,0.095,-0.02,99.88,5.0,5789.0,0.0,0.0,169.6
2025-05-15T19:51:15.073Z,10,GR86-036-98,8.4,0.092,-0.046,99.91,5.0,,0.0,0.0,
2025-05-15T19:51:15.117Z,10,GR86-036-98,8.1,0.096,-0.066,99.91,5.0,,0.0,0.0,
2025-05-15T19:51:15.164Z,10,GR86-036-98,7.2,0.098,-0.069,99.89,5.0,,0.0,0.0,
2025-05-15T19:51:15.208Z,10,GR86-036-98,6.800000000000001,0.093,-0.083,99.9,5.0,,0.0,0.0,
2025-05-15T19:51:15.255Z,10,GR86-036-98,6.7,0.084,-0.118,99.91,5.0,5824.0,0.0,0.0,170.38
2025-05-15T19:51:15.299Z,10,GR86-036-98,6.6000000000000005,0.088,-0.141,99.91,5.0,,0.0,0.0,
2025-05-15T19:51:15.344Z,10,GR86-036-98,6.7,0.115,-0.134,97.9,5.0,,0.0,0.0,
2025-05-15T19:51:15.389Z,10,GR86-036-98,6.6000000000000005,0.122,-0.128,42.59,5.0,,0.0,0.0,
2025-05-15T19:51:15.434Z,10,GR86-036-98,6.7,0.128,-0.13,29.72,5.0,,0.0,0.0,
2025-05-15T19:51:15.478Z,10,GR86-036-98,6.6000000000000005,0.086,-0.101,12.59,5.0,5837.0,2.5500000000000003,3.005,171.21
2025-05-15T19:51:15.523Z,10,GR86-036-98,6.6000000000000005,-0.017,-0.099,4.76,5.0,,9.25,9.37,
2025-05-15T19:51:15.567Z,10,GR86-036-98,7.0,-0.232,-0.048,4.5600000000000005,5.0,,13.915,14.175,
2025-05-15T19:51:15.611Z,10,GR86-036-98,7.1000000000000005,-0.312,-0.011,4.34,5.0,,19.55,19.7,
2025-05-15T19:51:15.655Z,10,GR86-036-98,7.1000000000000005,-0.632,-0.036,4.07,5.0,,26.02,25.805,
2025-05-15T19:51:15.699Z,10,GR86-036-98,7.1000000000000005,-0.611,-0.007,3.82,5.0,5822.0,31.27,31.145,172.08
2025-05-15T19:51:15.745Z,10,GR86-036-98,7.1000000000000005,-0.762,-0.047,3.34,5.0,,35.83,35.74,
2025-05-15T19:51:15.789Z,10,GR86-036-98,7.1000000000000005,-0.804,-0.028,3.02,5.0,,38.015,38.015,
2025-05-15T19:51:15.834Z,10,GR86-036-98,7.7,-0.86,-0.044,2.83,5.0,,40.99,40.715,
2025-05-15T19:51:15.878Z,10,GR86-036-98,9.0,-0.935,-0.069,2.7,5.0,,44.68,44.285,
2025-05-15T19:51:15.923Z,10,GR86-036-98,12.8,-1.117,-0.037,28.44,5.0,5656.0,50.465,50.04,170.9
2025-05-15T19:51:15.968Z,10,GR86-036-98,13.3,-0.958,-0.027,74.06,5.0,,53.18,52.83,
2025-05-15T19:51:16.014Z,10,GR86-036-98,13.7,-1.138,-0.017,99.99,5.0,,54.525,54.95,
2025-05-15T19:51:16.058Z,10,GR86-036-98,13.8,-1.118,-0.094,71.59,4.0,,55.075,56.095,
2025-05-15T19:51:16.104Z,10,GR86-036-98,15.1,-1.165,0.026,3.5500000000000003,4.0,,54.325,55.335,
2025-05-15T19:51:16.148Z,10,GR86-036-98,15.5,-0.978,-0.083,2.96,4.0,5759.0,54.83,55.775,157.49
2025-05-15T19:51:16.194Z,10,GR86-036-98,16.0,-0.98,-0.11,2.83,4.0,,52.495000000000005,53.15,
2025-05-15T19:51:16.238Z,10,GR86-036-98,16.1,-0.978,0.056,2.75,4.0,,50.31,51.120000000000005,
2025-05-15T19:51:16.284Z,10,GR86-036-98,16.1,-1.023,-0.052,2.68,4.0,,48.65,49.870000000000005,
2025-05-15T19:51:16.328Z,10,GR86-036-98,16.1,-0.917,0.08,2.68,4.0,,48.42,49.52,
2025-05-15T19:51:16.373Z,10,GR86-036-98,16.1,-1.047,0.075,2.65,4.0,5507.0,48.620000000000005,49.67,149.21
2025-05-15T19:51:16.417Z,10,GR86-036-98,16.1,-1.055,0.06,28.45,4.0,,48.895,49.93,
2025-05-15T19:51:16.464Z,10,GR86-036-98,13.4,-1.077,0.095,96.32,4.0,,49.105,50.68,
2025-05-15T19:51:16.508Z,10,GR86-036-98,10.5,-1.074,0.057,99.73,4.0,,48.235,49.49,
2025-05-15T19:51:16.552Z,10,GR86-036-98,10.1,-1.012,-0.027,61.89,3.0,,46.895,47.46,
2025-05-15T19:51:16.596Z,10,GR86-036-98,10.1,-0.961,0.023,4.8500000000000005,3.0,5372.0,45.78,46.495,142.9
2025-05-15T19:51:16.640Z,10,GR86-036-98,10.1,-0.928,0.07,4.58,3.0,,45.43,46.24,
2025-05-15T19:51:16.684Z,10,GR86-036-98,10.1,-1.102,-0.005,4.13,3.0,,45.335,46.495,
2025-05-15T19:51:16.728Z,10,GR86-036-98,10.1,-1.094,0.01,3.88,3.0,,43.55,44.055,
2025-05-15T19:51:16.773Z,10,GR86-036-98,10.1,-1.008,-0.064,3.56,3.0,,42.715,43.4,
2025-05-15T19:51:16.817Z,10,GR86-036-98,10.1,-0.94,-0.081,3.2,3.0,5997.0,42.27,43.11,135.93
2025-05-15T19:51:16.864Z,10,GR86-036-98,13.7,-0.991,-0.058,2.8000000000000003,3.0,,42.27,42.985,
2025-05-15T19:51:16.908Z,10,GR86-036-98,14.5,-0.996,-0.058,2.69,3.0,,41.935,42.925,
2025-05-15T19:51:16.953Z,10,GR86-036-98,14.5,-0.976,-0.017,2.61,3.0,,41.08,42.12,
2025-05-15T19:51:16.999Z,10,GR86-036-98,14.5,-0.933,-0.02,2.58,3.0,,40.33,41.585,
2025-05-15T19:51:17.044Z,10,GR86-036-98,14.5,-0.893,0.001,57.47,3.0,5811.0,39.125,40.685,129.9
2025-05-15T19:51:17.089Z,10,GR86-036-98,14.1,-0.886,0.03,98.19,2.0,,38.9,40.395,
2025-05-15T19:51:17.134Z,10,GR86-036-98,12.8,-0.957,-0.01,57.31,2.0,,38.625,39.675,
2025-05-15T19:51:17.178Z,10,GR86-036-98,11.3,-1.074,0.016,3.34,2.0,,39.615,41.185,
2025-05-15T19:51:17.223Z,10,GR86-036-98,9.8,-0.918,-0.091,2.8000000000000003,2.0,,40.775,41.89,
2025-05-15T19:51:17.268Z,10,GR86-036-98,9.3,-1.137,0.01,2.69,2.0,5446.0,40.025,40.53,122.85
2025-05-15T19:51:17.314Z,10,GR86-036-98,6.800000000000001,-0.95,0.047,2.63,2.0,,41.11,42.485,
2025-05-15T19:51:17.358Z,10,GR86-036-98,4.9,-0.834,-0.19,2.59,2.0,,40.53,41.14,
2025-05-15T19:51:17.404Z,10,GR86-036-98,-1.6,-0.926,-0.03,2.56,2.0,,40.53,40.835,
2025-05-15T19:51:17.448Z,10,GR86-036-98,-5.7,-0.917,-0.254,2.54,2.0,,40.835,41.14,
2025-05-15T19:51:17.494Z,10,GR86-036-98,-12.0,-0.969,-0.31,2.54,2.0,6248.0,40.865,41.185,116.17
2025-05-15T19:51:17.538Z,10,GR86-036-98,-16.0,-0.758,-0.298,2.52,2.0,,40.865,41.185,
2025-05-15T19:51:17.584Z,10,GR86-036-98,-19.6,-0.949,-0.607,2.51,2.0,,40.865,41.46,
2025-05-15T19:51:17.628Z,10,GR86-036-98,-20.8,-0.803,-0.359,2.51,2.0,,41.4,41.965,
2025-05-15T19:51:17.673Z,10,GR86-036-98,-21.200000000000003,-0.806,-0.668,2.52,2.0,,41.795,42.925,
2025-05-15T19:51:17.717Z,10,GR86-036-98,-21.3,-0.75,-0.73,2.51,2.0,5986.0,38.18,39.4,109.4
2025-05-15T19:51:17.764Z,10,GR86-036-98,-21.3,-0.774,-0.635,2.51,2.0,,35.265,36.12,
2025-05-15T19:51:17.808Z,10,GR86-036-98,-23.6,-0.721,-0.846,2.51,2.0,,36.55,37.585,
2025-05-15T19:51:17.852Z,10,GR86-036-98,-26.3,-0.753,-0.85,2.52,2.0,,35.085,35.585,
2025-05-15T19:51:17.899Z,10,GR86-036-98,-28.9,-0.732,-0.751,2.51,2.0,,35.050000000000004,35.525,
2025-05-15T19:51:17.945Z,10,GR86-036-98,-32.0,-0.768,-0.908,2.51,2.0,5426.0,36.99,37.92,100.46
2025-05-15T19:51:17.989Z,10,GR86-036-98,-33.0,-0.644,-0.926,2.51,2.0,,35.050000000000004,35.74,
2025-05-15T19:51:18.034Z,10,GR86-036-98,-33.0,-0.705,-0.966,2.51,2.0,,32.96,33.495,
2025-05-15T19:51:18.078Z,10,GR86-036-98,-33.0,-0.649,-0.883,2.51,2.0,,30.735,31.74,
2025-05-15T19:51:18.123Z,10,GR86-036-98,-33.0,-0.554,-0.975,2.52,2.0,,16.555,17.455000000000002,
2025-05-15T19:51:18.167Z,10,GR86-036-98,-33.0,-0.451,-0.992,2.51,2.0,5037.0,6.18,6.99,95.81
2025-05-15T19:51:18.211Z,10,GR86-036-98,-33.0,-0.31,-1.082,2.51,2.0,,0.0,0.0,
2025-05-15T19:51:18.255Z,10,GR86-036-98,-30.9,-0.224,-1.063,2.51,2.0,,0.0,0.0,
2025-05-15T19:51:18.299Z,10,GR86-036-98,-26.9,-0.159,-0.975,2.52,2.0,,0.0,0.0,
2025-05-15T19:51:18.344Z,10,GR86-036-98,-25.0,-0.163,-1.121,2.52,2.0,,0.0,0.0,
2025-05-15T19:51:18.389Z,10,GR86-036-98,-25.0,-0.188,-1.07,2.5,2.0,5065.0,0.0,0.0,93.02
2025-05-15T19:51:18.434Z,10,GR86-036-98,-33.6,-0.203,-1.191,2.52,2.0,,0.0,0.0,
2025-05-15T19:51:18.478Z,10,GR86-036-98,-40.7,-0.209,-1.275,2.51,2.0,,0.0,0.0,
2025-05-15T19:51:18.523Z,10,GR86-036-98,-44.2,-0.171,-0.933,2.51,2.0,,0.0,0.0,
2025-05-15T19:51:18.567Z,10,GR86-036-98,-44.1,-0.161,-1.044,2.52,2.0,,0.0,0.0,
2025-05-15T19:51:18.611Z,10,GR86-036-98,-42.6,-0.22,-1.118,2.52,2.0,4988.0,0.0,0.0,91.6
2025-05-15T19:51:18.655Z,10,GR86-036-98,-35.300000000000004,-0.153,-1.061,2.52,2.0,,0.0,0.0,
2025-05-15T19:51:18.700Z,10,GR86-036-98,-29.3,-0.211,-1.198,2.51,2.0,,0.0,0.0,
2025-05-15T19:51:18.745Z,10,GR86-036-98,-25.5,-0.262,-1.176,3.03,2.0,,0.0,0.0,
2025-05-15T19:51:18.789Z,10,GR86-036-98,-25.700000000000003,-0.136,-1.228,3.21,2.0,,0.0,0.0,
2025-05-15T19:51:18.834Z,10,GR86-036-98,-30.3,-0.224,-1.236,3.15,2.0,4861.0,0.0,0.0,89.37
2025-05-15T19:51:18.878Z,10,GR86-036-98,-31.5,-0.163,-1.229,3.08,2.0,,0.0,0.0,
2025-05-15T19:51:18.923Z,10,GR86-036-98,-31.5,-0.176,-1.29,3.51,2.0,,0.0,0.0,
2025-05-15T19:51:18.968Z,10,GR86-036-98,-36.6,-0.185,-1.19,4.5200000000000005,2.0,,0.0,0.0,
2025-05-15T19:51:19.014Z,10,GR86-036-98,-43.6,-0.157,-1.185,4.66,2.0,,0.0,0.0,
2025-05-15T19:51:19.058Z,10,GR86-036-98,-47.3,-0.179,-1.08,7.19,2.0,4810.0,0.0,0.0,88.47
2025-05-15T19:51:19.103Z,10,GR86-036-98,-45.3,-0.167,-1.076,14.69,2.0,,0.0,0.0,
2025-05-15T19:51:19.148Z,10,GR86-036-98,-36.9,-0.195,-1.03,17.14,2.0,,0.0,0.0,
2025-05-15T19:51:19.194Z,10,GR86-036-98,-27.3,-0.104,-1.135,18.71,2.0,,0.0,0.0,
2025-05-15T19:51:19.238Z,10,GR86-036-98,-26.6,-0.177,-1.296,21.38,2.0,,0.0,0.0,
2025-05-15T19:51:19.284Z,10,GR86-036-98,-28.700000000000003,-0.158,-1.108,21.63,2.0,4707.0,0.0,0.0,86.36
2025-05-15T19:51:19.328Z,10,GR86-036-98,-29.4,-0.165,-1.581,21.74,2.0,,0.0,0.0,
2025-05-15T19:51:19.373Z,10,GR86-036-98,-29.5,-0.071,-1.114,23.79,2.0,,0.0,0.0,
2025-05-15T19:51:19.417Z,10,GR86-036-98,-23.200000000000003,0.148,-1.344,23.91,2.0,,0.0,0.0,
2025-05-15T19:51:19.461Z,10,GR86-036-98,-17.2,0.079,-1.324,24.41,2.0,,0.0,0.0,
2025-05-15T19:51:19.505Z,10,GR86-036-98,-11.2,0.109,-1.412,28.08,2.0,4809.0,0.0,0.0,84.94
2025-05-15T19:51:19.549Z,10,GR86-036-98,-8.6,0.096,-1.142,29.45,2.0,,0.0,0.0,
2025-05-15T19:51:19.594Z,10,GR86-036-98,-6.300000000000001,0.161,-1.293,29.8,2.0,,0.0,0.0,
2025-05-15T19:51:19.638Z,10,GR86-036-98,-6.1000000000000005,0.2,-1.157,30.62,2.0,,0.0,0.0,
2025-05-15T19:51:19.684Z,10,GR86-036-98,-12.4,0.151,-1.226,35.87,2.0,,0.0,0.0,
2025-05-15T19:51:19.728Z,10,GR86-036-98,-23.1,0.225,-1.119,38.33,2.0,4949.0,0.0,0.0,84.27
2025-05-15T19:51:19.773Z,10,GR86-036-98,-31.3,0.173,-1.078,39.62,2.0,,0.0,0.0,
2025-05-15T19:51:19.817Z,10,GR86-036-98,-35.9,0.237,-1.071,39.88,2.0,,0.0,0.0,
2025-05-15T19:51:19.864Z,10,GR86-036-98,-43.0,0.096,-1.008,51.8,2.0,,0.0,0.0,
2025-05-15T19:51:19.908Z,10,GR86-036-98,-50.900000000000006,0.097,-1.009,54.77,2.0,,0.0,0.0,
2025-05-15T19:51:19.952Z,10,GR86-036-98,-57.6,0.254,-1.034,53.8,2.0,5166.0,0.0,0.0,84.17
2025-05-15T19:51:19.999Z,10,GR86-036-98,-59.1,0.144,-1.217,54.03,2.0,,0.0,0.0,
2025-05-15T19:51:20.044Z,10,GR86-036-98,-59.2,0.14,-1.198,55.89,2.0,,0.0,0.0,
2025-05-15T19:51:20.089Z,10,GR86-036-98,-56.5,0.292,-1.218,55.57,2.0,,0.0,0.0,
2025-05-15T19:51:20.134Z,10,GR86-036-98,-54.7,0.295,-1.034,54.86,2.0,,0.0,0.0,
2025-05-15T19:51:20.178Z,10,GR86-036-98,-54.1,0.314,-1.127,54.76,2.0,5213.0,0.0,0.0,85.61
2025-05-15T19:51:20.223Z,10,GR86-036-98,-54.0,0.144,-0.865,54.9,2.0,,0.0,0.0,
2025-05-15T19:51:20.267Z,10,GR86-036-98,-54.0,0.087,-1.315,54.46,2.0,,0.0,0.0,
2025-05-15T19:51:20.311Z,10,GR86-036-98,-54.0,0.198,-1.153,54.31,2.0,,0.0,0.0,
2025-05-15T19:51:20.355Z,10,GR86-036-98,-54.0,0.102,-1.18,56.65,2.0,,0.0,0.0,
2025-05-15T19:51:20.399Z,10,GR86-036-98,-54.0,0.244,-1.43,56.48,2.0,5237.0,0.0,0.0,87.07000000000001
2025-05-15T19:51:20.444Z,10,GR86-036-98,-54.0,0.187,-1.077,56.52,2.0,,0.0,0.0,
2025-05-15T19:51:20.488Z,10,GR86-036-98,-54.0,0.225,-1.12,56.1,2.0,,0.0,0.0,
2025-05-15T19:51:20.534Z,10,GR86-036-98,-52.0,0.271,-0.887,54.89,2.0,,0.0,0.0,
2025-05-15T19:51:20.578Z,10,GR86-036-98,-46.400000000000006,0.122,-0.842,55.29,2.0,,0.0,0.0,
2025-05-15T19:51:20.668Z,10,GR86-036-98,-33.2,0.3,-0.891,55.1,2.0,5397.0,0.0,0.0,88.91
2025-05-15T19:51:20.714Z,10,GR86-036-98,-19.3,0.165,-1.042,57.74,2.0,,0.0,0.0,
2025-05-15T19:51:20.758Z,10,GR86-036-98,-17.5,0.319,-1.09,56.04,2.0,,0.0,0.0,
2025-05-15T19:51:20.848Z,10,GR86-036-98,-17.400000000000002,0.231,-1.05,56.3,2.0,5735.0,0.0,0.0,89.4
2025-05-15T19:51:20.894Z,10,GR86-036-98,-13.6,0.36,-1.081,56.17,2.0,,0.0,0.0,
2025-05-15T19:51:20.938Z,10,GR86-036-98,-9.4,0.276,-1.094,56.11,2.0,,0.0,0.0,
2025-05-15T19:51:20.984Z,10,GR86-036-98,-3.1,0.236,-1.184,56.28,2.0,,0.0,0.0,
2025-05-15T19:51:21.117Z,10,GR86-036-98,-13.9,0.315,-0.982,55.81,2.0,,0.0,0.0,
2025-05-15T19:51:21.164Z,10,GR86-036-98,-3.8,0.235,-1.155,55.66,2.0,5515.0,0.0,0.0,91.48
2025-05-15T19:51:21.208Z,10,GR86-036-98,-31.700000000000003,0.168,-0.876,56.65,2.0,,0.0,0.0,
2025-05-15T19:51:21.253Z,10,GR86-036-98,-31.700000000000003,0.218,-1.066,57.02,2.0,,0.0,0.0,
2025-05-15T19:51:21.299Z,10,GR86-036-98,-29.200000000000003,0.165,-0.917,57.34,2.0,5522.0,0.0,0.0,93.01
2025-05-15T19:51:21.345Z,10,GR86-036-98,-26.5,0.245,-0.929,57.7,2.0,,0.0,0.0,
2025-05-15T19:51:21.389Z,10,GR86-036-98,-26.6,0.378,-0.921,57.85,2.0,,0.0,0.0,
2025-05-15T19:51:21.434Z,10,GR86-036-98,-26.5,0.299,-0.938,60.370000000000005,2.0,,0.0,0.0,
2025-05-15T19:51:21.478Z,10,GR86-036-98,-26.5,0.326,-0.866,66.16,2.0,,0.0,0.0,
2025-05-15T19:51:21.523Z,10,GR86-036-98,-23.200000000000003,0.221,-0.812,73.18,2.0,5616.0,0.0,0.0,93.83
2025-05-15T19:51:21.568Z,10,GR86-036-98,-19.5,0.269,-0.747,75.35000000000001,2.0,,0.0,0.0,
2025-05-15T19:51:21.614Z,10,GR86-036-98,-17.900000000000002,0.293,-0.491,74.56,2.0,,0.0,0.0,
2025-05-15T19:51:21.658Z,10,GR86-036-98,-15.5,0.278,-0.55,73.83,2.0,,0.0,0.0,
2025-05-15T19:51:21.704Z,10,GR86-036-98,-11.3,0.244,-0.235,87.74,2.0,,0.0,0.0,
2025-05-15T19:51:21.748Z,10,GR86-036-98,-8.3,0.234,-0.316,99.8,2.0,5711.0,0.0,0.0,96.94
2025-05-15T19:51:21.794Z,10,GR86-036-98,-3.9,0.338,-0.337,99.86,2.0,,0.0,0.0,
2025-05-15T19:51:21.838Z,10,GR86-036-98,0.9,0.348,-0.239,99.9,2.0,,0.0,0.0,
2025-05-15T19:51:21.884Z,10,GR86-036-98,7.9,0.29,-0.261,99.9,2.0,,0.0,0.0,
2025-05-15T19:51:21.928Z,10,GR86-036-98,12.0,0.252,-0.18,99.9,2.0,,0.0,0.0,
2025-05-15T19:51:21.973Z,10,GR86-036-98,16.6,0.284,-0.069,99.92,2.0,5795.0,0.0,0.0,99.14
2025-05-15T19:51:22.017Z,10,GR86-036-98,20.9,0.266,0.02,99.91,2.0,,0.0,0.0,
2025-05-15T19:51:22.064Z,10,GR86-036-98,27.1,0.246,0.185,99.91,2.0,,0.0,0.0,
2025-05-15T19:51:22.108Z,10,GR86-036-98,30.9,0.282,0.282,99.91,2.0,,0.0,0.0,
2025-05-15T19:51:22.155Z,10,GR86-036-98,33.6,0.267,0.391,99.91,2.0,,0.0,0.0,
2025-05-15T19:51:22.244Z,10,GR86-036-98,34.5,0.299,0.473,99.91,2.0,5940.0,0.0,0.0,101.05
2025-05-15T19:51:22.288Z,10,GR86-036-98,34.6,0.267,0.581,99.91,2.0,,0.0,0.0,
2025-05-15T19:51:22.334Z,10,GR86-036-98,34.6,0.294,0.587,99.92,2.0,,0.0,0.0,
2025-05-15T19:51:22.378Z,10,GR86-036-98,34.6,0.247,0.593,99.92,2.0,,0.0,0.0,
2025-05-15T19:51:22.423Z,10,GR86-036-98,34.6,0.232,0.612,99.91,2.0,6045.0,0.0,0.0,103.17
2025-05-15T19:51:22.468Z,10,GR86-036-98,34.6,0.284,0.651,99.91,2.0,,0.0,0.0,
2025-05-15T19:51:22.514Z,10,GR86-036-98,34.6,0.29,0.658,99.92,2.0,,0.0,0.0,
2025-05-15T19:51:22.558Z,10,GR86-036-98,36.8,0.291,0.7020000000000001,99.91,2.0,,0.0,0.0,
2025-05-15T19:51:22.604Z,10,GR86-036-98,40.5,0.28,0.779,99.91,2.0,,0.0,0.0,
2025-05-15T19:51:22.648Z,10,GR86-036-98,42.8,0.279,0.834,99.92,2.0,6212.0,0.0,0.0,104.85
2025-05-15T19:51:22.694Z,10,GR86-036-98,44.0,0.254,0.854,99.91,2.0,,0.0,0.0,
2025-05-15T19:51:22.738Z,10,GR86-036-98,44.1,0.288,0.875,99.93,2.0,,0.0,0.0,
2025-05-15T19:51:22.829Z,10,GR86-036-98,44.2,0.278,0.917,99.91,2.0,,0.0,0.0,
2025-05-15T19:51:22.873Z,10,GR86-036-98,42.8,0.262,0.941,99.91,2.0,6297.0,0.0,0.0,106.73
2025-05-15T19:51:22.917Z,10,GR86-036-98,42.400000000000006,0.281,0.925,99.92,2.0,,0.0,0.0,
2025-05-15T19:51:22.964Z,10,GR86-036-98,42.400000000000006,0.28,0.963,99.92,2.0,,0.0,0.0,
2025-05-15T19:51:23.008Z,10,GR86-036-98,42.400000000000006,0.278,0.932,99.93,2.0,,0.0,0.0,
2025-05-15T19:51:23.055Z,10,GR86-036-98,42.8,0.304,0.958,99.94,2.0,,0.0,0.0,
2025-05-15T19:51:23.099Z,10,GR86-036-98,42.900000000000006,0.254,0.91,99.94,2.0,6429.0,0.0,0.0,108.47
2025-05-15T19:51:23.145Z,10,GR86-036-98,42.900000000000006,0.249,0.89,99.95,2.0,,0.0,0.0,
2025-05-15T19:51:23.189Z,10,GR86-036-98,42.900000000000006,0.26,0.964,99.92,2.0,,0.0,0.0,
2025-05-15T19:51:23.234Z,10,GR86-036-98,42.900000000000006,0.277,0.968,99.91,2.0,,0.0,0.0,
2025-05-15T19:51:23.278Z,10,GR86-036-98,43.0,0.291,0.937,99.93,2.0,,0.0,0.0,
2025-05-15T19:51:23.368Z,10,GR86-036-98,43.8,0.27,0.952,99.94,2.0,6479.0,0.0,0.0,110.1
2025-05-15T19:51:23.414Z,10,GR86-036-98,45.1,0.274,0.915,99.94,2.0,,0.0,0.0,
2025-05-15T19:51:23.458Z,10,GR86-036-98,45.2,0.267,0.909,99.96,2.0,,0.0,0.0,
2025-05-15T19:51:23.504Z,10,GR86-036-98,45.2,0.245,0.916,99.94,2.0,,0.0,0.0,
2025-05-15T19:51:23.594Z,10,GR86-036-98,40.0,0.297,0.904,99.92,2.0,6698.0,0.0,0.0,113.45
2025-05-15T19:51:23.638Z,10,GR86-036-98,39.2,0.267,0.925,99.94,2.0,,0.0,0.0,
2025-05-15T19:51:23.684Z,10,GR86-036-98,39.2,0.257,0.928,99.94,2.0,,0.0,0.0,
2025-05-15T19:51:23.728Z,10,GR86-036-98,39.2,0.289,0.882,99.95,2.0,,0.0,0.0,
2025-05-15T19:51:23.817Z,10,GR86-036-98,39.2,0.258,0.911,99.94,2.0,6787.0,0.0,0.0,115.09
2025-05-15T19:51:23.864Z,10,GR86-036-98,39.400000000000006,0.259,0.911,99.96,2.0,,0.0,0.0,
2025-05-15T19:51:23.908Z,10,GR86-036-98,39.400000000000006,0.295,0.917,99.94,2.0,,0.0,0.0,
2025-05-15T19:51:23.953Z,10,GR86-036-98,39.400000000000006,0.247,0.954,99.94,2.0,,0.0,0.0,
2025-05-15T19:51:23.999Z,10,GR86-036-98,39.400000000000006,0.257,0.915,99.94,2.0,6891.0,0.0,0.0,116.68
2025-05-15T19:51:24.044Z,10,GR86-036-98,38.400000000000006,0.266,0.894,99.94,2.0,,0.0,0.0,
2025-05-15T19:51:24.089Z,10,GR86-036-98,38.2,0.289,0.886,99.95,2.0,,0.0,0.0,
2025-05-15T19:51:24.134Z,10,GR86-036-98,38.2,0.235,0.897,99.94,2.0,,0.0,0.0,
2025-05-15T19:51:24.178Z,10,GR86-036-98,38.2,0.277,0.883,99.94,2.0,,0.0,0.0,
2025-05-15T19:51:24.223Z,10,GR86-036-98,39.0,0.277,0.929,99.95,2.0,6987.0,0.0,0.0,118.24
2025-05-15T19:51:24.267Z,10,GR86-036-98,39.2,0.268,0.981,99.95,2.0,,0.0,0.0,
2025-05-15T19:51:24.311Z,10,GR86-036-98,39.2,0.242,1.041,99.97,2.0,,0.0,0.0,
2025-05-15T19:51:24.355Z,10,GR86-036-98,39.3,0.287,1.006,99.97,2.0,,0.0,0.0,
2025-05-15T19:51:24.399Z,10,GR86-036-98,39.3,0.278,1.043,99.94,2.0,,0.0,0.0,
2025-05-15T19:51:24.444Z,10,GR86-036-98,38.6,0.269,1.043,99.96,2.0,7094.0,0.0,0.0,119.79
2025-05-15T19:51:24.489Z,10,GR86-036-98,36.6,0.244,1.02,99.95,2.0,,0.0,0.0,
2025-05-15T19:51:24.534Z,10,GR86-036-98,35.0,0.298,0.976,99.96,2.0,,0.0,0.0,
2025-05-15T19:51:24.578Z,10,GR86-036-98,34.300000000000004,0.281,0.941,99.94,2.0,,0.0,0.0,
2025-05-15T19:51:24.623Z,10,GR86-036-98,34.2,0.093,0.927,99.97,2.0,,0.0,0.0,
2025-05-15T19:51:24.668Z,10,GR86-036-98,34.300000000000004,-0.086,0.945,99.95,3.0,7169.0,0.0,0.0,121.46
2025-05-15T19:51:24.714Z,10,GR86-036-98,34.2,0.405,0.782,99.94,3.0,,0.0,0.0,
2025-05-15T19:51:24.758Z,10,GR86-036-98,34.2,0.439,0.733,99.94,3.0,,0.0,0.0,
2025-05-15T19:51:24.804Z,10,GR86-036-98,34.300000000000004,0.36,0.8310000000000001,99.94,3.0,,0.0,0.0,
2025-05-15T19:51:24.848Z,10,GR86-036-98,34.4,0.18,0.797,99.95,3.0,,0.0,0.0,
2025-05-15T19:51:24.893Z,10,GR86-036-98,36.9,0.127,0.784,99.95,3.0,6443.0,0.0,0.0,122.95
2025-05-15T19:51:24.938Z,10,GR86-036-98,40.1,0.206,0.878,99.96,3.0,,0.0,0.0,
2025-05-15T19:51:24.984Z,10,GR86-036-98,40.8,0.236,0.88,99.94,3.0,,0.0,0.0,
2025-05-15T19:51:25.028Z,10,GR86-036-98,40.900000000000006,0.226,0.948,99.94,3.0,,0.0,0.0,
2025-05-15T19:51:25.073Z,10,GR86-036-98,40.900000000000006,0.228,0.918,99.94,3.0,,0.0,0.0,
2025-05-15T19:51:25.117Z,10,GR86-036-98,40.8,0.204,0.955,99.94,3.0,5934.0,0.0,0.0,124.29
2025-05-15T19:51:25.164Z,10,GR86-036-98,39.900000000000006,0.222,0.968,99.95,3.0,,0.0,0.0,
2025-05-15T19:51:25.208Z,10,GR86-036-98,39.900000000000006,0.22,0.985,99.94,3.0,,0.0,0.0,
2025-05-15T19:51:25.252Z,10,GR86-036-98,39.900000000000006,0.228,0.963,99.95,3.0,,0.0,0.0,
2025-05-15T19:51:25.299Z,10,GR86-036-98,39.900000000000006,0.227,0.928,99.95,3.0,,0.0,0.0,
2025-05-15T19:51:25.345Z,10,GR86-036-98,39.900000000000006,0.227,0.933,99.94,3.0,6038.0,0.0,0.0,127.11
2025-05-15T19:51:25.389Z,10,GR86-036-98,39.900000000000006,0.208,0.972,99.95,3.0,,0.0,0.0,
2025-05-15T19:51:25.434Z,10,GR86-036-98,39.900000000000006,0.198,0.941,99.95,3.0,,0.0,0.0,
2025-05-15T19:51:25.478Z,10,GR86-036-98,39.900000000000006,0.232,0.989,99.94,3.0,,0.0,0.0,
2025-05-15T19:51:25.523Z,10,GR86-036-98,39.900000000000006,0.225,0.999,99.95,3.0,,0.0,0.0,
2025-05-15T19:51:25.568Z,10,GR86-036-98,39.900000000000006,0.235,0.953,99.94,3.0,6076.0,0.0,0.0,128.38
2025-05-15T19:51:25.614Z,10,GR86-036-98,39.900000000000006,0.219,0.908,99.94,3.0,,0.0,0.0,
2025-05-15T19:51:25.658Z,10,GR86-036-98,39.900000000000006,0.198,0.861,99.94,3.0,,0.0,0.0,
2025-05-15T19:51:25.704Z,10,GR86-036-98,39.900000000000006,0.19,0.807,99.93,3.0,,0.0,0.0,
2025-05-15T19:51:25.748Z,10,GR86-036-98,39.900000000000006,0.235,0.784,99.95,3.0,,0.0,0.0,
2025-05-15T19:51:25.794Z,10,GR86-036-98,39.900000000000006,0.237,0.768,99.94,3.0,6131.0,0.0,0.0,129.65
2025-05-15T19:51:25.838Z,10,GR86-036-98,39.900000000000006,0.18,0.776,99.93,3.0,,0.0,0.0,
2025-05-15T19:51:25.884Z,10,GR86-036-98,39.900000000000006,0.188,0.802,99.94,3.0,,0.0,0.0,
2025-05-15T19:51:25.928Z,10,GR86-036-98,39.900000000000006,0.19,0.8230000000000001,99.95,3.0,,0.0,0.0,
2025-05-15T19:51:25.973Z,10,GR86-036-98,39.900000000000006,0.238,0.8210000000000001,99.94,3.0,,0.0,0.0,
2025-05-15T19:51:26.017Z,10,GR86-036-98,39.900000000000006,0.223,0.856,99.95,3.0,6212.0,0.0,0.0,130.8
2025-05-15T19:51:26.064Z,10,GR86-036-98,39.900000000000006,0.219,0.89,99.97,3.0,,0.0,0.0,
2025-05-15T19:51:26.108Z,10,GR86-036-98,39.900000000000006,0.207,0.911,99.94,3.0,,0.0,0.0,
2025-05-15T19:51:26.152Z,10,GR86-036-98,39.900000000000006,0.201,0.868,99.96,3.0,,0.0,0.0,
2025-05-15T19:51:26.196Z,10,GR86-036-98,39.900000000000006,0.22,0.85,99.94,3.0,,0.0,0.0,
2025-05-15T19:51:26.240Z,10,GR86-036-98,39.900000000000006,0.213,0.851,99.94,3.0,6265.0,0.0,0.0,132.22
2025-05-15T19:51:26.284Z,10,GR86-036-98,39.900000000000006,0.23,0.84,99.94,3.0,,0.0,0.0,
2025-05-15T19:51:26.328Z,10,GR86-036-98,39.900000000000006,0.204,0.863,99.95,3.0,,0.0,0.0,
2025-05-15T19:51:26.373Z,10,GR86-036-98,39.900000000000006,0.173,0.874,99.94,3.0,,0.0,0.0,
2025-05-15T19:51:26.417Z,10,GR86-036-98,39.900000000000006,0.219,0.92,99.94,3.0,,0.0,0.0,
2025-05-15T19:51:26.464Z,10,GR86-036-98,39.6,0.228,0.875,99.94,3.0,6332.0,0.0,0.0,133.34
2025-05-15T19:51:26.508Z,10,GR86-036-98,38.8,0.217,0.945,99.95,3.0,,0.0,0.0,
2025-05-15T19:51:26.552Z,10,GR86-036-98,38.1,0.211,0.902,99.93,3.0,,0.0,0.0,
2025-05-15T19:51:26.599Z,10,GR86-036-98,37.3,0.183,0.905,99.94,3.0,,0.0,0.0,
2025-05-15T19:51:26.644Z,10,GR86-036-98,35.800000000000004,0.208,0.857,99.94,3.0,,0.0,0.0,
2025-05-15T19:51:26.689Z,10,GR86-036-98,34.1,0.186,0.8300000000000001,99.94,3.0,6390.0,0.0,0.0,134.57
2025-05-15T19:51:26.734Z,10,GR86-036-98,32.6,0.217,0.89,99.94,3.0,,0.0,0.0,
2025-05-15T19:51:26.778Z,10,GR86-036-98,32.0,0.23,0.89,99.96,3.0,,0.0,0.0,
2025-05-15T19:51:26.823Z,10,GR86-036-98,32.0,0.226,0.877,99.94,3.0,,0.0,0.0,
2025-05-15T19:51:26.868Z,10,GR86-036-98,32.0,0.212,0.853,99.94,3.0,,0.0,0.0,
2025-05-15T19:51:26.914Z,10,GR86-036-98,31.9,0.194,0.8170000000000001,99.93,3.0,6453.0,0.0,0.0,135.6
2025-05-15T19:51:26.958Z,10,GR86-036-98,31.8,0.202,0.8240000000000001,99.94,3.0,,0.0,0.0,
2025-05-15T19:51:27.004Z,10,GR86-036-98,31.8,0.208,0.745,99.95,3.0,,0.0,0.0,
2025-05-15T19:51:27.048Z,10,GR86-036-98,31.8,0.22,0.749,99.93,3.0,,0.0,0.0,
2025-05-15T19:51:27.094Z,10,GR86-036-98,31.700000000000003,0.21,0.736,99.93,3.0,,0.0,0.0,
2025-05-15T19:51:27.138Z,10,GR86-036-98,31.700000000000003,0.192,0.6940000000000001,99.94,3.0,6487.0,0.0,0.0,136.91
2025-05-15T19:51:27.184Z,10,GR86-036-98,31.5,0.195,0.672,99.95,3.0,,0.0,0.0,
2025-05-15T19:51:27.228Z,10,GR86-036-98,31.5,0.187,0.64,99.95,3.0,,0.0,0.0,
2025-05-15T19:51:27.273Z,10,GR86-036-98,31.3,0.201,0.6900000000000001,99.92,3.0,,0.0,0.0,
2025-05-15T19:51:27.361Z,10,GR86-036-98,30.6,0.229,0.708,99.91,3.0,6590.0,0.0,0.0,139.44
2025-05-15T19:51:27.405Z,10,GR86-036-98,24.4,0.212,0.632,99.94,3.0,,0.0,0.0,
2025-05-15T19:51:27.449Z,10,GR86-036-98,21.4,0.185,0.5690000000000001,99.9,3.0,,0.0,0.0,
2025-05-15T19:51:27.538Z,10,GR86-036-98,16.6,0.205,0.492,99.94,3.0,,0.0,0.0,
2025-05-15T19:51:27.628Z,10,GR86-036-98,14.9,0.192,0.416,99.93,3.0,6647.0,0.0,0.0,140.62
2025-05-15T19:51:27.673Z,10,GR86-036-98,14.5,0.223,0.374,99.93,3.0,,0.0,0.0,
2025-05-15T19:51:27.717Z,10,GR86-036-98,14.5,0.192,0.311,99.94,3.0,,0.0,0.0,
2025-05-15T19:51:27.761Z,10,GR86-036-98,14.5,0.178,0.231,99.95,3.0,,0.0,0.0,
2025-05-15T19:51:27.805Z,10,GR86-036-98,14.5,0.182,0.203,99.92,3.0,6683.0,0.0,0.0,141.96
2025-05-15T19:51:27.849Z,10,GR86-036-98,14.4,0.175,0.121,99.91,3.0,,0.0,0.0,
2025-05-15T19:51:27.894Z,10,GR86-036-98,14.3,0.202,0.127,99.93,3.0,,0.0,0.0,
2025-05-15T19:51:27.938Z,10,GR86-036-98,13.5,0.225,0.132,99.94,3.0,,0.0,0.0,
2025-05-15T19:51:27.984Z,10,GR86-036-98,10.8,0.207,0.089,99.93,3.0,,0.0,0.0,
2025-05-15T19:51:28.028Z,10,GR86-036-98,9.9,0.245,0.097,99.94,3.0,6757.0,0.0,0.0,143.23
2025-05-15T19:51:28.117Z,10,GR86-036-98,9.5,0.205,0.083,99.94,3.0,,0.0,0.0,
2025-05-15T19:51:28.164Z,10,GR86-036-98,9.3,0.202,0.029,99.94,3.0,,0.0,0.0,
2025-05-15T19:51:28.208Z,10,GR86-036-98,9.3,0.158,-0.024,99.94,3.0,,0.0,0.0,
2025-05-15T19:51:28.252Z,10,GR86-036-98,9.2,0.169,-0.047,99.92,3.0,6798.0,0.0,0.0,144.70000000000002
2025-05-15T19:51:28.296Z,10,GR86-036-98,8.9,0.189,-0.032,99.91,3.0,,0.0,0.0,
2025-05-15T19:51:28.340Z,10,GR86-036-98,8.4,0.265,-0.017,99.93,3.0,,0.0,0.0,
2025-05-15T19:51:28.428Z,10,GR86-036-98,3.9,0.208,-0.115,99.93,3.0,,0.0,0.0,
2025-05-15T19:51:28.473Z,10,GR86-036-98,2.6,0.246,-0.137,99.94,3.0,6881.0,0.0,0.0,146.13
2025-05-15T19:51:28.517Z,10,GR86-036-98,2.0,0.152,-0.175,99.93,3.0,,0.0,0.0,
2025-05-15T19:51:28.564Z,10,GR86-036-98,1.9,0.19,-0.135,99.94,3.0,,0.0,0.0,
2025-05-15T19:51:28.608Z,10,GR86-036-98,1.9,0.153,-0.199,99.94,3.0,,0.0,0.0,
2025-05-15T19:51:28.652Z,10,GR86-036-98,1.9,0.148,-0.22,99.93,3.0,,0.0,0.0,
2025-05-15T19:51:28.699Z,10,GR86-036-98,1.9,0.177,-0.255,99.93,3.0,6920.0,0.0,0.0,147.55
2025-05-15T19:51:28.789Z,10,GR86-036-98,0.2,0.125,-0.276,99.92,3.0,,0.0,0.0,
2025-05-15T19:51:28.834Z,10,GR86-036-98,-1.7000000000000002,0.161,-0.372,99.94,3.0,,0.0,0.0,
2025-05-15T19:51:28.878Z,10,GR86-036-98,-1.8,0.219,-0.391,99.93,3.0,,0.0,0.0,
2025-05-15T19:51:28.923Z,10,GR86-036-98,-2.0,0.039,-0.443,99.94,3.0,7001.0,0.0,0.0,148.85
2025-05-15T19:51:28.967Z,10,GR86-036-98,-2.0,-0.106,-0.402,99.93,4.0,,0.0,0.0,
2025-05-15T19:51:29.011Z,10,GR86-036-98,-2.0,0.142,-0.397,99.95,4.0,,0.0,0.0,
2025-05-15T19:51:29.055Z,10,GR86-036-98,-2.1,0.387,-0.529,99.94,4.0,,0.0,0.0,
2025-05-15T19:51:29.099Z,10,GR86-036-98,-3.1,0.204,-0.517,99.94,4.0,,0.0,0.0,
2025-05-15T19:51:29.145Z,10,GR86-036-98,-4.800000000000001,0.075,-0.519,99.95,4.0,5866.0,0.0,0.0,151.04
2025-05-15T19:51:29.189Z,10,GR86-036-98,-5.2,0.11,-0.548,99.94,4.0,,0.0,0.0,
2025-05-15T19:51:29.234Z,10,GR86-036-98,-5.2,0.135,-0.504,99.95,4.0,,0.0,0.0,
2025-05-15T19:51:29.278Z,10,GR86-036-98,-5.2,0.116,-0.525,99.95,4.0,,0.0,0.0,
2025-05-15T19:51:29.323Z,10,GR86-036-98,-5.2,0.085,-0.603,99.95,4.0,,0.0,0.0,
2025-05-15T19:51:29.367Z,10,GR86-036-98,-5.2,0.123,-0.621,99.94,4.0,6046.0,0.0,0.0,152.11
2025-05-15T19:51:29.411Z,10,GR86-036-98,-5.2,0.109,-0.64,99.94,4.0,,0.0,0.0,
2025-05-15T19:51:29.455Z,10,GR86-036-98,-5.2,0.137,-0.597,99.94,4.0,,0.0,0.0,
2025-05-15T19:51:29.499Z,10,GR86-036-98,-5.2,0.145,-0.593,99.95,4.0,,0.0,0.0,
2025-05-15T19:51:29.545Z,10,GR86-036-98,-5.2,0.112,-0.634,99.96,4.0,,0.0,0.0,
2025-05-15T19:51:29.589Z,10,GR86-036-98,-5.2,0.159,-0.644,99.95,4.0,6070.0,0.0,0.0,153.36
2025-05-15T19:51:29.634Z,10,GR86-036-98,-5.2,0.152,-0.587,99.95,4.0,,0.0,0.0,
2025-05-15T19:51:29.678Z,10,GR86-036-98,-5.2,0.13,-0.525,99.93,4.0,,0.0,0.0,
2025-05-15T19:51:29.723Z,10,GR86-036-98,-5.300000000000001,0.127,-0.446,99.94,4.0,,0.0,0.0,
2025-05-15T19:51:29.814Z,10,GR86-036-98,-6.9,0.16,-0.424,99.93,4.0,6109.0,0.0,0.0,154.59
2025-05-15T19:51:29.858Z,10,GR86-036-98,-7.9,0.125,-0.526,99.95,4.0,,0.0,0.0,
2025-05-15T19:51:29.904Z,10,GR86-036-98,-7.9,0.204,-0.551,99.94,4.0,,0.0,0.0,
2025-05-15T19:51:29.948Z,10,GR86-036-98,-7.9,0.111,-0.629,99.92,4.0,,0.0,0.0,
2025-05-15T19:51:29.994Z,10,GR86-036-98,-7.9,0.16,-0.578,99.94,4.0,,0.0,0.0,
2025-05-15T19:51:30.038Z,10,GR86-036-98,-7.9,0.073,-0.5710000000000001,99.93,4.0,6142.0,0.0,0.0,155.39
2025-05-15T19:51:30.084Z,10,GR86-036-98,-7.9,0.094,-0.541,99.94,4.0,,0.0,0.0,
2025-05-15T19:51:30.128Z,10,GR86-036-98,-7.9,0.118,-0.555,99.93,4.0,,0.0,0.0,
2025-05-15T19:51:30.173Z,10,GR86-036-98,-7.9,0.095,-0.587,99.95,4.0,,0.0,0.0,
2025-05-15T19:51:30.217Z,10,GR86-036-98,-7.9,0.129,-0.612,99.96,4.0,,0.0,0.0,
2025-05-15T19:51:30.264Z,10,GR86-036-98,-7.9,0.103,-0.601,99.94,4.0,6192.0,0.0,0.0,156.44
2025-05-15T19:51:30.308Z,10,GR86-036-98,-7.9,0.095,-0.604,99.95,4.0,,0.0,0.0,
2025-05-15T19:51:30.352Z,10,GR86-036-98,-7.9,0.101,-0.649,99.94,4.0,,0.0,0.0,
2025-05-15T19:51:30.399Z,10,GR86-036-98,-7.9,0.125,-0.661,71.96000000000001,4.0,,0.0,0.0,
2025-05-15T19:51:30.444Z,10,GR86-036-98,-7.9,0.089,-0.64,34.6,4.0,,4.12,4.335,
2025-05-15T19:51:30.489Z,10,GR86-036-98,-7.9,0.067,-0.627,20.8,4.0,6239.0,7.525,7.705,157.24
2025-05-15T19:51:30.534Z,10,GR86-036-98,-7.9,-0.026,-0.653,5.03,4.0,,10.62,10.715,
2025-05-15T19:51:30.578Z,10,GR86-036-98,-7.9,-0.118,-0.638,4.8,4.0,,14.175,14.27,
2025-05-15T19:51:30.623Z,10,GR86-036-98,-7.9,-0.414,-0.584,4.44,4.0,,21.03,21.06,
2025-05-15T19:51:30.711Z,10,GR86-036-98,-5.300000000000001,-0.642,-0.562,4.12,4.0,6226.0,26.875,26.81,158.31
2025-05-15T19:51:30.755Z,10,GR86-036-98,3.0,-0.776,-0.439,3.5500000000000003,4.0,,39.645,39.4,
2025-05-15T19:51:30.799Z,10,GR86-036-98,6.800000000000001,-0.895,-0.473,3.22,4.0,,43.05,42.745,
2025-05-15T19:51:30.844Z,10,GR86-036-98,8.700000000000001,-0.929,-0.364,2.83,4.0,,45.625,45.335,
2025-05-15T19:51:30.888Z,10,GR86-036-98,8.700000000000001,-0.957,-0.345,2.71,4.0,,46.115,46.025,
2025-05-15T19:51:30.934Z,10,GR86-036-98,8.700000000000001,-0.937,-0.337,2.65,4.0,5964.0,46.115,46.27,157.06
2025-05-15T19:51:31.023Z,10,GR86-036-98,8.700000000000001,-0.917,-0.406,2.58,4.0,,46.115,46.24,
2025-05-15T19:51:31.111Z,10,GR86-036-98,6.6000000000000005,-0.95,-0.46,2.49,4.0,,45.69,46.345,
2025-05-15T19:51:31.155Z,10,GR86-036-98,6.6000000000000005,-0.94,-0.498,2.51,4.0,5197.0,46.115,46.435,145.56
2025-05-15T19:51:31.199Z,10,GR86-036-98,10.4,-0.839,-0.405,2.48,4.0,,47.125,48.865,
2025-05-15T19:51:31.245Z,10,GR86-036-98,10.9,-0.8290000000000001,-0.412,2.48,4.0,,45.37,46.835,
2025-05-15T19:51:31.289Z,10,GR86-036-98,12.2,-0.992,-0.475,2.48,4.0,,43.855,44.13,
2025-05-15T19:51:31.334Z,10,GR86-036-98,12.6,-1.003,-0.392,30.73,4.0,,44.71,45.37,
2025-05-15T19:51:31.378Z,10,GR86-036-98,12.7,-0.943,-0.535,76.14,4.0,5088.0,46.345,47.84,139.01
2025-05-15T19:51:31.424Z,10,GR86-036-98,6.7,-0.955,-0.475,99.82,4.0,,44.68,44.74,
2025-05-15T19:51:31.468Z,10,GR86-036-98,-0.8,-0.882,-0.473,69.17,4.0,,43.795,43.89,
2025-05-15T19:51:31.514Z,10,GR86-036-98,-5.2,-0.855,-0.376,4.34,3.0,,44.62,44.74,
2025-05-15T19:51:31.558Z,10,GR86-036-98,-7.9,-0.973,-0.455,4.1,3.0,,45.69,46.77,
2025-05-15T19:51:31.604Z,10,GR86-036-98,-7.800000000000001,-0.914,-0.529,3.86,3.0,5790.0,43.825,44.225,133.15
2025-05-15T19:51:31.648Z,10,GR86-036-98,-7.800000000000001,-1.007,-0.423,3.63,3.0,,43.585,43.43,
2025-05-15T19:51:31.694Z,10,GR86-036-98,-7.800000000000001,-1.046,-0.428,3.35,3.0,,44.65,45.965,
2025-05-15T19:51:31.784Z,10,GR86-036-98,-7.800000000000001,-0.953,-0.553,2.83,3.0,,43.585,43.995,
2025-05-15T19:51:31.873Z,10,GR86-036-98,-7.9,-0.857,-0.5630000000000001,21.64,3.0,5589.0,39.46,40.56,127.05
2025-05-15T19:51:31.917Z,10,GR86-036-98,-7.9,-0.843,-0.623,66.67,2.0,,37.325,38.715,
2025-05-15T19:51:31.964Z,10,GR86-036-98,-5.4,-0.875,-0.5660000000000001,9.31,2.0,,30.11,31.48,
2025-05-15T19:51:32.055Z,10,GR86-036-98,0.7000000000000001,-0.68,-0.773,3.81,2.0,5283.0,25.3,26.17,121.24
2025-05-15T19:51:32.145Z,10,GR86-036-98,3.2,-0.898,-0.638,3.5500000000000003,2.0,,24.17,25.12,
2025-05-15T19:51:32.189Z,10,GR86-036-98,12.7,-0.728,-0.851,2.82,2.0,,21.41,22.095,
2025-05-15T19:51:32.278Z,10,GR86-036-98,21.700000000000003,-0.5720000000000001,-0.834,2.59,2.0,5875.0,19.93,20.66,115.87
2025-05-15T19:51:32.323Z,10,GR86-036-98,30.700000000000003,-0.546,-0.849,2.53,2.0,,19.87,20.555,
2025-05-15T19:51:32.367Z,10,GR86-036-98,37.9,-0.524,-0.74,2.51,2.0,,19.075,19.455,
2025-05-15T19:51:32.411Z,10,GR86-036-98,40.5,-0.51,-0.736,2.49,2.0,,17.81,18.115,
2025-05-15T19:51:32.455Z,10,GR86-036-98,34.1,-0.508,-0.666,2.48,2.0,,18.055,18.77,
2025-05-15T19:51:32.545Z,10,GR86-036-98,-8.3,-0.548,-0.875,2.48,2.0,5984.0,19.21,19.55,111.64
2025-05-15T19:51:32.589Z,10,GR86-036-98,-17.7,-0.528,-0.87,2.49,2.0,,18.92,19.73,
2025-05-15T19:51:32.634Z,10,GR86-036-98,-25.4,-0.562,-0.851,2.48,2.0,,15.93,17.0,
2025-05-15T19:51:32.678Z,10,GR86-036-98,-31.700000000000003,-0.472,-0.86,2.48,2.0,,9.25,10.345,
2025-05-15T19:51:32.724Z,10,GR86-036-98,-42.900000000000006,-0.355,-0.913,2.48,2.0,5766.0,0.0,0.0,106.91
2025-05-15T19:51:32.814Z,10,GR86-036-98,-48.900000000000006,-0.211,-0.794,2.48,2.0,,0.0,0.0,
2025-05-15T19:51:32.858Z,10,GR86-036-98,-50.7,-0.232,-0.891,2.48,2.0,,0.0,0.0,
2025-05-15T19:51:32.903Z,10,GR86-036-98,-47.8,-0.192,-1.161,2.49,2.0,,0.0,0.0,
2025-05-15T19:51:32.948Z,10,GR86-036-98,-43.3,-0.247,-1.131,2.49,2.0,5606.0,0.0,0.0,101.43
2025-05-15T19:51:32.994Z,10,GR86-036-98,-40.7,-0.237,-1.187,2.49,2.0,,0.0,0.0,
2025-05-15T19:51:33.038Z,10,GR86-036-98,-38.5,-0.198,-1.209,2.48,2.0,,0.0,0.0,
2025-05-15T19:51:33.084Z,10,GR86-036-98,-37.5,-0.193,-1.082,2.49,2.0,,0.0,0.0,
2025-05-15T19:51:33.128Z,10,GR86-036-98,-37.5,-0.186,-1.044,2.48,2.0,,0.0,0.0,
2025-05-15T19:51:33.173Z,10,GR86-036-98,-41.7,-0.153,-0.943,2.49,2.0,5544.0,0.0,0.0,100.69
2025-05-15T19:51:33.217Z,10,GR86-036-98,-48.2,-0.175,-0.917,2.48,2.0,,0.0,0.0,
2025-05-15T19:51:33.261Z,10,GR86-036-98,-50.7,-0.185,-1.06,2.48,2.0,,0.0,0.0,
2025-05-15T19:51:33.305Z,10,GR86-036-98,-50.7,-0.206,-0.976,2.49,2.0,,0.0,0.0,
2025-05-15T19:51:33.349Z,10,GR86-036-98,-48.2,-0.176,-1.044,2.49,2.0,,0.0,0.0,
2025-05-15T19:51:33.394Z,10,GR86-036-98,-44.5,-0.189,-1.2,2.8000000000000003,2.0,5433.0,0.0,0.0,98.41
2025-05-15T19:51:33.438Z,10,GR86-036-98,-42.8,-0.316,-1.161,4.4,2.0,,0.0,0.0,
2025-05-15T19:51:33.484Z,10,GR86-036-98,-42.7,-0.23,-1.107,4.61,2.0,,0.0,0.0,
2025-05-15T19:51:33.528Z,10,GR86-036-98,-42.7,-0.23,-1.351,7.28,2.0,,0.0,0.0,
2025-05-15T19:51:33.573Z,10,GR86-036-98,-43.0,-0.25,-1.238,11.13,2.0,,0.0,0.0,
2025-05-15T19:51:33.617Z,10,GR86-036-98,-44.400000000000006,-0.17,-1.326,10.28,2.0,5377.0,0.0,0.0,98.0
2025-05-15T19:51:33.664Z,10,GR86-036-98,-54.8,-0.179,-1.21,18.74,2.0,,0.0,0.0,
2025-05-15T19:51:33.708Z,10,GR86-036-98,-60.7,-0.13,-1.252,21.27,2.0,,0.0,0.0,
2025-05-15T19:51:33.755Z,10,GR86-036-98,-61.8,-0.185,-1.149,21.42,2.0,,0.0,0.0,
2025-05-15T19:51:33.799Z,10,GR86-036-98,-61.900000000000006,-0.151,-1.291,21.57,2.0,,0.0,0.0,
2025-05-15T19:51:33.844Z,10,GR86-036-98,-54.7,-0.14,-1.312,25.87,2.0,5341.0,0.0,0.0,96.49
2025-05-15T19:51:33.889Z,10,GR86-036-98,-48.7,-0.12,-1.301,27.41,2.0,,0.0,0.0,
2025-05-15T19:51:33.934Z,10,GR86-036-98,-45.7,0.207,-1.161,26.84,2.0,,0.0,0.0,
2025-05-15T19:51:33.978Z,10,GR86-036-98,-45.7,0.113,-1.137,26.34,2.0,,0.0,0.0,
2025-05-15T19:51:34.024Z,10,GR86-036-98,-45.7,0.071,-1.211,28.97,2.0,,0.0,0.0,
2025-05-15T19:51:34.068Z,10,GR86-036-98,-46.2,-0.044,-1.112,34.49,2.0,5602.0,0.0,0.0,95.23
2025-05-15T19:51:34.114Z,10,GR86-036-98,-48.400000000000006,0.001,-1.353,37.98,2.0,,0.0,0.0,
2025-05-15T19:51:34.158Z,10,GR86-036-98,-50.900000000000006,0.103,-1.141,38.98,2.0,,0.0,0.0,
2025-05-15T19:51:34.204Z,10,GR86-036-98,-53.1,0.196,-1.361,39.1,2.0,,0.0,0.0,
2025-05-15T19:51:34.294Z,10,GR86-036-98,-61.2,0.165,-1.22,39.7,2.0,5586.0,0.0,0.0,94.72
2025-05-15T19:51:34.338Z,10,GR86-036-98,-67.9,0.151,-1.206,39.53,2.0,,0.0,0.0,
2025-05-15T19:51:34.384Z,10,GR86-036-98,-70.10000000000001,0.154,-0.953,37.96,2.0,,0.0,0.0,
2025-05-15T19:51:34.428Z,10,GR86-036-98,-70.10000000000001,0.118,-1.04,36.62,2.0,,0.0,0.0,
2025-05-15T19:51:34.473Z,10,GR86-036-98,-70.10000000000001,0.13,-1.213,35.77,2.0,,0.0,0.0,
2025-05-15T19:51:34.517Z,10,GR86-036-98,-66.8,0.075,-1.063,35.78,2.0,5510.0,0.0,0.0,96.13
2025-05-15T19:51:34.608Z,10,GR86-036-98,-59.900000000000006,0.21,-1.07,35.95,2.0,,0.0,0.0,
2025-05-15T19:51:34.655Z,10,GR86-036-98,-58.0,0.105,-1.102,36.25,2.0,,0.0,0.0,
2025-05-15T19:51:34.699Z,10,GR86-036-98,-51.8,0.104,-1.012,37.48,2.0,,0.0,0.0,
2025-05-15T19:51:34.789Z,10,GR86-036-98,-40.2,0.086,-1.166,38.92,2.0,,0.0,0.0,
2025-05-15T19:51:34.834Z,10,GR86-036-98,-44.0,0.151,-1.142,37.87,2.0,5711.0,0.0,0.0,97.95
2025-05-15T19:51:34.878Z,10,GR86-036-98,-37.6,0.183,-1.02,45.15,2.0,,0.0,0.0,
2025-05-15T19:51:34.923Z,10,GR86-036-98,-37.6,0.13,-1.05,44.69,2.0,,0.0,0.0,
2025-05-15T19:51:34.968Z,10,GR86-036-98,-36.1,0.077,-0.909,45.78,2.0,5745.0,0.0,0.0,98.78
2025-05-15T19:51:35.058Z,10,GR86-036-98,-34.6,0.307,-1.125,43.5,2.0,,0.0,0.0,
2025-05-15T19:51:35.104Z,10,GR86-036-98,-34.6,0.245,-0.924,44.45,2.0,,0.0,0.0,
2025-05-15T19:51:35.148Z,10,GR86-036-98,-34.6,0.16,-1.074,44.9,2.0,,0.0,0.0,
2025-05-15T19:51:35.194Z,10,GR86-036-98,-37.7,0.204,-1.117,44.22,2.0,5771.0,0.0,0.0,99.4
2025-05-15T19:51:35.284Z,10,GR86-036-98,-40.400000000000006,0.15,-1.034,45.41,2.0,,0.0,0.0,
2025-05-15T19:51:35.328Z,10,GR86-036-98,-41.1,0.253,-0.894,45.41,2.0,,0.0,0.0,
2025-05-15T19:51:35.373Z,10,GR86-036-98,-41.1,0.101,-1.016,45.45,2.0,,0.0,0.0,
2025-05-15T19:51:35.417Z,10,GR86-036-98,-41.1,0.164,-1.006,45.92,2.0,5926.0,0.0,0.0,100.88
2025-05-15T19:51:35.461Z,10,GR86-036-98,-41.1,0.189,-0.921,50.14,2.0,,0.0,0.0,
2025-05-15T19:51:35.505Z,10,GR86-036-98,-38.0,0.142,-0.994,56.89,2.0,,0.0,0.0,
2025-05-15T19:51:35.549Z,10,GR86-036-98,-34.300000000000004,0.155,-0.979,70.51,2.0,,0.0,0.0,
2025-05-15T19:51:35.594Z,10,GR86-036-98,-29.8,0.161,-1.191,72.98,2.0,,0.0,0.0,
2025-05-15T19:51:35.684Z,10,GR86-036-98,-28.4,0.3,-0.8320000000000001,71.60000000000001,2.0,5948.0,0.0,0.0,102.17
2025-05-15T19:51:35.728Z,10,GR86-036-98,-28.4,0.184,-0.73,83.71000000000001,2.0,,0.0,0.0,
2025-05-15T19:51:35.773Z,10,GR86-036-98,-28.200000000000003,0.179,-0.738,98.12,2.0,,0.0,0.0,
2025-05-15T19:51:35.861Z,10,GR86-036-98,-26.4,0.262,-0.771,99.9,2.0,5963.0,0.0,0.0,103.59
2025-05-15T19:51:35.905Z,10,GR86-036-98,-22.8,0.283,-0.754,99.9,2.0,,0.0,0.0,
2025-05-15T19:51:35.949Z,10,GR86-036-98,-21.3,0.254,-0.773,99.89,2.0,,0.0,0.0,
2025-05-15T19:51:35.994Z,10,GR86-036-98,-20.200000000000003,0.228,-0.751,99.91,2.0,,0.0,0.0,
2025-05-15T19:51:36.084Z,10,GR86-036-98,-18.7,0.228,-0.737,99.91,2.0,6141.0,0.0,0.0,103.99
2025-05-15T19:51:36.128Z,10,GR86-036-98,-16.0,0.244,-0.744,99.91,2.0,,0.0,0.0,
2025-05-15T19:51:36.173Z,10,GR86-036-98,-12.5,0.263,-0.739,99.91,2.0,,0.0,0.0,
2025-05-15T19:51:36.264Z,10,GR86-036-98,-9.5,0.274,-0.743,99.92,2.0,,0.0,0.0,
2025-05-15T19:51:36.308Z,10,GR86-036-98,-5.2,0.26,-0.608,99.91,2.0,6265.0,0.0,0.0,105.83
2025-05-15T19:51:36.352Z,10,GR86-036-98,-4.4,0.256,-0.551,99.92,2.0,,0.0,0.0,
2025-05-15T19:51:36.399Z,10,GR86-036-98,-2.9000000000000004,0.263,-0.468,99.92,2.0,,0.0,0.0,
2025-05-15T19:51:36.488Z,10,GR86-036-98,-1.1,0.243,-0.314,99.92,2.0,,0.0,0.0,
2025-05-15T19:51:36.578Z,10,GR86-036-98,-1.1,0.257,-0.266,99.92,2.0,6319.0,0.0,0.0,107.83
2025-05-15T19:51:36.623Z,10,GR86-036-98,-1.1,0.245,-0.16,99.94,2.0,,0.0,0.0,
2025-05-15T19:51:36.714Z,10,GR86-036-98,-1.1,0.243,-0.118,99.94,2.0,,0.0,0.0,
2025-05-15T19:51:36.758Z,10,GR86-036-98,-1.1,0.243,-0.131,99.95,2.0,6523.0,0.0,0.0,111.61
2025-05-15T19:51:36.804Z,10,GR86-036-98,-1.1,0.262,-0.155,99.93,2.0,,0.0,0.0,
2025-05-15T19:51:36.848Z,10,GR86-036-98,-1.1,0.281,-0.141,99.96,2.0,,0.0,0.0,
2025-05-15T19:51:36.893Z,10,GR86-036-98,-0.9,0.255,-0.15,99.95,2.0,,0.0,0.0,
2025-05-15T19:51:36.938Z,10,GR86-036-98,-0.8,0.252,-0.176,99.95,2.0,,0.0,0.0,
2025-05-15T19:51:36.984Z,10,GR86-036-98,-0.7000000000000001,0.249,-0.169,99.95,2.0,6624.0,0.0,0.0,113.52
2025-05-15T19:51:37.028Z,10,GR86-036-98,-0.3,0.264,-0.123,99.95,2.0,,0.0,0.0,
2025-05-15T19:51:37.073Z,10,GR86-036-98,0.6000000000000001,0.253,-0.124,99.96,2.0,,0.0,0.0,
2025-05-15T19:51:37.117Z,10,GR86-036-98,1.1,0.261,-0.106,99.95,2.0,,0.0,0.0,
2025-05-15T19:51:37.161Z,10,GR86-036-98,1.9,0.261,-0.085,99.94,2.0,,0.0,0.0,
2025-05-15T19:51:37.205Z,10,GR86-036-98,3.1,0.263,-0.076,99.93,2.0,6749.0,0.0,0.0,115.35
2025-05-15T19:51:37.249Z,10,GR86-036-98,3.2,0.256,-0.104,99.94,2.0,,0.0,0.0,
2025-05-15T19:51:37.294Z,10,GR86-036-98,3.8,0.287,-0.095,99.95,2.0,,0.0,0.0,
2025-05-15T19:51:37.338Z,10,GR86-036-98,4.0,0.258,-0.064,99.95,2.0,,0.0,0.0,
2025-05-15T19:51:37.384Z,10,GR86-036-98,4.1000000000000005,-0.088,-0.053,99.94,2.0,,0.0,0.0,
2025-05-15T19:51:37.428Z,10,GR86-036-98,4.1000000000000005,-0.036,-0.029,99.96,3.0,6834.0,0.0,0.0,117.24
2025-05-15T19:51:37.473Z,10,GR86-036-98,4.6000000000000005,0.5680000000000001,-0.043,99.97,3.0,,0.0,0.0,
2025-05-15T19:51:37.517Z,10,GR86-036-98,5.2,0.264,-0.045,99.95,3.0,,0.0,0.0,
2025-05-15T19:51:37.562Z,10,GR86-036-98,5.5,0.357,0.023,99.95,3.0,,0.0,0.0,
2025-05-15T19:51:37.608Z,10,GR86-036-98,5.5,0.164,-0.08,99.93,3.0,,0.0,0.0,
2025-05-15T19:51:37.652Z,10,GR86-036-98,5.5,0.137,-0.036,99.96,3.0,5956.0,0.0,0.0,118.67
2025-05-15T19:51:37.700Z,10,GR86-036-98,5.5,0.155,0.025,99.94,3.0,,0.0,0.0,
2025-05-15T19:51:37.745Z,10,GR86-036-98,5.5,0.232,-0.016,99.95,3.0,,0.0,0.0,
2025-05-15T19:51:37.789Z,10,GR86-036-98,5.5,0.222,-0.01,99.94,3.0,,0.0,0.0,
2025-05-15T19:51:37.834Z,10,GR86-036-98,5.5,0.22,-0.016,99.95,3.0,,0.0,0.0,
2025-05-15T19:51:37.878Z,10,GR86-036-98,5.5,0.195,-0.018,99.95,3.0,5761.0,0.0,0.0,120.53
2025-05-15T19:51:37.923Z,10,GR86-036-98,5.5,0.218,0.011,99.94,3.0,,0.0,0.0,
2025-05-15T19:51:37.968Z,10,GR86-036-98,5.5,0.203,-0.002,99.94,3.0,,0.0,0.0,
2025-05-15T19:51:38.058Z,10,GR86-036-98,5.7,0.2,0.039,99.95,3.0,,0.0,0.0,
2025-05-15T19:51:38.104Z,10,GR86-036-98,5.9,0.207,0.049,99.95,3.0,5765.0,0.0,0.0,122.11
2025-05-15T19:51:38.148Z,10,GR86-036-98,5.9,0.206,0.023,99.94,3.0,,0.0,0.0,
2025-05-15T19:51:38.194Z,10,GR86-036-98,5.9,0.225,0.033,99.94,3.0,,0.0,0.0,
2025-05-15T19:51:38.238Z,10,GR86-036-98,5.9,0.233,0.028,99.95,3.0,,0.0,0.0,
2025-05-15T19:51:38.284Z,10,GR86-036-98,5.9,0.203,0.05,99.96,3.0,,0.0,0.0,
2025-05-15T19:51:38.328Z,10,GR86-036-98,5.9,0.188,0.001,99.96,3.0,5850.0,0.0,0.0,123.5
2025-05-15T19:51:38.373Z,10,GR86-036-98,5.9,0.209,0.011,99.96,3.0,,0.0,0.0,
2025-05-15T19:51:38.417Z,10,GR86-036-98,5.9,0.245,0.032,99.97,3.0,,0.0,0.0,
2025-05-15T19:51:38.462Z,10,GR86-036-98,5.9,0.222,0.031,99.96,3.0,,0.0,0.0,
2025-05-15T19:51:38.508Z,10,GR86-036-98,5.9,0.194,0.02,99.95,3.0,,0.0,0.0,
2025-05-15T19:51:38.555Z,10,GR86-036-98,5.9,0.2,-0.008,99.94,3.0,5977.0,0.0,0.0,126.54
2025-05-15T19:51:38.599Z,10,GR86-036-98,5.9,0.228,0.015,99.95,3.0,,0.0,0.0,
2025-05-15T19:51:38.644Z,10,GR86-036-98,5.9,0.198,0.006,99.97,3.0,,0.0,0.0,
2025-05-15T19:51:38.689Z,10,GR86-036-98,5.9,0.213,0.017,99.95,3.0,,0.0,0.0,
2025-05-15T19:51:38.734Z,10,GR86-036-98,6.0,0.2,-0.01,99.96,3.0,,0.0,0.0,
2025-05-15T19:51:38.778Z,10,GR86-036-98,5.9,0.197,0.014,99.96,3.0,6039.0,0.0,0.0,128.33
2025-05-15T19:51:38.823Z,10,GR86-036-98,5.9,0.181,0.022,99.97,3.0,,0.0,0.0,
2025-05-15T19:51:38.868Z,10,GR86-036-98,6.0,0.213,0.061,99.95,3.0,,0.0,0.0,
2025-05-15T19:51:38.914Z,10,GR86-036-98,5.9,0.224,0.056,99.95,3.0,,0.0,0.0,
2025-05-15T19:51:38.958Z,10,GR86-036-98,5.9,0.202,0.027,99.94,3.0,,0.0,0.0,
2025-05-15T19:51:39.004Z,10,GR86-036-98,5.9,0.195,0.016,99.95,3.0,6127.0,0.0,0.0,129.69
2025-05-15T19:51:39.048Z,10,GR86-036-98,5.9,0.179,0.023,99.96,3.0,,0.0,0.0,
2025-05-15T19:51:39.094Z,10,GR86-036-98,5.9,0.212,0.04,99.96,3.0,,0.0,0.0,
2025-05-15T19:51:39.138Z,10,GR86-036-98,5.9,0.215,0.02,99.95,3.0,,0.0,0.0,
2025-05-15T19:51:39.184Z,10,GR86-036-98,5.9,0.219,0.023,99.95,3.0,,0.0,0.0,
2025-05-15T19:51:39.228Z,10,GR86-036-98,6.0,0.198,-0.012,99.96,3.0,6186.0,0.0,0.0,131.18
2025-05-15T19:51:39.273Z,10,GR86-036-98,5.9,0.193,0.002,99.95,3.0,,0.0,0.0,
2025-05-15T19:51:39.317Z,10,GR86-036-98,6.0,0.234,0.031,99.97,3.0,,0.0,0.0,
2025-05-15T19:51:39.362Z,10,GR86-036-98,5.9,0.206,0.002,99.97,3.0,,0.0,0.0,
2025-05-15T19:51:39.406Z,10,GR86-036-98,6.0,0.205,-0.001,99.96,3.0,,0.0,0.0,
2025-05-15T19:51:39.538Z,10,GR86-036-98,5.9,0.196,-0.028,99.95,3.0,6257.0,0.0,0.0,132.65
2025-05-15T19:51:39.584Z,10,GR86-036-98,6.0,0.193,0.002,99.96,3.0,,0.0,0.0,
2025-05-15T19:51:39.628Z,10,GR86-036-98,6.0,0.219,0.038,99.95,3.0,,0.0,0.0,
2025-05-15T19:51:39.673Z,10,GR86-036-98,6.7,0.208,-0.006,99.97,3.0,6341.0,0.0,0.0,134.07
2025-05-15T19:51:39.717Z,10,GR86-036-98,7.1000000000000005,0.2,0.005,99.96,3.0,,0.0,0.0,
2025-05-15T19:51:39.764Z,10,GR86-036-98,7.1000000000000005,0.178,-0.008,99.95,3.0,,0.0,0.0,
2025-05-15T19:51:39.808Z,10,GR86-036-98,7.1000000000000005,0.182,0.026,99.95,3.0,,0.0,0.0,
2025-05-15T19:51:39.855Z,10,GR86-036-98,7.1000000000000005,0.211,0.074,99.94,3.0,,0.0,0.0,
2025-05-15T19:51:39.899Z,10,GR86-036-98,7.1000000000000005,0.211,0.046,99.97,3.0,6387.0,0.0,0.0,135.66
2025-05-15T19:51:39.944Z,10,GR86-036-98,7.1000000000000005,0.214,0.067,99.98,3.0,,0.0,0.0,
2025-05-15T19:51:39.989Z,10,GR86-036-98,7.2,0.2,0.026,99.97,3.0,,0.0,0.0,
2025-05-15T19:51:40.034Z,10,GR86-036-98,7.1000000000000005,0.182,0.012,99.95,3.0,,0.0,0.0,
2025-05-15T19:51:40.078Z,10,GR86-036-98,7.2,0.195,0.042,99.97,3.0,,0.0,0.0,
2025-05-15T19:51:40.123Z,10,GR86-036-98,7.1000000000000005,0.176,0.019,99.96,3.0,6459.0,0.0,0.0,137.26
2025-05-15T19:51:40.167Z,10,GR86-036-98,7.2,0.208,0.042,99.97,3.0,,0.0,0.0,
2025-05-15T19:51:40.211Z,10,GR86-036-98,7.2,0.22,0.047,99.96,3.0,,0.0,0.0,
2025-05-15T19:51:40.255Z,10,GR86-036-98,7.2,0.194,0.001,99.94,3.0,,0.0,0.0,
2025-05-15T19:51:40.299Z,10,GR86-036-98,7.2,0.179,-0.005,99.96,3.0,,0.0,0.0,
2025-05-15T19:51:40.344Z,10,GR86-036-98,7.2,0.174,-0.019,99.96,3.0,6587.0,0.0,0.0,140.07
2025-05-15T19:51:40.389Z,10,GR86-036-98,7.2,0.173,0.005,99.97,3.0,,0.0,0.0,
2025-05-15T19:51:40.434Z,10,GR86-036-98,7.2,0.217,0.031,99.97,3.0,,0.0,0.0,
2025-05-15T19:51:40.478Z,10,GR86-036-98,7.2,0.214,0.044,99.95,3.0,,0.0,0.0,
2025-05-15T19:51:40.523Z,10,GR86-036-98,7.2,0.21,0.042,99.97,3.0,,0.0,0.0,
2025-05-15T19:51:40.658Z,10,GR86-036-98,7.2,0.168,-0.012,99.96,3.0,6650.0,0.0,0.0,141.59
2025-05-15T19:51:40.704Z,10,GR86-036-98,7.2,0.165,-0.033,99.95,3.0,,0.0,0.0,
2025-05-15T19:51:40.748Z,10,GR86-036-98,7.2,0.169,-0.021,99.96,3.0,,0.0,0.0,
2025-05-15T19:51:40.794Z,10,GR86-036-98,7.2,0.213,0.023,99.94,3.0,6733.0,0.0,0.0,142.95000000000002
2025-05-15T19:51:40.838Z,10,GR86-036-98,7.2,0.21,0.045,99.93,3.0,,0.0,0.0,
2025-05-15T19:51:40.884Z,10,GR86-036-98,7.2,0.206,0.026,99.95,3.0,,0.0,0.0,
2025-05-15T19:51:40.928Z,10,GR86-036-98,7.2,0.241,0.032,99.94,3.0,,0.0,0.0,
2025-05-15T19:51:41.017Z,10,GR86-036-98,7.2,0.148,-0.005,99.97,3.0,6804.0,0.0,0.0,144.22
2025-05-15T19:51:41.064Z,10,GR86-036-98,7.2,0.182,0.016,99.95,3.0,,0.0,0.0,
2025-05-15T19:51:41.108Z,10,GR86-036-98,7.2,0.158,-0.005,99.96,3.0,,0.0,0.0,
2025-05-15T19:51:41.152Z,10,GR86-036-98,7.2,0.163,0.02,99.95,3.0,,0.0,0.0,
2025-05-15T19:51:41.196Z,10,GR86-036-98,7.2,0.206,0.027,99.96,3.0,,0.0,0.0,
2025-05-15T19:51:41.284Z,10,GR86-036-98,7.2,0.215,0.043,99.95,3.0,6859.0,0.0,0.0,145.63
2025-05-15T19:51:41.328Z,10,GR86-036-98,7.2,0.218,0.046,99.98,3.0,,0.0,0.0,
2025-05-15T19:51:41.373Z,10,GR86-036-98,7.2,0.179,0.051,99.96,3.0,,0.0,0.0,
2025-05-15T19:51:41.463Z,10,GR86-036-98,7.2,0.158,0.029,99.97,3.0,6907.0,0.0,0.0,147.25
2025-05-15T19:51:41.508Z,10,GR86-036-98,7.2,0.143,0.047,99.94,3.0,,0.0,0.0,
2025-05-15T19:51:41.552Z,10,GR86-036-98,7.2,0.146,0.065,99.97,3.0,,0.0,0.0,
2025-05-15T19:51:41.644Z,10,GR86-036-98,7.300000000000001,0.133,0.005,99.96,3.0,,0.0,0.0,
2025-05-15T19:51:41.688Z,10,GR86-036-98,7.300000000000001,0.143,-0.005,99.99,3.0,6974.0,0.0,0.0,148.46
2025-05-15T19:51:41.734Z,10,GR86-036-98,7.300000000000001,0.172,0.024,99.96,3.0,,0.0,0.0,
2025-05-15T19:51:41.778Z,10,GR86-036-98,7.300000000000001,0.229,0.035,99.97,3.0,,0.0,0.0,
2025-05-15T19:51:41.823Z,10,GR86-036-98,7.300000000000001,0.238,0.076,99.98,3.0,,0.0,0.0,
2025-05-15T19:51:41.868Z,10,GR86-036-98,7.5,0.241,0.09,99.96,3.0,,0.0,0.0,
2025-05-15T19:51:42.004Z,10,GR86-036-98,8.4,0.183,0.068,99.99,3.0,7099.0,0.0,0.0,149.4
2025-05-15T19:51:42.094Z,10,GR86-036-98,8.4,0.158,0.069,99.96,3.0,,0.0,0.0,
2025-05-15T19:51:42.184Z,10,GR86-036-98,8.5,0.208,0.092,99.98,3.0,7051.0,0.0,0.0,151.02
2025-05-15T19:51:42.228Z,10,GR86-036-98,8.5,0.174,0.084,99.97,3.0,,0.0,0.0,
2025-05-15T19:51:42.273Z,10,GR86-036-98,8.5,0.108,0.073,99.95,3.0,,0.0,0.0,
2025-05-15T19:51:42.317Z,10,GR86-036-98,8.5,-0.176,0.105,99.96,3.0,,0.0,0.0,
2025-05-15T19:51:42.362Z,10,GR86-036-98,8.5,0.009,0.1,99.97,4.0,6821.0,0.0,0.0,153.64
2025-05-15T19:51:42.408Z,10,GR86-036-98,8.5,0.295,-0.039,99.97,4.0,,0.0,0.0,
2025-05-15T19:51:42.452Z,10,GR86-036-98,8.4,0.345,0.061,99.98,4.0,,0.0,0.0,
2025-05-15T19:51:42.499Z,10,GR86-036-98,8.5,0.167,0.066,99.98,4.0,,0.0,0.0,
2025-05-15T19:51:42.545Z,10,GR86-036-98,8.5,0.051,0.017,99.97,4.0,,0.0,0.0,
2025-05-15T19:51:42.589Z,10,GR86-036-98,8.5,0.173,0.067,99.96,4.0,6012.0,0.0,0.0,154.6
2025-05-15T19:51:42.634Z,10,GR86-036-98,8.5,0.211,0.034,99.97,4.0,,0.0,0.0,
2025-05-15T19:51:42.678Z,10,GR86-036-98,8.5,0.149,0.062,99.97,4.0,,0.0,0.0,
2025-05-15T19:51:42.724Z,10,GR86-036-98,8.5,0.128,0.026,99.97,4.0,,0.0,0.0,
2025-05-15T19:51:42.768Z,10,GR86-036-98,8.5,0.172,0.034,99.96,4.0,,0.0,0.0,
2025-05-15T19:51:42.814Z,10,GR86-036-98,8.5,0.175,0.045,99.97,4.0,6153.0,0.0,0.0,155.87
2025-05-15T19:51:42.904Z,10,GR86-036-98,8.5,0.163,0.041,99.97,4.0,,0.0,0.0,
2025-05-15T19:51:42.994Z,10,GR86-036-98,8.5,0.159,0.046,99.97,4.0,,0.0,0.0,
2025-05-15T19:51:43.038Z,10,GR86-036-98,8.5,0.13,0.043,99.98,4.0,6195.0,0.0,0.0,156.88
2025-05-15T19:51:43.084Z,10,GR86-036-98,8.4,0.148,0.082,99.97,4.0,,0.0,0.0,
2025-05-15T19:51:43.173Z,10,GR86-036-98,8.4,0.158,0.061,99.97,4.0,,0.0,0.0,
2025-05-15T19:51:43.217Z,10,GR86-036-98,8.4,0.149,0.041,99.96,4.0,,0.0,0.0,
2025-05-15T19:51:43.264Z,10,GR86-036-98,8.5,0.158,0.096,99.98,4.0,6242.0,0.0,0.0,157.88
2025-05-15T19:51:43.308Z,10,GR86-036-98,8.5,0.135,0.079,99.96,4.0,,0.0,0.0,
2025-05-15T19:51:43.353Z,10,GR86-036-98,8.5,0.119,0.092,99.98,4.0,,0.0,0.0,
2025-05-15T19:51:43.399Z,10,GR86-036-98,8.5,0.13,0.087,99.97,4.0,,0.0,0.0,
2025-05-15T19:51:43.444Z,10,GR86-036-98,8.5,0.125,0.125,99.99,4.0,,0.0,0.0,
2025-05-15T19:51:43.489Z,10,GR86-036-98,8.5,0.102,0.151,99.97,4.0,6281.0,0.0,0.0,158.88
2025-05-15T19:51:43.534Z,10,GR86-036-98,8.5,0.107,0.095,99.99,4.0,,0.0,0.0,
2025-05-15T19:51:43.578Z,10,GR86-036-98,8.5,0.096,0.092,99.97,4.0,,0.0,0.0,
2025-05-15T19:51:43.623Z,10,GR86-036-98,8.5,0.162,0.066,99.97,4.0,,0.0,0.0,
2025-05-15T19:51:43.667Z,10,GR86-036-98,8.5,0.124,0.051,99.96,4.0,,0.0,0.0,
2025-05-15T19:51:43.711Z,10,GR86-036-98,8.5,0.102,0.055,99.97,4.0,6294.0,0.0,0.0,160.27
2025-05-15T19:51:43.755Z,10,GR86-036-98,8.5,0.113,0.031,99.97,4.0,,0.0,0.0,
2025-05-15T19:51:43.799Z,10,GR86-036-98,8.5,0.08,0.069,99.98,4.0,,0.0,0.0,
2025-05-15T19:51:43.844Z,10,GR86-036-98,8.5,0.125,0.057,99.97,4.0,,0.0,0.0,
2025-05-15T19:51:43.888Z,10,GR86-036-98,8.9,0.152,0.097,99.96,4.0,,0.0,0.0,
2025-05-15T19:51:43.934Z,10,GR86-036-98,10.1,0.106,0.112,99.97,4.0,6330.0,0.0,0.0,161.21
2025-05-15T19:51:43.978Z,10,GR86-036-98,10.9,0.124,0.151,99.96,4.0,,0.0,0.0,
2025-05-15T19:51:44.023Z,10,GR86-036-98,11.5,0.077,0.171,99.98,4.0,,0.0,0.0,
2025-05-15T19:51:44.068Z,10,GR86-036-98,11.6,0.102,0.161,99.97,4.0,,0.0,0.0,
2025-05-15T19:51:44.114Z,10,GR86-036-98,11.6,0.075,0.173,99.97,4.0,,0.0,0.0,
2025-05-15T19:51:44.158Z,10,GR86-036-98,11.7,0.145,0.183,99.97,4.0,6445.0,0.0,0.0,163.14
2025-05-15T19:51:44.204Z,10,GR86-036-98,13.3,0.136,0.233,99.98,4.0,,0.0,0.0,
2025-05-15T19:51:44.248Z,10,GR86-036-98,14.0,0.081,0.253,99.96,4.0,,0.0,0.0,
2025-05-15T19:51:44.338Z,10,GR86-036-98,14.8,0.107,0.267,99.97,4.0,,0.0,0.0,
2025-05-15T19:51:44.384Z,10,GR86-036-98,18.1,0.108,0.343,99.98,4.0,6483.0,0.0,0.0,164.11
2025-05-15T19:51:44.473Z,10,GR86-036-98,20.5,0.083,0.348,99.97,4.0,,0.0,0.0,
2025-05-15T19:51:44.517Z,10,GR86-036-98,20.700000000000003,0.094,0.391,99.98,4.0,,0.0,0.0,
2025-05-15T19:51:44.564Z,10,GR86-036-98,20.700000000000003,0.071,0.543,99.98,4.0,,0.0,0.0,
2025-05-15T19:51:44.608Z,10,GR86-036-98,20.8,0.11,0.607,99.98,4.0,6522.0,0.0,0.0,164.84
2025-05-15T19:51:44.700Z,10,GR86-036-98,21.200000000000003,0.162,0.672,99.97,4.0,,0.0,0.0,
2025-05-15T19:51:44.744Z,10,GR86-036-98,24.0,0.14,0.67,99.97,4.0,,0.0,0.0,
2025-05-15T19:51:44.834Z,10,GR86-036-98,24.0,0.151,0.582,99.98,4.0,6514.0,0.0,0.0,166.12
2025-05-15T19:51:44.878Z,10,GR86-036-98,24.0,0.093,0.59,99.97,4.0,,0.0,0.0,
2025-05-15T19:51:44.923Z,10,GR86-036-98,24.0,0.158,0.656,99.99,4.0,,0.0,0.0,
2025-05-15T19:51:45.014Z,10,GR86-036-98,24.0,0.17,0.533,99.97,4.0,,0.0,0.0,
2025-05-15T19:51:45.104Z,10,GR86-036-98,24.0,0.175,0.741,99.97,4.0,,0.0,0.0,
2025-05-15T19:51:45.148Z,10,GR86-036-98,24.0,0.15,0.778,99.97,4.0,6593.0,0.0,0.0,166.82
2025-05-15T19:51:45.238Z,10,GR86-036-98,24.0,0.147,0.838,99.96,4.0,,0.0,0.0,
2025-05-15T19:51:45.328Z,10,GR86-036-98,24.0,0.158,0.788,99.97,4.0,6638.0,0.0,0.0,167.37
2025-05-15T19:51:45.373Z,10,GR86-036-98,24.0,0.118,0.8180000000000001,99.97,4.0,,0.0,0.0,
2025-05-15T19:51:45.417Z,10,GR86-036-98,24.0,0.175,0.859,99.95,4.0,,0.0,0.0,
2025-05-15T19:51:45.461Z,10,GR86-036-98,25.9,0.212,0.788,99.97,4.0,,0.0,0.0,
2025-05-15T19:51:45.505Z,10,GR86-036-98,27.0,0.104,0.717,99.97,4.0,6656.0,0.0,0.0,168.49
2025-05-15T19:51:45.549Z,10,GR86-036-98,27.0,0.116,0.74,99.97,4.0,,0.0,0.0,
2025-05-15T19:51:45.594Z,10,GR86-036-98,27.0,0.151,0.7010000000000001,99.97,4.0,,0.0,0.0,
2025-05-15T19:51:45.638Z,10,GR86-036-98,27.1,0.152,0.686,99.97,4.0,,0.0,0.0,
2025-05-15T19:51:45.684Z,10,GR86-036-98,27.0,0.129,0.686,99.98,4.0,,0.0,0.0,
2025-05-15T19:51:45.728Z,10,GR86-036-98,27.0,0.139,0.679,99.97,4.0,6660.0,0.0,0.0,169.4
2025-05-15T19:51:45.773Z,10,GR86-036-98,27.1,0.142,0.671,99.97,4.0,,0.0,0.0,
2025-05-15T19:51:45.817Z,10,GR86-036-98,27.1,0.124,0.65,99.97,4.0,,0.0,0.0,
2025-05-15T19:51:45.864Z,10,GR86-036-98,27.1,0.129,0.671,99.97,4.0,,0.0,0.0,
2025-05-15T19:51:45.908Z,10,GR86-036-98,27.1,0.131,0.639,99.95,4.0,,0.0,0.0,
2025-05-15T19:51:45.952Z,10,GR86-036-98,27.0,0.124,0.649,99.96,4.0,6769.0,0.0,0.0,170.81
2025-05-15T19:51:46.040Z,10,GR86-036-98,27.1,0.123,0.6930000000000001,99.95,4.0,,0.0,0.0,
2025-05-15T19:51:46.084Z,10,GR86-036-98,27.1,0.117,0.8220000000000001,99.97,4.0,,0.0,0.0,
2025-05-15T19:51:46.173Z,10,GR86-036-98,27.1,0.135,0.889,99.98,4.0,6807.0,0.0,0.0,171.36
2025-05-15T19:51:46.217Z,10,GR86-036-98,27.1,0.116,0.873,99.96,4.0,,0.0,0.0,
2025-05-15T19:51:46.263Z,10,GR86-036-98,27.1,0.126,0.896,99.97,4.0,,0.0,0.0,
2025-05-15T19:51:46.308Z,10,GR86-036-98,27.1,0.153,0.898,99.98,4.0,,0.0,0.0,
2025-05-15T19:51:46.352Z,10,GR86-036-98,27.1,0.165,0.867,99.94,4.0,,0.0,0.0,
2025-05-15T19:51:46.399Z,10,GR86-036-98,27.1,0.143,0.8260000000000001,99.95,4.0,6848.0,0.0,0.0,172.19
2025-05-15T19:51:46.444Z,10,GR86-036-98,27.0,0.137,0.808,99.98,4.0,,0.0,0.0,
2025-05-15T19:51:46.488Z,10,GR86-036-98,26.9,0.148,0.789,99.95,4.0,,0.0,0.0,
2025-05-15T19:51:46.534Z,10,GR86-036-98,26.9,0.142,0.798,99.94,4.0,,0.0,0.0,
2025-05-15T19:51:46.578Z,10,GR86-036-98,26.9,0.169,0.833,99.97,4.0,,0.0,0.0,
2025-05-15T19:51:46.623Z,10,GR86-036-98,26.9,0.117,0.835,99.94,4.0,6873.0,0.0,0.0,172.83
2025-05-15T19:51:46.668Z,10,GR86-036-98,27.200000000000003,0.105,0.875,99.95,4.0,,0.0,0.0,
2025-05-15T19:51:46.714Z,10,GR86-036-98,27.8,0.113,0.904,99.97,4.0,,0.0,0.0,
2025-05-15T19:51:46.758Z,10,GR86-036-98,28.0,0.131,0.904,99.98,4.0,,0.0,0.0,
2025-05-15T19:51:46.804Z,10,GR86-036-98,28.0,0.186,0.863,99.96,4.0,,0.0,0.0,
2025-05-15T19:51:46.848Z,10,GR86-036-98,28.0,0.141,0.892,99.97,4.0,6885.0,0.0,0.0,173.62
2025-05-15T19:51:46.894Z,10,GR86-036-98,28.0,0.147,0.843,99.95,4.0,,0.0,0.0,
2025-05-15T19:51:46.938Z,10,GR86-036-98,28.0,0.135,0.847,99.97,4.0,,0.0,0.0,
2025-05-15T19:51:46.984Z,10,GR86-036-98,28.0,0.112,0.844,99.97,4.0,,0.0,0.0,
2025-05-15T19:51:47.028Z,10,GR86-036-98,28.0,0.13,0.848,99.94,4.0,,0.0,0.0,
2025-05-15T19:51:47.073Z,10,GR86-036-98,28.1,0.129,0.892,99.95,4.0,6918.0,0.0,0.0,174.46
2025-05-15T19:51:47.117Z,10,GR86-036-98,28.1,0.147,0.879,99.98,4.0,,0.0,0.0,
2025-05-15T19:51:47.164Z,10,GR86-036-98,28.1,0.095,0.861,99.96,4.0,,0.0,0.0,
2025-05-15T19:51:47.208Z,10,GR86-036-98,28.1,0.122,0.837,99.97,4.0,,0.0,0.0,
2025-05-15T19:51:47.299Z,10,GR86-036-98,28.1,0.117,0.806,99.97,4.0,6939.0,0.0,0.0,174.91
2025-05-15T19:51:47.345Z,10,GR86-036-98,28.1,0.145,0.765,99.96,4.0,,0.0,0.0,
2025-05-15T19:51:47.389Z,10,GR86-036-98,28.1,0.134,0.8220000000000001,99.97,4.0,,0.0,0.0,
2025-05-15T19:51:47.434Z,10,GR86-036-98,28.1,0.154,0.8280000000000001,99.97,4.0,,0.0,0.0,
2025-05-15T19:51:47.478Z,10,GR86-036-98,28.200000000000003,0.154,0.865,99.97,4.0,,0.0,0.0,
2025-05-15T19:51:47.524Z,10,GR86-036-98,28.200000000000003,0.12,0.852,99.96,4.0,6973.0,0.0,0.0,175.58
2025-05-15T19:51:47.568Z,10,GR86-036-98,28.200000000000003,0.116,0.894,99.96,4.0,,0.0,0.0,
2025-05-15T19:51:47.614Z,10,GR86-036-98,28.3,-0.087,0.909,99.96,4.0,,0.0,0.0,
2025-05-15T19:51:47.658Z,10,GR86-036-98,28.3,-0.044,0.916,99.97,4.0,,0.0,0.0,
2025-05-15T19:51:47.704Z,10,GR86-036-98,28.3,-0.118,0.881,99.97,4.0,,0.0,0.0,
2025-05-15T19:51:47.748Z,10,GR86-036-98,28.3,-0.132,0.795,99.97,4.0,6785.0,0.0,0.0,176.86
2025-05-15T19:51:47.794Z,10,GR86-036-98,28.0,-0.014,0.898,99.95,4.0,,0.0,0.0,
2025-05-15T19:51:47.838Z,10,GR86-036-98,27.8,0.362,0.803,99.95,4.0,,0.0,0.0,
2025-05-15T19:51:47.884Z,10,GR86-036-98,27.8,0.173,0.858,99.96,4.0,,0.0,0.0,
2025-05-15T19:51:47.928Z,10,GR86-036-98,27.8,0.081,0.898,99.97,4.0,,0.0,0.0,
2025-05-15T19:51:47.973Z,10,GR86-036-98,27.8,0.106,0.841,99.97,4.0,6937.0,0.0,0.0,176.71
2025-05-15T19:51:48.017Z,10,GR86-036-98,27.8,0.153,0.81,99.97,4.0,,0.0,0.0,
2025-05-15T19:51:48.064Z,10,GR86-036-98,28.8,-0.092,0.683,99.97,5.0,,0.0,0.0,
2025-05-15T19:51:48.108Z,10,GR86-036-98,28.9,-0.101,0.766,99.97,5.0,,0.0,0.0,
2025-05-15T19:51:48.153Z,10,GR86-036-98,28.9,0.384,0.706,99.96,5.0,,0.0,0.0,
2025-05-15T19:51:48.199Z,10,GR86-036-98,28.9,0.13,0.733,99.95,5.0,6569.0,0.0,0.0,177.3
2025-05-15T19:51:48.244Z,10,GR86-036-98,28.9,0.022,0.794,99.95,5.0,,0.0,0.0,
2025-05-15T19:51:48.288Z,10,GR86-036-98,28.9,0.104,0.769,99.97,5.0,,0.0,0.0,
2025-05-15T19:51:48.334Z,10,GR86-036-98,28.9,0.116,0.87,99.98,5.0,,0.0,0.0,
2025-05-15T19:51:48.378Z,10,GR86-036-98,28.9,0.115,0.885,99.98,5.0,,0.0,0.0,
2025-05-15T19:51:48.423Z,10,GR86-036-98,28.9,0.103,0.838,99.97,5.0,6125.0,0.0,0.0,177.61
2025-05-15T19:51:48.467Z,10,GR86-036-98,28.9,0.081,0.844,99.96,5.0,,0.0,0.0,
2025-05-15T19:51:48.511Z,10,GR86-036-98,28.9,0.097,0.847,99.97,5.0,,0.0,0.0,
2025-05-15T19:51:48.555Z,10,GR86-036-98,28.9,0.113,0.8140000000000001,99.96,5.0,,0.0,0.0,
2025-05-15T19:51:48.599Z,10,GR86-036-98,28.9,0.113,0.916,99.97,5.0,,0.0,0.0,
2025-05-15T19:51:48.644Z,10,GR86-036-98,28.9,0.124,0.839,99.97,5.0,6120.0,0.0,0.0,178.25
2025-05-15T19:51:48.688Z,10,GR86-036-98,29.0,0.071,0.803,99.97,5.0,,0.0,0.0,
2025-05-15T19:51:48.734Z,10,GR86-036-98,29.1,0.068,0.974,99.95,5.0,,0.0,0.0,
2025-05-15T19:51:48.778Z,10,GR86-036-98,29.1,0.147,1.009,99.98,5.0,,0.0,0.0,
2025-05-15T19:51:48.823Z,10,GR86-036-98,29.1,0.094,0.842,99.97,5.0,,0.0,0.0,
2025-05-15T19:51:48.868Z,10,GR86-036-98,29.1,0.065,0.905,99.96,5.0,6123.0,0.0,0.0,178.5
2025-05-15T19:51:48.914Z,10,GR86-036-98,29.200000000000003,0.116,0.884,99.95,5.0,,0.0,0.0,
2025-05-15T19:51:48.958Z,10,GR86-036-98,29.200000000000003,0.087,0.87,99.95,5.0,,0.0,0.0,
2025-05-15T19:51:49.004Z,10,GR86-036-98,29.200000000000003,0.118,0.86,99.96,5.0,,0.0,0.0,
2025-05-15T19:51:49.048Z,10,GR86-036-98,29.200000000000003,0.132,0.835,99.97,5.0,,0.0,0.0,
2025-05-15T19:51:49.094Z,10,GR86-036-98,29.200000000000003,0.125,0.8190000000000001,99.96,5.0,6155.0,0.0,0.0,179.27
2025-05-15T19:51:49.138Z,10,GR86-036-98,29.200000000000003,0.112,0.776,99.94,5.0,,0.0,0.0,
2025-05-15T19:51:49.184Z,10,GR86-036-98,28.9,0.083,0.734,99.96,5.0,,0.0,0.0,
2025-05-15T19:51:49.228Z,10,GR86-036-98,28.3,0.087,0.708,99.97,5.0,,0.0,0.0,
2025-05-15T19:51:49.273Z,10,GR86-036-98,27.700000000000003,0.094,0.718,99.96,5.0,,0.0,0.0,
2025-05-15T19:51:49.317Z,10,GR86-036-98,27.1,0.09,0.7030000000000001,99.96,5.0,6149.0,0.0,0.0,179.97
2025-05-15T19:51:49.361Z,10,GR86-036-98,26.3,0.076,0.675,99.96,5.0,,0.0,0.0,
2025-05-15T19:51:49.405Z,10,GR86-036-98,24.4,0.125,0.686,99.97,5.0,,0.0,0.0,
2025-05-15T19:51:49.494Z,10,GR86-036-98,22.700000000000003,0.136,0.671,99.95,5.0,,0.0,0.0,
2025-05-15T19:51:49.538Z,10,GR86-036-98,18.1,0.126,0.643,99.97,5.0,6178.0,0.0,0.0,180.32
2025-05-15T19:51:49.584Z,10,GR86-036-98,15.0,0.091,0.587,99.95,5.0,,0.0,0.0,
2025-05-15T19:51:49.628Z,10,GR86-036-98,13.9,0.091,0.56,99.95,5.0,,0.0,0.0,
2025-05-15T19:51:49.673Z,10,GR86-036-98,12.7,0.08,0.48,99.96,5.0,,0.0,0.0,
2025-05-15T19:51:49.717Z,10,GR86-036-98,11.3,0.088,0.401,98.71,5.0,,0.0,0.0,
2025-05-15T19:51:49.764Z,10,GR86-036-98,11.0,0.121,0.273,27.91,5.0,6195.0,4.595,4.9,181.6
2025-05-15T19:51:49.808Z,10,GR86-036-98,11.0,0.07,0.19,4.88,5.0,,9.78,10.15,
2025-05-15T19:51:49.852Z,10,GR86-036-98,10.9,-0.09,0.128,4.74,5.0,,17.03,17.09,
2025-05-15T19:51:49.899Z,10,GR86-036-98,10.9,-0.422,0.09,4.5200000000000005,5.0,,26.4,26.325,
2025-05-15T19:51:49.945Z,10,GR86-036-98,10.9,-0.883,-0.023,4.13,5.0,,40.62,40.395,
2025-05-15T19:51:49.989Z,10,GR86-036-98,10.9,-0.892,-0.013,3.93,5.0,5845.0,46.68,46.375,181.85
2025-05-15T19:51:50.034Z,10,GR86-036-98,10.9,-1.043,-0.056,3.68,5.0,,48.895,48.895,
2025-05-15T19:51:50.078Z,10,GR86-036-98,11.4,-1.041,-0.083,3.4,5.0,,50.07,50.005,
2025-05-15T19:51:50.124Z,10,GR86-036-98,15.8,-1.059,-0.09,26.29,5.0,,54.14,53.775,
2025-05-15T19:51:50.168Z,10,GR86-036-98,16.8,-1.191,-0.087,71.46000000000001,5.0,,57.895,57.47,
2025-05-15T19:51:50.214Z,10,GR86-036-98,16.8,-1.153,-0.048,97.77,5.0,5565.0,61.025,60.58,175.53
2025-05-15T19:51:50.258Z,10,GR86-036-98,16.8,-1.149,-0.089,51.65,5.0,,62.215,62.03,
2025-05-15T19:51:50.304Z,10,GR86-036-98,16.8,-1.087,-0.047,5.78,4.0,,62.9,62.72,
2025-05-15T19:51:50.348Z,10,GR86-036-98,16.1,-1.054,0.007,5.6000000000000005,4.0,,63.59,63.465,
2025-05-15T19:51:50.394Z,10,GR86-036-98,12.7,-1.112,-0.085,5.18,4.0,,63.74,63.835,
2025-05-15T19:51:50.438Z,10,GR86-036-98,10.7,-1.123,-0.049,4.7,4.0,6329.0,63.925,63.925,168.43
2025-05-15T19:51:50.484Z,10,GR86-036-98,8.6,-1.133,-0.08,4.12,4.0,,64.78,64.75,
2025-05-15T19:51:50.528Z,10,GR86-036-98,7.5,-1.182,-0.071,3.9,4.0,,65.68,65.36,
2025-05-15T19:51:50.573Z,10,GR86-036-98,6.300000000000001,-1.162,-0.044,3.64,4.0,,66.73,67.39,
2025-05-15T19:51:50.617Z,10,GR86-036-98,6.0,-1.239,-0.144,3.25,4.0,,68.595,70.745,
2025-05-15T19:51:50.661Z,10,GR86-036-98,6.0,-1.201,-0.203,2.91,4.0,5679.0,69.19,69.935,159.18
2025-05-15T19:51:50.705Z,10,GR86-036-98,6.800000000000001,-1.164,-0.17,2.67,4.0,,70.93,72.865,
2025-05-15T19:51:50.749Z,10,GR86-036-98,8.4,-1.125,-0.292,30.54,4.0,,67.815,68.365,
2025-05-15T19:51:50.794Z,10,GR86-036-98,11.4,-1.123,-0.255,76.06,4.0,,62.72,63.255,
2025-05-15T19:51:50.838Z,10,GR86-036-98,16.0,-1.096,-0.237,99.96,4.0,,59.56,61.515,
2025-05-15T19:51:50.884Z,10,GR86-036-98,22.5,-1.153,-0.436,34.95,3.0,5504.0,55.745000000000005,56.525,151.39
2025-05-15T19:51:50.928Z,10,GR86-036-98,24.6,-1.19,-0.135,3.5500000000000003,3.0,,52.89,54.265,
2025-05-15T19:51:50.973Z,10,GR86-036-98,24.8,-0.984,-0.437,2.93,3.0,,47.125,48.48,
2025-05-15T19:51:51.062Z,10,GR86-036-98,24.8,-0.8310000000000001,-0.482,2.7,3.0,,29.27,30.795,
2025-05-15T19:51:51.108Z,10,GR86-036-98,24.8,-0.723,-0.5640000000000001,2.65,3.0,5988.0,26.08,27.47,144.56
2025-05-15T19:51:51.152Z,10,GR86-036-98,24.8,-0.77,-0.527,2.61,3.0,,25.21,25.955,
2025-05-15T19:51:51.199Z,10,GR86-036-98,23.0,-0.727,-0.474,2.58,3.0,,25.925,26.6,
2025-05-15T19:51:51.244Z,10,GR86-036-98,3.6,-0.63,-0.338,2.56,3.0,,26.78,27.59,
2025-05-15T19:51:51.288Z,10,GR86-036-98,-11.4,-0.663,-0.375,2.5500000000000003,3.0,,27.255,28.275,
2025-05-15T19:51:51.334Z,10,GR86-036-98,-21.5,-0.6940000000000001,-0.417,2.54,3.0,6024.0,27.925,28.69,138.93
2025-05-15T19:51:51.378Z,10,GR86-036-98,-26.700000000000003,-0.682,-0.426,2.54,3.0,,29.025,29.74,
2025-05-15T19:51:51.423Z,10,GR86-036-98,-27.4,-0.8200000000000001,-0.471,2.53,3.0,,33.025,33.555,
2025-05-15T19:51:51.468Z,10,GR86-036-98,-24.8,-0.803,-0.531,2.51,3.0,,34.595,35.265,
2025-05-15T19:51:51.514Z,10,GR86-036-98,-15.7,-0.81,-0.603,2.52,3.0,,34.335,35.435,
2025-05-15T19:51:51.558Z,10,GR86-036-98,-7.0,-0.763,-0.5650000000000001,2.52,3.0,5730.0,32.93,34.03,128.61
2025-05-15T19:51:51.648Z,10,GR86-036-98,-3.8,-0.619,-0.739,2.51,3.0,,19.365,20.385,
2025-05-15T19:51:51.694Z,10,GR86-036-98,-8.3,-0.511,-0.903,2.52,3.0,,11.87,13.015,
2025-05-15T19:51:51.738Z,10,GR86-036-98,-9.9,-0.371,-0.983,2.51,3.0,,4.595,5.3100000000000005,
2025-05-15T19:51:51.828Z,10,GR86-036-98,-14.4,-0.188,-1.047,2.51,3.0,5465.0,0.0,0.0,124.74
2025-05-15T19:51:51.873Z,10,GR86-036-98,-20.9,-0.181,-1.084,2.51,3.0,,0.0,0.0,
2025-05-15T19:51:51.917Z,10,GR86-036-98,-24.0,-0.188,-1.166,2.52,3.0,,0.0,0.0,
2025-05-15T19:51:51.963Z,10,GR86-036-98,-30.9,-0.196,-1.101,2.52,3.0,,0.0,0.0,
2025-05-15T19:51:52.055Z,10,GR86-036-98,-37.0,-0.201,-1.198,2.51,3.0,5510.0,0.0,0.0,122.57
2025-05-15T19:51:52.099Z,10,GR86-036-98,-37.0,-0.186,-1.112,2.52,3.0,,0.0,0.0,
2025-05-15T19:51:52.145Z,10,GR86-036-98,-37.1,-0.192,-1.189,2.51,3.0,,0.0,0.0,
2025-05-15T19:51:52.189Z,10,GR86-036-98,-35.7,-0.199,-1.209,2.51,3.0,,0.0,0.0,
2025-05-15T19:51:52.234Z,10,GR86-036-98,-33.2,-0.204,-1.167,2.51,3.0,5442.0,0.0,0.0,120.43
2025-05-15T19:51:52.278Z,10,GR86-036-98,-33.0,-0.203,-1.182,2.51,3.0,,0.0,0.0,
2025-05-15T19:51:52.323Z,10,GR86-036-98,-32.9,-0.188,-1.105,2.51,3.0,,0.0,0.0,
2025-05-15T19:51:52.368Z,10,GR86-036-98,-33.2,-0.143,-1.121,2.51,3.0,,0.0,0.0,
2025-05-15T19:51:52.414Z,10,GR86-036-98,-35.800000000000004,-0.225,-1.254,2.51,3.0,,0.0,0.0,
2025-05-15T19:51:52.458Z,10,GR86-036-98,-37.9,-0.205,-1.286,2.49,3.0,5386.0,0.0,0.0,119.19
2025-05-15T19:51:52.504Z,10,GR86-036-98,-38.0,-0.101,-1.06,2.49,3.0,,0.0,0.0,
2025-05-15T19:51:52.548Z,10,GR86-036-98,-37.3,-0.224,-1.246,2.5,3.0,,0.0,0.0,
2025-05-15T19:51:52.594Z,10,GR86-036-98,-32.5,-0.158,-1.12,2.49,3.0,,0.0,0.0,
2025-05-15T19:51:52.638Z,10,GR86-036-98,-28.4,-0.162,-1.216,2.48,3.0,,0.0,0.0,
2025-05-15T19:51:52.684Z,10,GR86-036-98,-26.6,-0.189,-1.323,2.49,3.0,5316.0,0.0,0.0,118.1
2025-05-15T19:51:52.773Z,10,GR86-036-98,-26.700000000000003,-0.157,-1.189,3.35,3.0,,0.0,0.0,
2025-05-15T19:51:52.864Z,10,GR86-036-98,-32.300000000000004,-0.171,-0.937,4.53,3.0,,0.0,0.0,
2025-05-15T19:51:52.908Z,10,GR86-036-98,-37.0,-0.18,-1.067,4.71,3.0,5210.0,0.0,0.0,116.31
2025-05-15T19:51:52.952Z,10,GR86-036-98,-41.7,-0.168,-1.2,4.8100000000000005,3.0,,0.0,0.0,
2025-05-15T19:51:52.999Z,10,GR86-036-98,-46.5,-0.21,-1.159,4.88,3.0,,0.0,0.0,
2025-05-15T19:51:53.044Z,10,GR86-036-98,-47.1,-0.248,-1.407,4.97,3.0,,0.0,0.0,
2025-05-15T19:51:53.089Z,10,GR86-036-98,-46.2,-0.196,-1.286,5.57,3.0,,0.0,0.0,
2025-05-15T19:51:53.134Z,10,GR86-036-98,-40.900000000000006,-0.189,-1.298,7.96,3.0,5148.0,0.0,0.0,115.01
2025-05-15T19:51:53.178Z,10,GR86-036-98,-40.400000000000006,-0.218,-1.278,15.64,3.0,,0.0,0.0,
2025-05-15T19:51:53.223Z,10,GR86-036-98,-40.400000000000006,-0.151,-1.23,20.28,3.0,,0.0,0.0,
2025-05-15T19:51:53.268Z,10,GR86-036-98,-40.3,-0.124,-1.264,21.17,3.0,,0.0,0.0,
2025-05-15T19:51:53.314Z,10,GR86-036-98,-40.3,-0.143,-1.039,22.38,3.0,,0.0,0.0,
2025-05-15T19:51:53.358Z,10,GR86-036-98,-40.2,-0.129,-1.166,25.01,3.0,5126.0,0.0,0.0,112.03
2025-05-15T19:51:53.404Z,10,GR86-036-98,-37.6,0.154,-1.141,26.09,3.0,,0.0,0.0,
2025-05-15T19:51:53.448Z,10,GR86-036-98,-37.5,0.038,-1.081,26.26,3.0,,0.0,0.0,
2025-05-15T19:51:53.494Z,10,GR86-036-98,-37.4,0.018,-1.307,29.19,3.0,,0.0,0.0,
2025-05-15T19:51:53.584Z,10,GR86-036-98,-37.5,0.05,-0.979,36.3,3.0,5243.0,0.0,0.0,111.19
2025-05-15T19:51:53.628Z,10,GR86-036-98,-37.5,0.094,-1.12,36.24,3.0,,0.0,0.0,
2025-05-15T19:51:53.673Z,10,GR86-036-98,-37.5,0.119,-0.997,39.57,3.0,,0.0,0.0,
2025-05-15T19:51:53.761Z,10,GR86-036-98,-37.1,0.104,-1.206,45.42,3.0,,0.0,0.0,
2025-05-15T19:51:53.805Z,10,GR86-036-98,-31.9,0.068,-0.931,51.01,3.0,5254.0,0.0,0.0,110.58
2025-05-15T19:51:53.849Z,10,GR86-036-98,-31.1,0.069,-1.167,54.64,3.0,,0.0,0.0,
2025-05-15T19:51:53.894Z,10,GR86-036-98,-31.1,0.293,-1.055,52.22,3.0,,0.0,0.0,
2025-05-15T19:51:53.938Z,10,GR86-036-98,-31.3,0.229,-0.991,51.82,3.0,,0.0,0.0,
2025-05-15T19:51:53.984Z,10,GR86-036-98,-36.3,0.147,-1.101,53.98,3.0,,0.0,0.0,
2025-05-15T19:51:54.028Z,10,GR86-036-98,-39.2,0.129,-0.775,58.99,3.0,5326.0,0.0,0.0,111.02
2025-05-15T19:51:54.073Z,10,GR86-036-98,-40.7,0.104,-1.248,59.79,3.0,,0.0,0.0,
2025-05-15T19:51:54.117Z,10,GR86-036-98,-41.3,0.105,-0.6980000000000001,59.77,3.0,,0.0,0.0,
2025-05-15T19:51:54.164Z,10,GR86-036-98,-41.3,0.016,-1.385,68.29,3.0,,0.0,0.0,
2025-05-15T19:51:54.208Z,10,GR86-036-98,-39.3,0.179,-0.886,77.65,3.0,,0.0,0.0,
2025-05-15T19:51:54.255Z,10,GR86-036-98,-34.5,0.156,-1.212,99.38,3.0,5331.0,0.0,0.0,111.43
2025-05-15T19:51:54.299Z,10,GR86-036-98,-26.1,0.313,-1.071,99.81,3.0,,0.0,0.0,
2025-05-15T19:51:54.345Z,10,GR86-036-98,-15.6,0.139,-1.117,99.91,3.0,,0.0,0.0,
2025-05-15T19:51:54.389Z,10,GR86-036-98,-12.5,0.184,-0.963,99.91,3.0,,0.0,0.0,
2025-05-15T19:51:54.434Z,10,GR86-036-98,-11.2,0.225,-1.053,99.92,3.0,,0.0,0.0,
2025-05-15T19:51:54.478Z,10,GR86-036-98,-10.5,0.185,-1.054,99.91,3.0,5494.0,0.0,0.0,113.06
2025-05-15T19:51:54.523Z,10,GR86-036-98,-8.8,0.139,-1.009,99.91,3.0,,0.0,0.0,
2025-05-15T19:51:54.568Z,10,GR86-036-98,-5.9,0.181,-1.078,99.91,3.0,,0.0,0.0,
2025-05-15T19:51:54.614Z,10,GR86-036-98,-2.0,0.23,-0.836,99.91,3.0,,0.0,0.0,
2025-05-15T19:51:54.704Z,10,GR86-036-98,2.7,0.132,-0.845,99.91,3.0,5445.0,0.0,0.0,114.47
2025-05-15T19:51:54.748Z,10,GR86-036-98,-0.2,0.282,-0.786,99.9,3.0,,0.0,0.0,
2025-05-15T19:51:54.794Z,10,GR86-036-98,-10.0,0.238,-0.771,99.91,3.0,,0.0,0.0,
2025-05-15T19:51:54.838Z,10,GR86-036-98,-16.5,0.231,-0.68,99.92,3.0,,0.0,0.0,
2025-05-15T19:51:54.884Z,10,GR86-036-98,-20.700000000000003,0.161,-0.7030000000000001,99.92,3.0,,0.0,0.0,
2025-05-15T19:51:54.928Z,10,GR86-036-98,-20.6,0.174,-0.5690000000000001,99.9,3.0,5543.0,0.0,0.0,114.62
2025-05-15T19:51:54.973Z,10,GR86-036-98,-14.7,0.211,-0.625,99.92,3.0,,0.0,0.0,
2025-05-15T19:51:55.017Z,10,GR86-036-98,-11.0,0.214,-0.504,99.91,3.0,,0.0,0.0,
2025-05-15T19:51:55.061Z,10,GR86-036-98,-9.8,0.148,-0.427,99.91,3.0,,0.0,0.0,
2025-05-15T19:51:55.105Z,10,GR86-036-98,-9.3,0.175,-0.484,99.92,3.0,,0.0,0.0,
2025-05-15T19:51:55.149Z,10,GR86-036-98,-9.0,0.225,-0.461,99.93,3.0,5579.0,0.0,0.0,117.63
2025-05-15T19:51:55.194Z,10,GR86-036-98,-8.700000000000001,0.182,-0.451,99.91,3.0,,0.0,0.0,
2025-05-15T19:51:55.238Z,10,GR86-036-98,-8.3,0.193,-0.473,99.95,3.0,,0.0,0.0,
2025-05-15T19:51:55.284Z,10,GR86-036-98,-7.5,0.18,-0.42,99.92,3.0,,0.0,0.0,
2025-05-15T19:51:55.328Z,10,GR86-036-98,-5.800000000000001,0.201,-0.417,99.93,3.0,,0.0,0.0,
2025-05-15T19:51:55.373Z,10,GR86-036-98,-4.5,0.19,-0.358,99.92,3.0,5632.0,0.0,0.0,119.17
2025-05-15T19:51:55.464Z,10,GR86-036-98,-3.7,0.185,-0.359,99.95,3.0,,0.0,0.0,
2025-05-15T19:51:55.552Z,10,GR86-036-98,1.5,0.175,-0.214,99.91,3.0,,0.0,0.0,
2025-05-15T19:51:55.599Z,10,GR86-036-98,5.6000000000000005,0.185,-0.203,99.92,3.0,5687.0,0.0,0.0,120.65
2025-05-15T19:51:55.644Z,10,GR86-036-98,13.3,0.223,-0.094,99.94,3.0,,0.0,0.0,
2025-05-15T19:51:55.688Z,10,GR86-036-98,16.0,0.215,-0.013,99.93,3.0,,0.0,0.0,
2025-05-15T19:51:55.734Z,10,GR86-036-98,16.6,0.248,0.076,99.92,3.0,,0.0,0.0,
2025-05-15T19:51:55.823Z,10,GR86-036-98,19.200000000000003,0.197,0.178,99.94,3.0,5759.0,0.0,0.0,122.13
2025-05-15T19:51:55.868Z,10,GR86-036-98,23.200000000000003,0.229,0.22,99.93,3.0,,0.0,0.0,
2025-05-15T19:51:55.914Z,10,GR86-036-98,28.4,0.198,0.351,99.93,3.0,,0.0,0.0,
2025-05-15T19:51:55.958Z,10,GR86-036-98,32.2,0.178,0.34,99.94,3.0,,0.0,0.0,
2025-05-15T19:51:56.004Z,10,GR86-036-98,38.900000000000006,0.26,0.485,99.95,3.0,,0.0,0.0,
2025-05-15T19:51:56.048Z,10,GR86-036-98,40.1,0.184,0.502,99.95,3.0,5831.0,0.0,0.0,123.73
2025-05-15T19:51:56.094Z,10,GR86-036-98,41.1,0.206,0.655,99.95,3.0,,0.0,0.0,
2025-05-15T19:51:56.138Z,10,GR86-036-98,42.400000000000006,0.161,0.747,99.94,3.0,,0.0,0.0,
2025-05-15T19:51:56.184Z,10,GR86-036-98,43.2,-0.025,0.876,99.94,3.0,,0.0,0.0,
2025-05-15T19:51:56.228Z,10,GR86-036-98,43.8,0.32,1.302,99.94,3.0,,0.0,0.0,
2025-05-15T19:51:56.273Z,10,GR86-036-98,44.0,0.482,1.184,99.94,3.0,5954.0,0.0,0.0,125.4
2025-05-15T19:51:56.317Z,10,GR86-036-98,44.1,0.263,1.277,99.94,3.0,,0.0,0.0,
2025-05-15T19:51:56.364Z,10,GR86-036-98,44.2,0.083,1.286,99.93,3.0,,0.0,0.0,
2025-05-15T19:51:56.408Z,10,GR86-036-98,44.2,0.125,1.258,99.93,3.0,,0.0,0.0,
2025-05-15T19:51:56.452Z,10,GR86-036-98,49.400000000000006,0.282,1.066,99.94,3.0,,0.0,0.0,
2025-05-15T19:51:56.499Z,10,GR86-036-98,58.400000000000006,0.28,1.033,99.94,3.0,5934.0,0.0,0.0,126.45
2025-05-15T19:51:56.545Z,10,GR86-036-98,69.4,0.141,0.954,99.94,3.0,,0.0,0.0,
2025-05-15T19:51:56.589Z,10,GR86-036-98,71.10000000000001,0.169,0.893,99.95,3.0,,0.0,0.0,
2025-05-15T19:51:56.634Z,10,GR86-036-98,71.3,0.154,0.747,99.94,3.0,,0.0,0.0,
2025-05-15T19:51:56.678Z,10,GR86-036-98,71.3,0.162,1.083,99.95,3.0,,0.0,0.0,
2025-05-15T19:51:56.724Z,10,GR86-036-98,67.4,0.252,0.941,99.95,3.0,5996.0,0.0,0.0,127.33
2025-05-15T19:51:56.769Z,10,GR86-036-98,63.400000000000006,0.228,1.053,99.94,3.0,,0.0,0.0,
2025-05-15T19:51:56.814Z,10,GR86-036-98,59.2,0.18,1.132,99.94,3.0,,0.0,0.0,
2025-05-15T19:51:56.858Z,10,GR86-036-98,54.400000000000006,0.219,1.102,99.95,3.0,,0.0,0.0,
2025-05-15T19:51:56.903Z,10,GR86-036-98,43.7,0.2,1.139,99.95,3.0,,0.0,0.0,
2025-05-15T19:51:56.948Z,10,GR86-036-98,35.9,0.226,1.121,99.93,3.0,6204.0,0.0,0.0,130.65
2025-05-15T19:51:56.994Z,10,GR86-036-98,30.200000000000003,0.142,1.042,99.96,3.0,,0.0,0.0,
2025-05-15T19:51:57.038Z,10,GR86-036-98,29.700000000000003,0.12,0.997,99.94,3.0,,0.0,0.0,
2025-05-15T19:51:57.084Z,10,GR86-036-98,30.4,0.275,1.128,99.95,3.0,,0.0,0.0,
2025-05-15T19:51:57.128Z,10,GR86-036-98,36.7,0.315,1.183,99.94,3.0,,0.0,0.0,
2025-05-15T19:51:57.173Z,10,GR86-036-98,44.6,0.35,1.06,99.94,3.0,6319.0,0.0,0.0,131.24
2025-05-15T19:51:57.217Z,10,GR86-036-98,49.1,0.131,1.296,99.96,3.0,,0.0,0.0,
2025-05-15T19:51:57.264Z,10,GR86-036-98,49.8,0.122,1.2,99.94,3.0,,0.0,0.0,
2025-05-15T19:51:57.308Z,10,GR86-036-98,48.8,0.191,1.306,99.96,3.0,,0.0,0.0,
2025-05-15T19:51:57.352Z,10,GR86-036-98,39.7,0.277,1.207,99.94,3.0,,0.0,0.0,
2025-05-15T19:51:57.396Z,10,GR86-036-98,28.6,0.244,1.059,99.95,3.0,6332.0,0.0,0.0,131.33
2025-05-15T19:51:57.440Z,10,GR86-036-98,18.9,0.162,0.961,99.95,3.0,,0.0,0.0,
2025-05-15T19:51:57.484Z,10,GR86-036-98,9.8,0.183,0.809,68.73,3.0,,0.0,0.0,
2025-05-15T19:51:57.528Z,10,GR86-036-98,7.800000000000001,0.248,0.366,26.42,3.0,,0.0,0.0,
2025-05-15T19:51:57.573Z,10,GR86-036-98,7.800000000000001,0.238,0.423,4.97,3.0,,0.0,2.045,
2025-05-15T19:51:57.617Z,10,GR86-036-98,7.800000000000001,-0.067,0.29,4.7700000000000005,3.0,6277.0,4.09,4.275,133.31
2025-05-15T19:51:57.664Z,10,GR86-036-98,6.9,-0.146,0.269,4.44,3.0,,8.515,8.700000000000001,
2025-05-15T19:51:57.708Z,10,GR86-036-98,2.1,-0.342,0.297,4.16,3.0,,13.11,13.335,
2025-05-15T19:51:57.752Z,10,GR86-036-98,-1.8,-0.465,0.104,3.93,3.0,,18.71,18.77,
2025-05-15T19:51:57.799Z,10,GR86-036-98,-2.4000000000000004,-0.49,0.082,3.66,3.0,,25.36,25.395,
2025-05-15T19:51:57.844Z,10,GR86-036-98,-2.4000000000000004,-0.602,-0.242,3.12,3.0,6052.0,33.13,33.025,133.04
2025-05-15T19:51:57.888Z,10,GR86-036-98,-3.5,-0.749,-0.33,2.86,3.0,,35.645,35.585,
2025-05-15T19:51:57.934Z,10,GR86-036-98,-4.4,-0.62,-0.351,2.74,3.0,,35.68,36.18,
2025-05-15T19:51:57.978Z,10,GR86-036-98,-5.0,-0.871,-0.316,2.66,3.0,,35.645,36.09,
2025-05-15T19:51:58.024Z,10,GR86-036-98,-5.0,-0.762,-0.409,2.59,3.0,,35.645,35.92,
2025-05-15T19:51:58.068Z,10,GR86-036-98,-5.0,-0.617,-0.504,2.58,3.0,5893.0,35.645,35.955,131.37
2025-05-15T19:51:58.113Z,10,GR86-036-98,-8.6,-0.8270000000000001,-0.539,2.54,3.0,,37.585,38.9,
2025-05-15T19:51:58.158Z,10,GR86-036-98,-13.1,-0.627,-0.786,2.54,3.0,,37.525,38.21,
2025-05-15T19:51:58.204Z,10,GR86-036-98,-13.3,-0.873,-1.122,2.52,3.0,,36.335,37.325,
2025-05-15T19:51:58.338Z,10,GR86-036-98,-8.1,-0.789,-0.764,34.96,3.0,5463.0,38.32,38.47,125.85
2025-05-15T19:51:58.384Z,10,GR86-036-98,-10.4,-0.998,-0.711,29.86,2.0,,31.235,32.625,
2025-05-15T19:51:58.428Z,10,GR86-036-98,-13.3,-0.642,-0.335,3.41,2.0,,26.81,28.4,
2025-05-15T19:51:58.473Z,10,GR86-036-98,-15.4,-0.501,-0.723,2.97,2.0,,25.895,26.81,
2025-05-15T19:51:58.517Z,10,GR86-036-98,-15.7,-1.015,-0.676,2.83,2.0,5537.0,25.15,25.7,122.48
2025-05-15T19:51:58.564Z,10,GR86-036-98,-15.7,-0.744,-0.526,2.71,2.0,,26.57,27.775,
2025-05-15T19:51:58.608Z,10,GR86-036-98,-15.7,-0.713,-0.893,2.67,2.0,,26.325,26.995,
2025-05-15T19:51:58.652Z,10,GR86-036-98,-15.7,-0.727,-0.647,2.64,2.0,,24.675,24.86,
2025-05-15T19:51:58.700Z,10,GR86-036-98,-15.7,-0.5750000000000001,-0.772,2.61,2.0,,23.715,24.2,
2025-05-15T19:51:58.745Z,10,GR86-036-98,-17.8,-0.605,-0.948,2.58,2.0,6031.0,19.305,20.695,111.71
2025-05-15T19:51:58.789Z,10,GR86-036-98,-20.6,-0.544,-0.883,2.5500000000000003,2.0,,13.37,14.605,
2025-05-15T19:51:58.834Z,10,GR86-036-98,-25.700000000000003,-0.332,-1.017,2.5500000000000003,2.0,,5.3100000000000005,6.18,
2025-05-15T19:51:58.878Z,10,GR86-036-98,-29.3,-0.389,-1.281,2.54,2.0,,0.0,0.0,
2025-05-15T19:51:58.923Z,10,GR86-036-98,-34.2,-0.266,-1.029,2.54,2.0,,0.0,0.0,
2025-05-15T19:51:58.968Z,10,GR86-036-98,-40.1,-0.166,-1.172,2.53,2.0,5932.0,0.0,0.0,108.36
2025-05-15T19:51:59.014Z,10,GR86-036-98,-45.1,-0.223,-1.11,2.51,2.0,,0.0,0.0,
2025-05-15T19:51:59.058Z,10,GR86-036-98,-46.3,-0.138,-1.01,2.52,2.0,,0.0,0.0,
2025-05-15T19:51:59.104Z,10,GR86-036-98,-46.3,-0.156,-1.006,2.53,2.0,,0.0,0.0,
2025-05-15T19:51:59.148Z,10,GR86-036-98,-39.8,-0.252,-1.024,4.01,2.0,,0.0,0.0,
2025-05-15T19:51:59.194Z,10,GR86-036-98,-31.4,-0.151,-0.976,7.96,2.0,5846.0,0.0,0.0,105.72
2025-05-15T19:51:59.238Z,10,GR86-036-98,-27.3,-0.167,-0.8240000000000001,17.27,2.0,,0.0,0.0,
2025-05-15T19:51:59.284Z,10,GR86-036-98,-29.200000000000003,-0.222,-0.92,18.18,2.0,,0.0,0.0,
2025-05-15T19:51:59.328Z,10,GR86-036-98,-38.7,-0.096,-0.914,17.81,2.0,,0.0,0.0,
2025-05-15T19:51:59.417Z,10,GR86-036-98,-44.2,-0.161,-1.112,12.57,2.0,5823.0,0.0,0.0,104.69
2025-05-15T19:51:59.464Z,10,GR86-036-98,-45.0,-0.138,-1.366,17.68,2.0,,0.0,0.0,
2025-05-15T19:51:59.508Z,10,GR86-036-98,-45.0,-0.071,-1.099,18.88,2.0,,0.0,0.0,
2025-05-15T19:51:59.555Z,10,GR86-036-98,-45.0,-0.064,-1.283,20.41,2.0,,0.0,0.0,
2025-05-15T19:51:59.599Z,10,GR86-036-98,-44.8,-0.036,-0.964,24.37,2.0,,0.0,0.0,
2025-05-15T19:51:59.645Z,10,GR86-036-98,-42.1,-0.035,-0.86,30.88,2.0,5911.0,0.0,0.0,103.92
2025-05-15T19:51:59.689Z,10,GR86-036-98,-39.900000000000006,0.0,-0.962,31.94,2.0,,0.0,0.0,
2025-05-15T19:51:59.734Z,10,GR86-036-98,-37.0,0.135,-0.869,32.35,2.0,,0.0,0.0,
2025-05-15T19:51:59.778Z,10,GR86-036-98,-36.4,0.096,-0.841,33.12,2.0,,0.0,0.0,
2025-05-15T19:51:59.823Z,10,GR86-036-98,-36.5,0.155,-1.012,35.660000000000004,2.0,,0.0,0.0,
2025-05-15T19:51:59.868Z,10,GR86-036-98,-36.9,0.063,-0.84,36.45,2.0,5944.0,0.0,0.0,102.44
2025-05-15T19:51:59.914Z,10,GR86-036-98,-37.1,0.043,-1.027,37.13,2.0,,0.0,0.0,
2025-05-15T19:51:59.958Z,10,GR86-036-98,-37.1,0.198,-1.047,37.32,2.0,,0.0,0.0,
2025-05-15T19:52:00.004Z,10,GR86-036-98,-36.2,0.17,-1.033,38.45,2.0,,0.0,0.0,
2025-05-15T19:52:00.048Z,10,GR86-036-98,-32.2,0.143,-1.004,41.92,2.0,,0.0,0.0,
2025-05-15T19:52:00.138Z,10,GR86-036-98,-28.3,0.102,-1.065,50.63,2.0,6041.0,0.0,0.0,102.56
2025-05-15T19:52:00.184Z,10,GR86-036-98,-25.8,0.125,-1.103,50.22,2.0,,0.0,0.0,
2025-05-15T19:52:00.228Z,10,GR86-036-98,-24.8,0.247,-1.058,49.620000000000005,2.0,,0.0,0.0,
2025-05-15T19:52:00.317Z,10,GR86-036-98,-24.8,0.26,-0.987,49.05,2.0,6038.0,0.0,0.0,103.7
2025-05-15T19:52:00.408Z,10,GR86-036-98,-24.8,0.217,-0.942,42.48,2.0,,0.0,0.0,
2025-05-15T19:52:00.452Z,10,GR86-036-98,-36.7,0.184,-1.011,37.06,2.0,,0.0,0.0,
2025-05-15T19:52:00.499Z,10,GR86-036-98,-40.1,0.146,-0.967,35.76,2.0,,0.0,0.0,
2025-05-15T19:52:00.545Z,10,GR86-036-98,-41.6,0.097,-1.035,35.68,2.0,6132.0,0.0,0.0,105.25
2025-05-15T19:52:00.589Z,10,GR86-036-98,-41.6,0.12,-1.023,35.7,2.0,,0.0,0.0,
2025-05-15T19:52:00.634Z,10,GR86-036-98,-41.6,0.098,-0.997,35.78,2.0,,0.0,0.0,
2025-05-15T19:52:00.678Z,10,GR86-036-98,-41.6,0.079,-1.069,35.81,2.0,,0.0,0.0,
2025-05-15T19:52:00.724Z,10,GR86-036-98,-41.6,0.121,-0.984,35.85,2.0,,0.0,0.0,
2025-05-15T19:52:00.768Z,10,GR86-036-98,-41.6,0.112,-1.229,35.83,2.0,6240.0,0.0,0.0,107.29
2025-05-15T19:52:00.814Z,10,GR86-036-98,-41.2,0.069,-1.14,35.81,2.0,,0.0,0.0,
2025-05-15T19:52:00.858Z,10,GR86-036-98,-35.300000000000004,0.056,-0.996,36.31,2.0,,0.0,0.0,
2025-05-15T19:52:00.904Z,10,GR86-036-98,-26.9,0.172,-0.91,36.37,2.0,,0.0,0.0,
2025-05-15T19:52:00.994Z,10,GR86-036-98,-24.5,0.126,-1.02,36.4,2.0,6395.0,0.0,0.0,108.62
2025-05-15T19:52:01.038Z,10,GR86-036-98,-24.5,0.106,-0.957,37.58,2.0,,0.0,0.0,
2025-05-15T19:52:01.084Z,10,GR86-036-98,-26.1,0.198,-0.919,38.68,2.0,,0.0,0.0,
2025-05-15T19:52:01.128Z,10,GR86-036-98,-30.1,0.157,-1.001,38.78,2.0,,0.0,0.0,
2025-05-15T19:52:01.173Z,10,GR86-036-98,-34.300000000000004,0.061,-1.001,40.39,2.0,,0.0,0.0,
2025-05-15T19:52:01.217Z,10,GR86-036-98,-37.8,0.046,-1.018,49.94,2.0,6432.0,0.0,0.0,109.03
2025-05-15T19:52:01.261Z,10,GR86-036-98,-38.3,0.107,-1.04,55.59,2.0,,0.0,0.0,
2025-05-15T19:52:01.305Z,10,GR86-036-98,-38.400000000000006,0.218,-1.119,78.91,2.0,,0.0,0.0,
2025-05-15T19:52:01.349Z,10,GR86-036-98,-36.8,0.163,-1.244,100.06,2.0,,0.0,0.0,
2025-05-15T19:52:01.394Z,10,GR86-036-98,-34.800000000000004,0.248,-1.17,99.91,2.0,,0.0,0.0,
2025-05-15T19:52:01.438Z,10,GR86-036-98,-34.4,0.204,-1.054,99.91,2.0,6417.0,0.0,0.0,109.76
2025-05-15T19:52:01.484Z,10,GR86-036-98,-34.4,0.22,-1.076,99.92,2.0,,0.0,0.0,
2025-05-15T19:52:01.528Z,10,GR86-036-98,-34.4,0.21,-1.022,99.91,2.0,,0.0,0.0,
2025-05-15T19:52:01.573Z,10,GR86-036-98,-34.4,0.208,-0.924,99.91,2.0,,0.0,0.0,
2025-05-15T19:52:01.617Z,10,GR86-036-98,-34.4,0.217,-1.002,99.91,2.0,,0.0,0.0,
2025-05-15T19:52:01.664Z,10,GR86-036-98,-34.4,0.214,-0.959,99.91,2.0,6475.0,0.0,0.0,111.35
2025-05-15T19:52:01.755Z,10,GR86-036-98,-34.0,0.184,-0.992,99.92,2.0,,0.0,0.0,
2025-05-15T19:52:01.799Z,10,GR86-036-98,-31.200000000000003,0.207,-1.033,99.92,2.0,,0.0,0.0,
2025-05-15T19:52:01.844Z,10,GR86-036-98,-28.700000000000003,0.236,-1.036,99.92,2.0,,0.0,0.0,
2025-05-15T19:52:01.888Z,10,GR86-036-98,-27.9,0.196,-0.986,99.92,2.0,6592.0,0.0,0.0,111.67
2025-05-15T19:52:01.934Z,10,GR86-036-98,-27.8,0.182,-0.955,99.92,2.0,,0.0,0.0,
2025-05-15T19:52:01.978Z,10,GR86-036-98,-27.8,0.228,-0.939,99.91,2.0,,0.0,0.0,
2025-05-15T19:52:02.023Z,10,GR86-036-98,-27.8,0.193,-1.022,99.92,2.0,,0.0,0.0,
2025-05-15T19:52:02.068Z,10,GR86-036-98,-27.8,0.195,-0.985,99.92,2.0,,0.0,0.0,
2025-05-15T19:52:02.114Z,10,GR86-036-98,-27.8,0.242,-1.071,99.94,2.0,6679.0,0.0,0.0,113.67
2025-05-15T19:52:02.158Z,10,GR86-036-98,-27.700000000000003,0.229,-1.023,99.95,2.0,,0.0,0.0,
2025-05-15T19:52:02.204Z,10,GR86-036-98,-27.0,0.168,-1.003,99.92,2.0,,0.0,0.0,
2025-05-15T19:52:02.248Z,10,GR86-036-98,-27.0,0.214,-1.104,99.94,2.0,,0.0,0.0,
2025-05-15T19:52:02.294Z,10,GR86-036-98,-27.0,0.272,-1.082,99.94,2.0,,0.0,0.0,
2025-05-15T19:52:02.338Z,10,GR86-036-98,-27.0,0.249,-0.889,99.94,2.0,6804.0,0.0,0.0,115.06
2025-05-15T19:52:02.384Z,10,GR86-036-98,-27.0,0.197,-0.999,99.95,2.0,,0.0,0.0,
2025-05-15T19:52:02.428Z,10,GR86-036-98,-27.0,0.176,-0.995,99.93,2.0,,0.0,0.0,
2025-05-15T19:52:02.473Z,10,GR86-036-98,-27.0,0.264,-0.979,99.94,2.0,,0.0,0.0,
2025-05-15T19:52:02.561Z,10,GR86-036-98,-27.0,0.231,-0.969,99.93,2.0,6960.0,0.0,0.0,117.42
2025-05-15T19:52:02.605Z,10,GR86-036-98,-20.700000000000003,0.193,-1.068,99.91,2.0,,0.0,0.0,
2025-05-15T19:52:02.649Z,10,GR86-036-98,-19.200000000000003,0.103,-1.079,99.94,2.0,,0.0,0.0,
2025-05-15T19:52:02.693Z,10,GR86-036-98,-18.4,-0.145,-0.923,99.94,3.0,,0.0,0.0,
2025-05-15T19:52:02.737Z,10,GR86-036-98,-15.8,0.106,-0.926,99.92,3.0,,0.0,0.0,
2025-05-15T19:52:02.784Z,10,GR86-036-98,-9.2,0.335,-1.011,99.92,3.0,6471.0,0.0,0.0,118.93
2025-05-15T19:52:02.828Z,10,GR86-036-98,-7.300000000000001,0.411,-0.898,99.94,3.0,,0.0,0.0,
2025-05-15T19:52:02.873Z,10,GR86-036-98,-7.0,0.283,-0.845,99.93,3.0,,0.0,0.0,
2025-05-15T19:52:02.917Z,10,GR86-036-98,-7.0,0.116,-0.749,99.93,3.0,,0.0,0.0,
2025-05-15T19:52:02.964Z,10,GR86-036-98,-6.9,0.087,-0.63,99.94,3.0,,0.0,0.0,
2025-05-15T19:52:03.052Z,10,GR86-036-98,-6.9,0.261,-0.527,99.95,3.0,5612.0,0.0,0.0,120.09
2025-05-15T19:52:03.099Z,10,GR86-036-98,-6.9,0.18,-0.459,99.91,3.0,,0.0,0.0,
2025-05-15T19:52:03.145Z,10,GR86-036-98,-6.800000000000001,0.154,-0.35,99.94,3.0,,0.0,0.0,
2025-05-15T19:52:03.189Z,10,GR86-036-98,-6.800000000000001,0.24,-0.305,99.93,3.0,,0.0,0.0,
2025-05-15T19:52:03.234Z,10,GR86-036-98,-6.7,0.246,-0.237,99.93,3.0,5737.0,0.0,0.0,121.7
2025-05-15T19:52:03.278Z,10,GR86-036-98,-6.7,0.201,-0.286,99.91,3.0,,0.0,0.0,
2025-05-15T19:52:03.323Z,10,GR86-036-98,-5.800000000000001,0.128,-0.248,99.94,3.0,,0.0,0.0,
2025-05-15T19:52:03.368Z,10,GR86-036-98,-4.800000000000001,0.091,-0.196,99.94,3.0,,0.0,0.0,
2025-05-15T19:52:03.414Z,10,GR86-036-98,-4.0,0.238,-0.281,99.93,3.0,,0.0,0.0,
2025-05-15T19:52:03.458Z,10,GR86-036-98,-3.2,0.174,-0.274,99.94,3.0,5834.0,0.0,0.0,123.18
2025-05-15T19:52:03.504Z,10,GR86-036-98,-2.6,0.154,-0.249,99.95,3.0,,0.0,0.0,
2025-05-15T19:52:03.548Z,10,GR86-036-98,-2.4000000000000004,0.212,-0.265,99.94,3.0,,0.0,0.0,
2025-05-15T19:52:03.594Z,10,GR86-036-98,-2.4000000000000004,0.19,-0.128,99.94,3.0,,0.0,0.0,
2025-05-15T19:52:03.638Z,10,GR86-036-98,-2.4000000000000004,0.21,-0.147,99.94,3.0,,0.0,0.0,
2025-05-15T19:52:03.684Z,10,GR86-036-98,-1.0,0.198,-0.165,99.93,3.0,5860.0,0.0,0.0,124.56
2025-05-15T19:52:03.728Z,10,GR86-036-98,0.4,0.194,-0.198,99.92,3.0,,0.0,0.0,
2025-05-15T19:52:03.773Z,10,GR86-036-98,1.9,0.215,-0.192,99.93,3.0,,0.0,0.0,
2025-05-15T19:52:03.817Z,10,GR86-036-98,3.6,0.169,-0.139,99.93,3.0,,0.0,0.0,
2025-05-15T19:52:03.864Z,10,GR86-036-98,4.6000000000000005,0.229,-0.111,99.94,3.0,,0.0,0.0,
2025-05-15T19:52:03.908Z,10,GR86-036-98,4.6000000000000005,0.181,-0.14,99.93,3.0,5959.0,0.0,0.0,125.83
2025-05-15T19:52:03.952Z,10,GR86-036-98,5.0,0.189,0.02,99.94,3.0,,0.0,0.0,
2025-05-15T19:52:03.999Z,10,GR86-036-98,6.5,0.188,-0.016,99.93,3.0,,0.0,0.0,
2025-05-15T19:52:04.044Z,10,GR86-036-98,8.3,0.206,0.037,99.93,3.0,,0.0,0.0,
2025-05-15T19:52:04.089Z,10,GR86-036-98,8.4,0.17,0.043,99.94,3.0,,0.0,0.0,
2025-05-15T19:52:04.134Z,10,GR86-036-98,8.5,0.173,0.048,99.93,3.0,5999.0,0.0,0.0,127.36
2025-05-15T19:52:04.178Z,10,GR86-036-98,8.6,0.217,0.095,99.95,3.0,,0.0,0.0,
2025-05-15T19:52:04.223Z,10,GR86-036-98,8.700000000000001,0.205,0.115,99.94,3.0,,0.0,0.0,
2025-05-15T19:52:04.268Z,10,GR86-036-98,8.700000000000001,0.227,0.128,99.92,3.0,,0.0,0.0,
2025-05-15T19:52:04.314Z,10,GR86-036-98,8.700000000000001,0.161,0.125,99.93,3.0,,0.0,0.0,
2025-05-15T19:52:04.358Z,10,GR86-036-98,8.700000000000001,0.206,0.107,99.96,3.0,6147.0,0.0,0.0,130.19
2025-05-15T19:52:04.404Z,10,GR86-036-98,8.700000000000001,0.206,0.117,99.93,3.0,,0.0,0.0,
2025-05-15T19:52:04.448Z,10,GR86-036-98,8.700000000000001,0.209,0.137,99.9,3.0,,0.0,0.0,
2025-05-15T19:52:04.494Z,10,GR86-036-98,8.700000000000001,0.211,0.146,99.93,3.0,,0.0,0.0,
2025-05-15T19:52:04.538Z,10,GR86-036-98,8.700000000000001,0.167,0.124,99.93,3.0,,0.0,0.0,
2025-05-15T19:52:04.584Z,10,GR86-036-98,8.700000000000001,0.208,0.116,99.93,3.0,6205.0,0.0,0.0,131.61
2025-05-15T19:52:04.628Z,10,GR86-036-98,8.700000000000001,0.187,0.097,99.93,3.0,,0.0,0.0,
2025-05-15T19:52:04.673Z,10,GR86-036-98,8.700000000000001,0.186,0.089,99.94,3.0,,0.0,0.0,
2025-05-15T19:52:04.717Z,10,GR86-036-98,8.700000000000001,0.211,0.073,99.93,3.0,,0.0,0.0,
2025-05-15T19:52:04.764Z,10,GR86-036-98,8.700000000000001,0.223,0.087,99.95,3.0,,0.0,0.0,
2025-05-15T19:52:04.808Z,10,GR86-036-98,8.700000000000001,0.202,0.073,99.94,3.0,6275.0,0.0,0.0,133.09
2025-05-15T19:52:04.852Z,10,GR86-036-98,8.700000000000001,0.182,0.067,99.94,3.0,,0.0,0.0,
2025-05-15T19:52:04.899Z,10,GR86-036-98,8.700000000000001,0.192,0.085,99.9,3.0,,0.0,0.0,
2025-05-15T19:52:04.945Z,10,GR86-036-98,8.700000000000001,0.177,0.103,99.92,3.0,,0.0,0.0,
2025-05-15T19:52:04.989Z,10,GR86-036-98,8.700000000000001,0.225,0.11,99.92,3.0,,0.0,0.0,
2025-05-15T19:52:05.034Z,10,GR86-036-98,8.700000000000001,0.22,0.093,99.93,3.0,6340.0,0.0,0.0,134.43
2025-05-15T19:52:05.078Z,10,GR86-036-98,8.700000000000001,0.154,0.094,99.95,3.0,,0.0,0.0,
2025-05-15T19:52:05.123Z,10,GR86-036-98,8.700000000000001,0.158,0.063,99.92,3.0,,0.0,0.0,
2025-05-15T19:52:05.168Z,10,GR86-036-98,8.700000000000001,0.182,0.081,99.93,3.0,,0.0,0.0,
2025-05-15T19:52:05.258Z,10,GR86-036-98,8.700000000000001,0.224,0.104,99.92,3.0,6402.0,0.0,0.0,135.89
2025-05-15T19:52:05.304Z,10,GR86-036-98,8.700000000000001,0.207,0.08,99.93,3.0,,0.0,0.0,
2025-05-15T19:52:05.348Z,10,GR86-036-98,8.700000000000001,0.191,0.073,99.95,3.0,,0.0,0.0,
2025-05-15T19:52:05.394Z,10,GR86-036-98,8.700000000000001,0.146,0.038,99.94,3.0,,0.0,0.0,
2025-05-15T19:52:05.438Z,10,GR86-036-98,8.700000000000001,0.189,0.054,99.93,3.0,,0.0,0.0,
2025-05-15T19:52:05.484Z,10,GR86-036-98,8.700000000000001,0.179,0.037,99.94,3.0,6464.0,0.0,0.0,137.36
2025-05-15T19:52:05.528Z,10,GR86-036-98,8.700000000000001,0.174,0.052,99.94,3.0,,0.0,0.0,
2025-05-15T19:52:05.573Z,10,GR86-036-98,8.700000000000001,0.192,0.077,99.94,3.0,,0.0,0.0,
2025-05-15T19:52:05.617Z,10,GR86-036-98,8.700000000000001,0.183,0.043,99.94,3.0,,0.0,0.0,
2025-05-15T19:52:05.661Z,10,GR86-036-98,8.700000000000001,0.193,0.038,99.93,3.0,,0.0,0.0,
2025-05-15T19:52:05.705Z,10,GR86-036-98,8.700000000000001,0.184,0.034,99.92,3.0,6511.0,0.0,0.0,138.68
2025-05-15T19:52:05.749Z,10,GR86-036-98,8.700000000000001,0.141,0.021,99.94,3.0,,0.0,0.0,
2025-05-15T19:52:05.794Z,10,GR86-036-98,8.700000000000001,0.187,0.032,99.94,3.0,,0.0,0.0,
2025-05-15T19:52:05.838Z,10,GR86-036-98,8.700000000000001,0.236,0.045,99.91,3.0,,0.0,0.0,
2025-05-15T19:52:05.884Z,10,GR86-036-98,8.700000000000001,0.2,0.038,99.92,3.0,,0.0,0.0,
2025-05-15T19:52:05.928Z,10,GR86-036-98,8.700000000000001,0.216,0.044,99.94,3.0,6573.0,0.0,0.0,139.99
2025-05-15T19:52:05.973Z,10,GR86-036-98,8.700000000000001,0.183,0.009,99.93,3.0,,0.0,0.0,
2025-05-15T19:52:06.017Z,10,GR86-036-98,8.700000000000001,0.147,-0.005,99.92,3.0,,0.0,0.0,
2025-05-15T19:52:06.061Z,10,GR86-036-98,8.700000000000001,0.183,0.002,99.93,3.0,,0.0,0.0,
2025-05-15T19:52:06.105Z,10,GR86-036-98,8.700000000000001,0.151,0.007,99.94,3.0,,0.0,0.0,
2025-05-15T19:52:06.149Z,10,GR86-036-98,8.700000000000001,0.192,0.018,99.94,3.0,6734.0,0.0,0.0,142.75
2025-05-15T19:52:06.194Z,10,GR86-036-98,8.700000000000001,0.235,0.02,99.92,3.0,,0.0,0.0,
2025-05-15T19:52:06.238Z,10,GR86-036-98,8.700000000000001,0.189,0.011,99.91,3.0,,0.0,0.0,
2025-05-15T19:52:06.284Z,10,GR86-036-98,8.700000000000001,0.22,0.019,99.93,3.0,,0.0,0.0,
2025-05-15T19:52:06.328Z,10,GR86-036-98,8.700000000000001,0.221,0.008,99.91,3.0,,0.0,0.0,
2025-05-15T19:52:06.373Z,10,GR86-036-98,8.700000000000001,0.168,0.012,99.93,3.0,6803.0,0.0,0.0,144.08
2025-05-15T19:52:06.417Z,10,GR86-036-98,8.700000000000001,0.149,-0.001,99.92,3.0,,0.0,0.0,
2025-05-15T19:52:06.464Z,10,GR86-036-98,8.700000000000001,0.155,-0.004,99.92,3.0,,0.0,0.0,
2025-05-15T19:52:06.508Z,10,GR86-036-98,8.700000000000001,0.166,0.004,99.92,3.0,,0.0,0.0,
2025-05-15T19:52:06.645Z,10,GR86-036-98,8.700000000000001,0.215,0.021,99.93,3.0,6872.0,0.0,0.0,145.49
2025-05-15T19:52:06.689Z,10,GR86-036-98,8.700000000000001,0.21,0.026,99.94,3.0,,0.0,0.0,
2025-05-15T19:52:06.734Z,10,GR86-036-98,8.700000000000001,0.221,0.042,99.94,3.0,,0.0,0.0,
2025-05-15T19:52:06.778Z,10,GR86-036-98,8.700000000000001,0.141,0.023,99.94,3.0,,0.0,0.0,
2025-05-15T19:52:06.823Z,10,GR86-036-98,8.700000000000001,0.195,0.034,99.93,3.0,6917.0,0.0,0.0,146.81
2025-05-15T19:52:06.868Z,10,GR86-036-98,8.700000000000001,0.156,0.021,99.91,3.0,,0.0,0.0,
2025-05-15T19:52:06.914Z,10,GR86-036-98,8.700000000000001,0.151,0.005,99.92,3.0,,0.0,0.0,
2025-05-15T19:52:06.958Z,10,GR86-036-98,8.700000000000001,0.173,0.002,99.94,3.0,,0.0,0.0,
2025-05-15T19:52:07.004Z,10,GR86-036-98,8.6,0.139,0.007,99.95,3.0,,0.0,0.0,
2025-05-15T19:52:07.094Z,10,GR86-036-98,8.5,0.16,0.01,99.94,3.0,6987.0,0.0,0.0,148.14
2025-05-15T19:52:07.138Z,10,GR86-036-98,8.4,0.19,0.033,99.95,3.0,,0.0,0.0,
2025-05-15T19:52:07.184Z,10,GR86-036-98,8.4,0.182,-0.004,99.94,3.0,,0.0,0.0,
2025-05-15T19:52:07.228Z,10,GR86-036-98,8.4,0.215,0.028,99.93,3.0,,0.0,0.0,
2025-05-15T19:52:07.317Z,10,GR86-036-98,8.4,0.154,0.013,99.94,3.0,,0.0,0.0,
2025-05-15T19:52:07.364Z,10,GR86-036-98,8.4,0.195,0.008,99.94,3.0,7025.0,0.0,0.0,149.44
2025-05-15T19:52:07.408Z,10,GR86-036-98,8.200000000000001,0.173,-0.009,99.94,3.0,,0.0,0.0,
2025-05-15T19:52:07.455Z,10,GR86-036-98,8.3,0.151,-0.014,99.95,3.0,,0.0,0.0,
2025-05-15T19:52:07.545Z,10,GR86-036-98,8.1,0.154,-0.013,99.93,3.0,7094.0,0.0,0.0,150.67000000000002
2025-05-15T19:52:07.589Z,10,GR86-036-98,8.1,0.142,-0.037,99.94,3.0,,0.0,0.0,
2025-05-15T19:52:07.634Z,10,GR86-036-98,8.1,0.171,-0.045,99.96,3.0,,0.0,0.0,
2025-05-15T19:52:07.724Z,10,GR86-036-98,8.1,0.172,-0.02,99.93,3.0,7140.0,0.0,0.0,151.93
2025-05-15T19:52:07.768Z,10,GR86-036-98,8.1,0.177,-0.037,99.92,3.0,,0.0,0.0,
2025-05-15T19:52:07.814Z,10,GR86-036-98,8.1,0.209,-0.024,99.94,3.0,,0.0,0.0,
2025-05-15T19:52:07.858Z,10,GR86-036-98,8.1,0.197,0.01,99.93,3.0,,0.0,0.0,
2025-05-15T19:52:07.904Z,10,GR86-036-98,8.1,-0.022,0.006,99.92,3.0,,0.0,0.0,
2025-05-15T19:52:07.948Z,10,GR86-036-98,8.1,-0.069,0.054,99.94,4.0,6929.0,0.0,0.0,154.5
2025-05-15T19:52:07.994Z,10,GR86-036-98,8.1,0.444,0.035,99.95,4.0,,0.0,0.0,
2025-05-15T19:52:08.038Z,10,GR86-036-98,8.1,0.249,-0.02,99.94,4.0,,0.0,0.0,
2025-05-15T19:52:08.084Z,10,GR86-036-98,8.1,0.057,0.074,99.95,4.0,,0.0,0.0,
2025-05-15T19:52:08.128Z,10,GR86-036-98,8.1,0.114,0.029,99.93,4.0,,0.0,0.0,
2025-05-15T19:52:08.173Z,10,GR86-036-98,8.1,0.135,0.023,99.93,4.0,6123.0,0.0,0.0,155.39
2025-05-15T19:52:08.217Z,10,GR86-036-98,8.1,0.153,0.054,99.94,4.0,,0.0,0.0,
2025-05-15T19:52:08.264Z,10,GR86-036-98,8.1,0.147,0.023,99.94,4.0,,0.0,0.0,
2025-05-15T19:52:08.308Z,10,GR86-036-98,8.1,0.125,0.035,99.92,4.0,,0.0,0.0,
2025-05-15T19:52:08.353Z,10,GR86-036-98,8.1,0.114,0.021,99.93,4.0,,0.0,0.0,
2025-05-15T19:52:08.399Z,10,GR86-036-98,8.1,0.119,-0.032,99.96,4.0,6183.0,0.0,0.0,156.5
2025-05-15T19:52:08.444Z,10,GR86-036-98,8.1,0.14,0.029,99.94,4.0,,0.0,0.0,
2025-05-15T19:52:08.488Z,10,GR86-036-98,8.1,0.11,0.003,99.94,4.0,,0.0,0.0,
2025-05-15T19:52:08.534Z,10,GR86-036-98,8.1,0.117,-0.017,99.95,4.0,,0.0,0.0,
2025-05-15T19:52:08.578Z,10,GR86-036-98,8.1,0.112,-0.028,99.94,4.0,,0.0,0.0,
2025-05-15T19:52:08.623Z,10,GR86-036-98,8.1,0.118,-0.009,99.95,4.0,6231.0,0.0,0.0,157.52
2025-05-15T19:52:08.668Z,10,GR86-036-98,8.1,0.099,-0.019,99.94,4.0,,0.0,0.0,
2025-05-15T19:52:08.714Z,10,GR86-036-98,8.1,0.103,-0.009,99.92,4.0,,0.0,0.0,
2025-05-15T19:52:08.758Z,10,GR86-036-98,8.1,0.137,-0.025,99.93,4.0,,0.0,0.0,
2025-05-15T19:52:08.804Z,10,GR86-036-98,8.1,0.1,-0.017,99.92,4.0,,0.0,0.0,
2025-05-15T19:52:08.848Z,10,GR86-036-98,8.0,0.104,-0.015,99.93,4.0,6271.0,0.0,0.0,158.5
2025-05-15T19:52:08.894Z,10,GR86-036-98,8.0,0.112,-0.022,99.95,4.0,,0.0,0.0,
2025-05-15T19:52:08.938Z,10,GR86-036-98,8.0,0.15,-0.016,99.92,4.0,,0.0,0.0,
2025-05-15T19:52:08.984Z,10,GR86-036-98,8.0,0.084,-0.01,99.95,4.0,,0.0,0.0,
2025-05-15T19:52:09.028Z,10,GR86-036-98,8.0,0.097,-0.01,99.94,4.0,,0.0,0.0,
2025-05-15T19:52:09.073Z,10,GR86-036-98,8.0,0.111,-0.017,99.93,4.0,6308.0,0.0,0.0,159.52
2025-05-15T19:52:09.117Z,10,GR86-036-98,8.0,0.154,-0.01,99.93,4.0,,0.0,0.0,
2025-05-15T19:52:09.164Z,10,GR86-036-98,8.0,0.101,-0.018,99.93,4.0,,0.0,0.0,
2025-05-15T19:52:09.208Z,10,GR86-036-98,8.0,0.094,-0.028,99.93,4.0,,0.0,0.0,
2025-05-15T19:52:09.255Z,10,GR86-036-98,8.0,0.129,-0.022,99.94,4.0,,0.0,0.0,
2025-05-15T19:52:09.299Z,10,GR86-036-98,8.0,0.143,-0.005,99.94,4.0,6347.0,0.0,0.0,160.49
2025-05-15T19:52:09.344Z,10,GR86-036-98,8.0,0.096,-0.017,99.93,4.0,,0.0,0.0,
2025-05-15T19:52:09.389Z,10,GR86-036-98,8.0,0.109,-0.018,99.93,4.0,,0.0,0.0,
2025-05-15T19:52:09.434Z,10,GR86-036-98,8.0,0.109,-0.011,99.94,4.0,,0.0,0.0,
2025-05-15T19:52:09.478Z,10,GR86-036-98,8.0,0.145,-0.013,99.94,4.0,,0.0,0.0,
2025-05-15T19:52:09.567Z,10,GR86-036-98,8.0,0.116,-0.019,99.95,4.0,6373.0,0.0,0.0,161.54
2025-05-15T19:52:09.611Z,10,GR86-036-98,8.0,0.1,-0.006,99.94,4.0,,0.0,0.0,
2025-05-15T19:52:09.655Z,10,GR86-036-98,8.0,0.127,-0.011,99.95,4.0,,0.0,0.0,
2025-05-15T19:52:09.699Z,10,GR86-036-98,8.0,0.156,0.006,99.91,4.0,,0.0,0.0,
2025-05-15T19:52:09.745Z,10,GR86-036-98,8.0,0.102,-0.019,99.93,4.0,6467.0,0.0,0.0,163.43
2025-05-15T19:52:09.789Z,10,GR86-036-98,8.0,0.102,-0.005,99.94,4.0,,0.0,0.0,
2025-05-15T19:52:09.834Z,10,GR86-036-98,8.0,0.136,-0.002,99.94,4.0,,0.0,0.0,
2025-05-15T19:52:09.878Z,10,GR86-036-98,8.0,0.15,0.001,99.94,4.0,,0.0,0.0,
2025-05-15T19:52:09.923Z,10,GR86-036-98,8.0,0.101,-0.012,99.94,4.0,,0.0,0.0,
2025-05-15T19:52:09.968Z,10,GR86-036-98,8.0,0.094,-0.026,99.94,4.0,6473.0,0.0,0.0,164.45000000000002
2025-05-15T19:52:10.014Z,10,GR86-036-98,8.0,0.107,-0.044,99.93,4.0,,0.0,0.0,
2025-05-15T19:52:10.058Z,10,GR86-036-98,8.0,0.116,-0.015,99.93,4.0,,0.0,0.0,
2025-05-15T19:52:10.104Z,10,GR86-036-98,8.0,0.099,0.001,99.94,4.0,,0.0,0.0,
2025-05-15T19:52:10.148Z,10,GR86-036-98,8.0,0.111,0.003,99.94,4.0,,0.0,0.0,
2025-05-15T19:52:10.194Z,10,GR86-036-98,8.0,0.102,-0.024,99.94,4.0,6536.0,0.0,0.0,165.43
2025-05-15T19:52:10.284Z,10,GR86-036-98,8.0,0.116,0.0,99.93,4.0,,0.0,0.0,
2025-05-15T19:52:10.328Z,10,GR86-036-98,8.0,0.108,-0.005,99.93,4.0,,0.0,0.0,
2025-05-15T19:52:10.373Z,10,GR86-036-98,8.0,0.109,-0.001,99.92,4.0,,0.0,0.0,
2025-05-15T19:52:10.417Z,10,GR86-036-98,8.0,0.105,-0.024,99.94,4.0,6557.0,0.0,0.0,166.39
2025-05-15T19:52:10.464Z,10,GR86-036-98,8.0,0.117,0.007,99.93,4.0,,0.0,0.0,
2025-05-15T19:52:10.508Z,10,GR86-036-98,8.0,0.162,0.02,99.95,4.0,,0.0,0.0,
2025-05-15T19:52:10.552Z,10,GR86-036-98,8.0,0.102,-0.005,99.94,4.0,,0.0,0.0,
2025-05-15T19:52:10.599Z,10,GR86-036-98,8.0,0.11,-0.016,99.94,4.0,,0.0,0.0,
2025-05-15T19:52:10.644Z,10,GR86-036-98,8.0,0.157,-0.005,99.94,4.0,6608.0,0.0,0.0,167.37
2025-05-15T19:52:10.734Z,10,GR86-036-98,8.0,0.145,0.029,99.94,4.0,,0.0,0.0,
2025-05-15T19:52:10.778Z,10,GR86-036-98,8.0,0.111,0.02,99.94,4.0,,0.0,0.0,
2025-05-15T19:52:10.867Z,10,GR86-036-98,8.0,0.144,0.015,99.94,4.0,6647.0,0.0,0.0,168.20000000000002
2025-05-15T19:52:10.911Z,10,GR86-036-98,7.9,0.15,0.033,99.94,4.0,,0.0,0.0,
2025-05-15T19:52:10.955Z,10,GR86-036-98,8.0,0.128,0.017,99.94,4.0,,0.0,0.0,
2025-05-15T19:52:10.999Z,10,GR86-036-98,7.9,0.14,0.006,99.92,4.0,,0.0,0.0,
2025-05-15T19:52:11.044Z,10,GR86-036-98,8.0,0.155,-0.001,99.95,4.0,,0.0,0.0,
2025-05-15T19:52:11.089Z,10,GR86-036-98,8.0,0.13,-0.003,99.92,4.0,6676.0,0.0,0.0,169.25
2025-05-15T19:52:11.134Z,10,GR86-036-98,7.9,0.133,0.018,99.93,4.0,,0.0,0.0,
2025-05-15T19:52:11.178Z,10,GR86-036-98,7.9,0.12,0.032,99.93,4.0,,0.0,0.0,
2025-05-15T19:52:11.224Z,10,GR86-036-98,7.9,0.135,-0.01,99.93,4.0,,0.0,0.0,
2025-05-15T19:52:11.268Z,10,GR86-036-98,7.9,0.123,0.002,99.92,4.0,,0.0,0.0,
2025-05-15T19:52:11.314Z,10,GR86-036-98,7.9,0.117,-0.013,99.91,4.0,6711.0,0.0,0.0,170.18
2025-05-15T19:52:11.404Z,10,GR86-036-98,7.9,0.137,-0.006,99.93,4.0,,0.0,0.0,
2025-05-15T19:52:11.448Z,10,GR86-036-98,7.9,0.09,-0.015,99.94,4.0,,0.0,0.0,
2025-05-15T19:52:11.494Z,10,GR86-036-98,7.9,0.102,-0.028,99.95,4.0,,0.0,0.0,
2025-05-15T19:52:11.538Z,10,GR86-036-98,7.9,0.103,-0.011,99.94,4.0,6759.0,0.0,0.0,171.03
2025-05-15T19:52:11.628Z,10,GR86-036-98,7.9,0.124,0.003,99.95,4.0,,0.0,0.0,
2025-05-15T19:52:11.673Z,10,GR86-036-98,8.0,0.107,0.014,99.94,4.0,,0.0,0.0,
2025-05-15T19:52:11.717Z,10,GR86-036-98,7.9,0.142,0.0,99.93,4.0,,0.0,0.0,
2025-05-15T19:52:11.761Z,10,GR86-036-98,7.9,0.111,0.019,99.93,4.0,6837.0,0.0,0.0,172.9
2025-05-15T19:52:11.805Z,10,GR86-036-98,7.9,0.135,-0.001,99.94,4.0,,0.0,0.0,
2025-05-15T19:52:11.849Z,10,GR86-036-98,7.9,0.161,0.01,99.93,4.0,,0.0,0.0,
2025-05-15T19:52:11.894Z,10,GR86-036-98,7.9,0.134,0.018,99.93,4.0,,0.0,0.0,
2025-05-15T19:52:11.938Z,10,GR86-036-98,7.9,0.148,0.026,99.93,4.0,,0.0,0.0,
2025-05-15T19:52:11.984Z,10,GR86-036-98,7.9,0.112,0.02,99.91,4.0,6860.0,0.0,0.0,173.93
2025-05-15T19:52:12.028Z,10,GR86-036-98,7.9,0.105,0.0,99.92,4.0,,0.0,0.0,
2025-05-15T19:52:12.073Z,10,GR86-036-98,7.9,0.114,-0.006,99.94,4.0,,0.0,0.0,
2025-05-15T19:52:12.117Z,10,GR86-036-98,7.800000000000001,0.093,-0.001,99.94,4.0,,0.0,0.0,
2025-05-15T19:52:12.161Z,10,GR86-036-98,7.7,0.116,-0.005,99.95,4.0,,0.0,0.0,
2025-05-15T19:52:12.249Z,10,GR86-036-98,7.7,0.113,0.003,99.94,4.0,6900.0,0.0,0.0,174.77
2025-05-15T19:52:12.294Z,10,GR86-036-98,7.7,0.1,-0.019,99.93,4.0,,0.0,0.0,
2025-05-15T19:52:12.384Z,10,GR86-036-98,7.7,0.098,-0.029,99.93,4.0,,0.0,0.0,
2025-05-15T19:52:12.428Z,10,GR86-036-98,7.6,0.136,-0.016,99.92,4.0,6939.0,0.0,0.0,175.68
2025-05-15T19:52:12.473Z,10,GR86-036-98,7.6,0.136,-0.016,99.94,4.0,,0.0,0.0,
2025-05-15T19:52:12.517Z,10,GR86-036-98,7.6,0.12,-0.026,99.91,4.0,,0.0,0.0,
2025-05-15T19:52:12.564Z,10,GR86-036-98,7.5,0.095,-0.046,99.93,4.0,,0.0,0.0,
2025-05-15T19:52:12.608Z,10,GR86-036-98,7.6,0.111,-0.019,99.94,4.0,,0.0,0.0,
2025-05-15T19:52:12.652Z,10,GR86-036-98,7.5,0.091,-0.035,99.95,4.0,6975.0,0.0,0.0,176.57
2025-05-15T19:52:12.696Z,10,GR86-036-98,7.5,0.094,-0.033,99.94,4.0,,0.0,0.0,
2025-05-15T19:52:12.740Z,10,GR86-036-98,7.5,0.092,-0.02,99.94,4.0,,0.0,0.0,
2025-05-15T19:52:12.784Z,10,GR86-036-98,7.5,0.124,0.018,99.92,4.0,,0.0,0.0,
2025-05-15T19:52:12.828Z,10,GR86-036-98,7.5,0.121,0.024,99.94,4.0,,0.0,0.0,
2025-05-15T19:52:12.873Z,10,GR86-036-98,7.5,0.115,0.02,99.9,4.0,7009.0,0.0,0.0,177.48
2025-05-15T19:52:12.917Z,10,GR86-036-98,7.5,0.097,0.052,99.94,4.0,,0.0,0.0,
2025-05-15T19:52:12.963Z,10,GR86-036-98,7.5,0.125,0.007,99.94,4.0,,0.0,0.0,
2025-05-15T19:52:13.008Z,10,GR86-036-98,7.5,0.126,0.031,99.94,4.0,,0.0,0.0,
2025-05-15T19:52:13.053Z,10,GR86-036-98,7.5,0.108,0.011,99.93,4.0,,0.0,0.0,
2025-05-15T19:52:13.099Z,10,GR86-036-98,7.5,0.119,0.024,99.93,4.0,7043.0,0.0,0.0,178.36
2025-05-15T19:52:13.144Z,10,GR86-036-98,7.5,0.101,0.03,99.94,4.0,,0.0,0.0,
2025-05-15T19:52:13.189Z,10,GR86-036-98,7.5,0.131,0.024,99.95,4.0,,0.0,0.0,
2025-05-15T19:52:13.234Z,10,GR86-036-98,7.5,0.104,0.02,99.95,4.0,,0.0,0.0,
2025-05-15T19:52:13.323Z,10,GR86-036-98,7.5,0.117,0.005,99.93,4.0,7083.0,0.0,0.0,179.13
2025-05-15T19:52:13.368Z,10,GR86-036-98,7.5,0.11,0.027,99.94,4.0,,0.0,0.0,
2025-05-15T19:52:13.414Z,10,GR86-036-98,7.5,0.146,0.013,99.95,4.0,,0.0,0.0,
2025-05-15T19:52:13.504Z,10,GR86-036-98,7.5,0.117,0.01,99.92,4.0,,0.0,0.0,
2025-05-15T19:52:13.548Z,10,GR86-036-98,7.5,0.109,-0.004,99.95,4.0,7142.0,0.0,0.0,180.9
2025-05-15T19:52:13.594Z,10,GR86-036-98,7.5,0.077,-0.016,99.93,4.0,,0.0,0.0,
2025-05-15T19:52:13.638Z,10,GR86-036-98,7.5,0.038,-0.015,99.94,4.0,,0.0,0.0,
2025-05-15T19:52:13.684Z,10,GR86-036-98,7.5,-0.074,0.06,99.95,5.0,,0.0,0.0,
2025-05-15T19:52:13.728Z,10,GR86-036-98,7.5,0.2,0.007,99.94,5.0,,0.0,0.0,
2025-05-15T19:52:13.773Z,10,GR86-036-98,7.5,0.24,-0.034,99.94,5.0,6670.0,0.0,0.0,181.76
2025-05-15T19:52:13.818Z,10,GR86-036-98,7.5,0.099,0.027,99.95,5.0,,0.0,0.0,
2025-05-15T19:52:13.864Z,10,GR86-036-98,7.5,0.047,-0.03,99.92,5.0,,0.0,0.0,
2025-05-15T19:52:13.908Z,10,GR86-036-98,7.5,0.141,-0.021,99.95,5.0,,0.0,0.0,
2025-05-15T19:52:13.955Z,10,GR86-036-98,7.5,0.084,0.001,99.96,5.0,,0.0,0.0,
2025-05-15T19:52:13.999Z,10,GR86-036-98,7.5,0.019,-0.041,99.94,5.0,6254.0,0.0,0.0,182.29
2025-05-15T19:52:14.044Z,10,GR86-036-98,7.5,0.098,0.019,99.96,5.0,,0.0,0.0,
2025-05-15T19:52:14.089Z,10,GR86-036-98,7.5,0.099,0.0,99.92,5.0,,0.0,0.0,
2025-05-15T19:52:14.134Z,10,GR86-036-98,7.5,0.078,-0.035,99.92,5.0,,0.0,0.0,
2025-05-15T19:52:14.178Z,10,GR86-036-98,7.5,0.078,-0.004,99.95,5.0,,0.0,0.0,
2025-05-15T19:52:14.223Z,10,GR86-036-98,7.5,0.077,-0.034,99.94,5.0,6237.0,0.0,0.0,182.93
2025-05-15T19:52:14.268Z,10,GR86-036-98,7.5,0.073,-0.009,99.94,5.0,,0.0,0.0,
2025-05-15T19:52:14.314Z,10,GR86-036-98,7.5,0.066,-0.015,99.94,5.0,,0.0,0.0,
2025-05-15T19:52:14.358Z,10,GR86-036-98,7.5,0.069,-0.014,99.93,5.0,,0.0,0.0,
2025-05-15T19:52:14.404Z,10,GR86-036-98,7.5,0.106,0.011,99.97,5.0,,0.0,0.0,
2025-05-15T19:52:14.448Z,10,GR86-036-98,7.5,0.082,-0.003,99.94,5.0,6266.0,0.0,0.0,183.67
2025-05-15T19:52:14.494Z,10,GR86-036-98,7.5,0.093,0.004,99.95,5.0,,0.0,0.0,
2025-05-15T19:52:14.538Z,10,GR86-036-98,7.5,0.087,0.017,99.92,5.0,,0.0,0.0,
2025-05-15T19:52:14.584Z,10,GR86-036-98,7.5,0.076,0.017,99.93,5.0,,0.0,0.0,
2025-05-15T19:52:14.628Z,10,GR86-036-98,7.5,0.075,0.014,99.93,5.0,,0.0,0.0,
2025-05-15T19:52:14.673Z,10,GR86-036-98,7.5,0.069,0.018,99.93,5.0,6290.0,0.0,0.0,184.29
2025-05-15T19:52:14.717Z,10,GR86-036-98,7.5,0.094,0.014,99.94,5.0,,0.0,0.0,
2025-05-15T19:52:14.761Z,10,GR86-036-98,7.5,0.051,0.021,99.93,5.0,,0.0,0.0,
2025-05-15T19:52:14.808Z,10,GR86-036-98,7.5,0.097,0.007,99.95,5.0,,0.0,0.0,
2025-05-15T19:52:14.852Z,10,GR86-036-98,7.5,0.082,-0.027,99.94,5.0,,0.0,0.0,
2025-05-15T19:52:14.899Z,10,GR86-036-98,7.5,0.088,-0.017,99.94,5.0,6307.0,0.0,0.0,184.83
2025-05-15T19:52:14.944Z,10,GR86-036-98,7.5,0.058,0.006,99.93,5.0,,0.0,0.0,
2025-05-15T19:52:14.989Z,10,GR86-036-98,7.5,0.104,-0.003,99.94,5.0,,0.0,0.0,
2025-05-15T19:52:15.034Z,10,GR86-036-98,7.5,0.067,0.027,99.94,5.0,,0.0,0.0,
2025-05-15T19:52:15.078Z,10,GR86-036-98,7.5,0.094,-0.022,99.94,5.0,,0.0,0.0,
2025-05-15T19:52:15.123Z,10,GR86-036-98,7.5,0.07,-0.032,99.95,5.0,6342.0,0.0,0.0,185.56
2025-05-15T19:52:15.168Z,10,GR86-036-98,7.5,0.084,-0.03,99.95,5.0,,0.0,0.0,
2025-05-15T19:52:15.214Z,10,GR86-036-98,7.5,0.07,-0.023,99.95,5.0,,0.0,0.0,
2025-05-15T19:52:15.258Z,10,GR86-036-98,7.5,0.097,-0.019,99.93,5.0,,0.0,0.0,
2025-05-15T19:52:15.304Z,10,GR86-036-98,7.5,0.111,0.009,99.94,5.0,,0.0,0.0,
2025-05-15T19:52:15.348Z,10,GR86-036-98,7.5,0.094,-0.005,99.93,5.0,6380.0,0.0,0.0,186.87
2025-05-15T19:52:15.394Z,10,GR86-036-98,7.5,0.105,-0.002,99.95,5.0,,0.0,0.0,
2025-05-15T19:52:15.438Z,10,GR86-036-98,7.5,0.091,0.0,99.94,5.0,,0.0,0.0,
2025-05-15T19:52:15.484Z,10,GR86-036-98,7.5,0.068,-0.004,99.94,5.0,,0.0,0.0,
2025-05-15T19:52:15.528Z,10,GR86-036-98,7.5,0.071,0.003,99.95,5.0,,0.0,0.0,
2025-05-15T19:52:15.573Z,10,GR86-036-98,7.5,0.058,0.004,99.93,5.0,6387.0,0.0,0.0,187.63
2025-05-15T19:52:15.617Z,10,GR86-036-98,7.5,0.077,0.016,99.94,5.0,,0.0,0.0,
2025-05-15T19:52:15.661Z,10,GR86-036-98,7.5,0.075,-0.006,99.94,5.0,,0.0,0.0,
2025-05-15T19:52:15.705Z,10,GR86-036-98,7.5,0.085,0.007,99.93,5.0,,0.0,0.0,
2025-05-15T19:52:15.749Z,10,GR86-036-98,7.5,0.071,-0.005,99.96,5.0,,0.0,0.0,
2025-05-15T19:52:15.794Z,10,GR86-036-98,7.5,0.063,-0.014,99.95,5.0,6427.0,0.0,0.0,188.21
2025-05-15T19:52:15.838Z,10,GR86-036-98,7.5,0.083,0.001,99.93,5.0,,0.0,0.0,
2025-05-15T19:52:15.884Z,10,GR86-036-98,7.5,0.089,0.009,99.94,5.0,,0.0,0.0,
2025-05-15T19:52:15.928Z,10,GR86-036-98,7.5,0.085,0.006,99.94,5.0,,0.0,0.0,
2025-05-15T19:52:15.973Z,10,GR86-036-98,7.5,0.089,0.0,99.93,5.0,,0.0,0.0,
2025-05-15T19:52:16.017Z,10,GR86-036-98,7.5,0.083,0.002,99.96,5.0,6443.0,0.0,0.0,188.74
2025-05-15T19:52:16.061Z,10,GR86-036-98,7.5,0.109,-0.005,99.94,5.0,,0.0,0.0,
2025-05-15T19:52:16.105Z,10,GR86-036-98,7.5,0.059,0.003,99.92,5.0,,0.0,0.0,
2025-05-15T19:52:16.149Z,10,GR86-036-98,7.5,0.064,0.023,99.94,5.0,,0.0,0.0,
2025-05-15T19:52:16.194Z,10,GR86-036-98,7.5,0.091,0.031,99.93,5.0,,0.0,0.0,
2025-05-15T19:52:16.238Z,10,GR86-036-98,7.5,0.046,0.024,99.94,5.0,6466.0,0.0,0.0,189.5
2025-05-15T19:52:16.284Z,10,GR86-036-98,7.5,0.071,-0.002,99.94,5.0,,0.0,0.0,
2025-05-15T19:52:16.328Z,10,GR86-036-98,7.5,0.067,0.008,99.94,5.0,,0.0,0.0,
2025-05-15T19:52:16.373Z,10,GR86-036-98,7.5,0.057,-0.022,99.94,5.0,,0.0,0.0,
2025-05-15T19:52:16.417Z,10,GR86-036-98,7.5,0.054,-0.013,99.93,5.0,,0.0,0.0,
2025-05-15T19:52:16.464Z,10,GR86-036-98,7.5,0.085,-0.014,99.94,5.0,6493.0,0.0,0.0,190.12
2025-05-15T19:52:16.508Z,10,GR86-036-98,7.5,0.093,-0.015,99.97,5.0,,0.0,0.0,
2025-05-15T19:52:16.552Z,10,GR86-036-98,7.5,0.068,-0.031,99.94,5.0,,0.0,0.0,
2025-05-15T19:52:16.644Z,10,GR86-036-98,7.5,0.063,-0.055,99.91,5.0,,0.0,0.0,
2025-05-15T19:52:16.689Z,10,GR86-036-98,7.5,0.075,-0.018,99.94,5.0,6499.0,0.0,0.0,190.73
2025-05-15T19:52:16.734Z,10,GR86-036-98,7.5,0.09,-0.03,99.94,5.0,,0.0,0.0,
2025-05-15T19:52:16.778Z,10,GR86-036-98,7.5,0.086,-0.017,99.95,5.0,,0.0,0.0,
2025-05-15T19:52:16.823Z,10,GR86-036-98,7.5,0.053,-0.03,99.93,5.0,,0.0,0.0,
2025-05-15T19:52:16.868Z,10,GR86-036-98,7.5,0.057,-0.023,99.92,5.0,,0.0,0.0,
2025-05-15T19:52:16.914Z,10,GR86-036-98,7.5,0.059,0.002,99.94,5.0,6537.0,0.0,0.0,191.3
2025-05-15T19:52:16.958Z,10,GR86-036-98,7.5,0.073,-0.005,99.95,5.0,,0.0,0.0,
2025-05-15T19:52:17.004Z,10,GR86-036-98,7.5,0.071,0.019,99.94,5.0,,0.0,0.0,
2025-05-15T19:52:17.048Z,10,GR86-036-98,7.5,0.053,0.018,99.95,5.0,,0.0,0.0,
2025-05-15T19:52:17.094Z,10,GR86-036-98,7.5,0.071,0.043,99.93,5.0,,0.0,0.0,
2025-05-15T19:52:17.138Z,10,GR86-036-98,7.5,0.078,0.04,99.94,5.0,6545.0,0.0,0.0,191.95
2025-05-15T19:52:17.184Z,10,GR86-036-98,7.5,0.063,0.061,99.94,5.0,,0.0,0.0,
2025-05-15T19:52:17.228Z,10,GR86-036-98,7.5,0.076,0.047,99.93,5.0,,0.0,0.0,
2025-05-15T19:52:17.273Z,10,GR86-036-98,7.5,0.071,0.063,99.95,5.0,,0.0,0.0,
2025-05-15T19:52:17.317Z,10,GR86-036-98,7.5,0.08,0.05,99.97,5.0,,0.0,0.0,
2025-05-15T19:52:17.408Z,10,GR86-036-98,7.5,0.082,0.06,99.95,5.0,6582.0,0.0,0.0,193.07
2025-05-15T19:52:17.452Z,10,GR86-036-98,7.5,0.076,0.057,99.94,5.0,,0.0,0.0,
2025-05-15T19:52:17.496Z,10,GR86-036-98,7.5,0.099,0.077,99.93,5.0,,0.0,0.0,
2025-05-15T19:52:17.540Z,10,GR86-036-98,7.5,0.061,0.057,99.95,5.0,,0.0,0.0,
2025-05-15T19:52:17.584Z,10,GR86-036-98,7.5,0.073,0.023,99.94,5.0,6607.0,0.0,0.0,193.53
2025-05-15T19:52:17.673Z,10,GR86-036-98,7.5,0.065,0.017,99.94,5.0,,0.0,0.0,
2025-05-15T19:52:17.717Z,10,GR86-036-98,7.5,0.075,0.023,99.95,5.0,,0.0,0.0,
2025-05-15T19:52:17.763Z,10,GR86-036-98,7.5,0.035,-0.002,99.94,5.0,,0.0,0.0,
2025-05-15T19:52:17.808Z,10,GR86-036-98,7.5,0.054,-0.023,99.93,5.0,6617.0,0.0,0.0,194.27
2025-05-15T19:52:17.855Z,10,GR86-036-98,7.5,0.07,0.0,99.93,5.0,,0.0,0.0,
2025-05-15T19:52:17.899Z,10,GR86-036-98,7.5,0.096,0.001,99.95,5.0,,0.0,0.0,
2025-05-15T19:52:17.945Z,10,GR86-036-98,7.5,0.045,0.015,99.94,5.0,,0.0,0.0,
2025-05-15T19:52:17.989Z,10,GR86-036-98,7.5,0.061,0.003,99.94,5.0,,0.0,0.0,
2025-05-15T19:52:18.034Z,10,GR86-036-98,7.5,0.076,-0.001,99.93,5.0,6634.0,0.0,0.0,194.7
2025-05-15T19:52:18.078Z,10,GR86-036-98,7.5,0.077,-0.005,99.94,5.0,,0.0,0.0,
2025-05-15T19:52:18.123Z,10,GR86-036-98,7.5,0.071,0.036,99.95,5.0,,0.0,0.0,
2025-05-15T19:52:18.167Z,10,GR86-036-98,7.5,0.055,0.056,99.95,5.0,,0.0,0.0,
2025-05-15T19:52:18.255Z,10,GR86-036-98,7.5,0.077,0.06,99.94,5.0,6652.0,0.0,0.0,195.22
2025-05-15T19:52:18.299Z,10,GR86-036-98,7.5,0.093,0.027,99.93,5.0,,0.0,0.0,
2025-05-15T19:52:18.345Z,10,GR86-036-98,7.5,0.079,0.044,99.94,5.0,,0.0,0.0,
2025-05-15T19:52:18.389Z,10,GR86-036-98,7.5,0.066,0.055,99.94,5.0,,0.0,0.0,
2025-05-15T19:52:18.434Z,10,GR86-036-98,7.5,0.102,0.042,99.94,5.0,,0.0,0.0,
2025-05-15T19:52:18.478Z,10,GR86-036-98,7.5,0.059,0.005,99.94,5.0,6679.0,0.0,0.0,195.73
2025-05-15T19:52:18.523Z,10,GR86-036-98,7.5,0.037,-0.018,99.93,5.0,,0.0,0.0,
2025-05-15T19:52:18.568Z,10,GR86-036-98,7.5,0.103,-0.024,99.94,5.0,,0.0,0.0,
2025-05-15T19:52:18.614Z,10,GR86-036-98,7.4,0.051,0.016,99.94,5.0,,0.0,0.0,
2025-05-15T19:52:18.658Z,10,GR86-036-98,7.5,0.07,-0.011,99.95,5.0,,0.0,0.0,
2025-05-15T19:52:18.704Z,10,GR86-036-98,7.4,0.075,-0.038,99.91,5.0,6695.0,0.0,0.0,196.28
2025-05-15T19:52:18.748Z,10,GR86-036-98,7.4,0.043,-0.068,99.92,5.0,,0.0,0.0,
2025-05-15T19:52:18.794Z,10,GR86-036-98,7.4,0.053,-0.051,99.94,5.0,,0.0,0.0,
2025-05-15T19:52:18.838Z,10,GR86-036-98,7.4,0.068,-0.034,99.94,5.0,,0.0,0.0,
2025-05-15T19:52:18.884Z,10,GR86-036-98,7.4,0.049,-0.06,99.93,5.0,,0.0,0.0,
2025-05-15T19:52:18.928Z,10,GR86-036-98,7.4,0.048,-0.075,99.93,5.0,6731.0,0.0,0.0,196.84
2025-05-15T19:52:18.973Z,10,GR86-036-98,7.4,0.039,-0.07,99.93,5.0,,0.0,0.0,
2025-05-15T19:52:19.017Z,10,GR86-036-98,7.4,0.042,-0.033,99.95,5.0,,0.0,0.0,
2025-05-15T19:52:19.064Z,10,GR86-036-98,7.4,0.065,-0.054,99.94,5.0,,0.0,0.0,
2025-05-15T19:52:19.108Z,10,GR86-036-98,7.4,0.037,-0.032,99.95,5.0,,0.0,0.0,
2025-05-15T19:52:19.155Z,10,GR86-036-98,7.4,0.056,-0.062,99.95,5.0,6749.0,0.0,0.0,197.93
2025-05-15T19:52:19.199Z,10,GR86-036-98,7.4,0.061,-0.05,99.92,5.0,,0.0,0.0,
2025-05-15T19:52:19.244Z,10,GR86-036-98,7.2,0.064,-0.052,99.93,5.0,,0.0,0.0,
2025-05-15T19:52:19.288Z,10,GR86-036-98,7.1000000000000005,0.049,-0.054,99.94,5.0,,0.0,0.0,
2025-05-15T19:52:19.334Z,10,GR86-036-98,7.1000000000000005,0.063,-0.059,99.95,5.0,,0.0,0.0,
2025-05-15T19:52:19.378Z,10,GR86-036-98,7.0,0.03,-0.068,99.93,5.0,6776.0,0.0,0.0,198.35
2025-05-15T19:52:19.423Z,10,GR86-036-98,6.9,0.057,-0.094,99.92,5.0,,0.0,0.0,
2025-05-15T19:52:19.468Z,10,GR86-036-98,6.9,0.069,-0.128,99.94,5.0,,0.0,0.0,
2025-05-15T19:52:19.514Z,10,GR86-036-98,6.9,0.031,-0.15,99.92,5.0,,0.0,0.0,
2025-05-15T19:52:19.558Z,10,GR86-036-98,6.800000000000001,0.058,-0.139,99.92,5.0,,0.0,0.0,
2025-05-15T19:52:19.604Z,10,GR86-036-98,6.800000000000001,0.094,-0.111,99.96,5.0,6787.0,0.0,0.0,198.94
2025-05-15T19:52:19.648Z,10,GR86-036-98,6.7,0.05,-0.113,99.92,5.0,,0.0,0.0,
2025-05-15T19:52:19.694Z,10,GR86-036-98,6.2,0.076,-0.116,99.93,5.0,,0.0,0.0,
2025-05-15T19:52:19.738Z,10,GR86-036-98,4.6000000000000005,0.051,-0.13,99.94,5.0,,0.0,0.0,
2025-05-15T19:52:19.784Z,10,GR86-036-98,1.2000000000000002,0.041,-0.132,99.94,5.0,,0.0,0.0,
2025-05-15T19:52:19.828Z,10,GR86-036-98,-0.9,0.054,-0.208,99.94,5.0,6795.0,0.0,0.0,199.35
2025-05-15T19:52:19.873Z,10,GR86-036-98,-2.2,0.046,-0.255,99.95,5.0,,0.0,0.0,
2025-05-15T19:52:19.917Z,10,GR86-036-98,-2.8000000000000003,0.044,-0.323,99.95,5.0,,0.0,0.0,
2025-05-15T19:52:19.961Z,10,GR86-036-98,-3.0,0.055,-0.345,99.93,5.0,,0.0,0.0,
2025-05-15T19:52:20.005Z,10,GR86-036-98,-3.2,0.035,-0.42,99.93,5.0,,0.0,0.0,
2025-05-15T19:52:20.094Z,10,GR86-036-98,-4.0,0.039,-0.487,99.94,5.0,6825.0,0.0,0.0,199.78
2025-05-15T19:52:20.138Z,10,GR86-036-98,-7.2,0.037,-0.559,99.94,5.0,,0.0,0.0,
2025-05-15T19:52:20.184Z,10,GR86-036-98,-8.1,0.054,-0.586,99.95,5.0,,0.0,0.0,
2025-05-15T19:52:20.228Z,10,GR86-036-98,-8.3,0.021,-0.607,99.95,5.0,,0.0,0.0,
2025-05-15T19:52:20.273Z,10,GR86-036-98,-8.3,0.02,-0.645,99.93,5.0,6840.0,0.0,0.0,200.35
2025-05-15T19:52:20.317Z,10,GR86-036-98,-8.3,0.023,-0.718,99.94,5.0,,0.0,0.0,
2025-05-15T19:52:20.364Z,10,GR86-036-98,-8.3,0.028,-0.805,99.95,5.0,,0.0,0.0,
2025-05-15T19:52:20.408Z,10,GR86-036-98,-8.3,0.047,-0.8260000000000001,99.93,5.0,,0.0,0.0,
2025-05-15T19:52:20.452Z,10,GR86-036-98,-8.3,0.014,-0.847,99.95,5.0,,0.0,0.0,
2025-05-15T19:52:20.496Z,10,GR86-036-98,-8.3,0.017,-0.919,99.93,5.0,6873.0,0.0,0.0,200.57
2025-05-15T19:52:20.540Z,10,GR86-036-98,-7.7,0.024,-0.903,99.91,5.0,,0.0,0.0,
2025-05-15T19:52:20.584Z,10,GR86-036-98,-6.7,0.027,-0.875,99.93,5.0,,0.0,0.0,
2025-05-15T19:52:20.628Z,10,GR86-036-98,-6.7,0.064,-0.8180000000000001,99.94,5.0,,0.0,0.0,
2025-05-15T19:52:20.673Z,10,GR86-036-98,-6.7,0.012,-0.8210000000000001,99.91,5.0,,0.0,0.0,
2025-05-15T19:52:20.717Z,10,GR86-036-98,-6.7,0.046,-0.771,99.93,5.0,6868.0,0.0,0.0,201.06
2025-05-15T19:52:20.761Z,10,GR86-036-98,-6.7,0.005,-0.761,99.93,5.0,,0.0,0.0,
2025-05-15T19:52:20.805Z,10,GR86-036-98,-7.5,0.013,-0.787,99.93,5.0,,0.0,0.0,
2025-05-15T19:52:20.849Z,10,GR86-036-98,-7.6,0.018,-0.771,99.93,5.0,,0.0,0.0,
2025-05-15T19:52:20.894Z,10,GR86-036-98,-7.6,0.049,-0.754,99.92,5.0,,4.53,4.9,
2025-05-15T19:52:20.938Z,10,GR86-036-98,-7.7,-0.006,-0.732,89.81,5.0,6868.0,10.15,10.27,201.32
2025-05-15T19:52:20.984Z,10,GR86-036-98,-7.7,-0.148,-0.731,3.75,5.0,,20.51,20.6,
2025-05-15T19:52:21.028Z,10,GR86-036-98,-7.7,-0.378,-0.742,4.8,5.0,,32.14,31.895,
2025-05-15T19:52:21.073Z,10,GR86-036-98,-4.1000000000000005,-0.8220000000000001,-0.682,4.61,5.0,,47.06,46.59,
2025-05-15T19:52:21.117Z,10,GR86-036-98,0.8,-0.895,-0.543,4.33,5.0,,60.98,60.58,
2025-05-15T19:52:21.164Z,10,GR86-036-98,5.7,-1.303,-0.448,3.98,5.0,6401.0,76.53,77.49,199.36
2025-05-15T19:52:21.208Z,10,GR86-036-98,6.2,-1.09,-0.495,3.68,5.0,,79.81,81.78,
2025-05-15T19:52:21.255Z,10,GR86-036-98,7.300000000000001,-1.056,-0.654,3.3200000000000003,5.0,,79.625,80.495,
2025-05-15T19:52:21.748Z,10,GR86-036-98,-10.8,-1.086,-0.343,9.01,5.0,,74.12,75.37,
2025-05-15T19:52:21.928Z,10,GR86-036-98,0.8,-1.286,-0.303,3.0,4.0,,71.14,72.605,
2025-05-15T19:52:22.017Z,10,GR86-036-98,9.3,-1.286,-0.56,2.97,5.0,,79.275,79.87,
2025-05-15T19:52:22.105Z,10,GR86-036-98,2.8000000000000003,-1.037,-0.6940000000000001,2.5500000000000003,4.0,,57.745000000000005,58.585,
2025-05-15T19:52:22.238Z,10,GR86-036-98,2.6,-0.907,-0.592,2.5500000000000003,4.0,6133.0,56.995000000000005,57.27,169.27
2025-05-15T19:52:22.284Z,10,GR86-036-98,-4.7,-0.887,-0.925,5.39,4.0,5900.0,56.75,57.56,162.77
2025-05-15T19:52:22.328Z,10,GR86-036-98,-4.800000000000001,-1.061,-0.843,46.11,4.0,,55.545,55.745000000000005,
2025-05-15T19:52:22.373Z,10,GR86-036-98,-4.800000000000001,-0.942,-0.8140000000000001,92.14,4.0,,56.065,56.22,
2025-05-15T19:52:22.417Z,10,GR86-036-98,-4.800000000000001,-0.909,-0.806,91.76,3.0,,51.335,52.435,
2025-05-15T19:52:22.464Z,10,GR86-036-98,-4.800000000000001,-1.045,-0.658,3.28,3.0,,40.21,41.795,
2025-05-15T19:52:22.508Z,10,GR86-036-98,-4.800000000000001,-0.654,-0.674,3.16,3.0,5656.0,34.81,36.21,156.04
2025-05-15T19:52:22.552Z,10,GR86-036-98,-2.6,-0.753,-0.971,2.9,3.0,,30.55,31.71,
2025-05-15T19:52:22.596Z,10,GR86-036-98,2.2,-0.796,-0.73,2.77,3.0,,26.965,27.65,
2025-05-15T19:52:22.684Z,10,GR86-036-98,11.1,-0.6910000000000001,-0.77,2.61,3.0,,25.33,25.805,
2025-05-15T19:52:22.728Z,10,GR86-036-98,7.9,-0.78,-0.76,2.69,3.0,6365.0,26.05,26.995,149.16
2025-05-15T19:52:22.817Z,10,GR86-036-98,9.0,-0.681,-0.745,2.5500000000000003,3.0,,26.23,26.905,
2025-05-15T19:52:22.862Z,10,GR86-036-98,-17.6,-0.658,-0.579,2.52,3.0,,28.49,29.21,
2025-05-15T19:52:22.908Z,10,GR86-036-98,-28.700000000000003,-0.53,-0.805,2.52,3.0,,29.71,30.675,
2025-05-15T19:52:22.953Z,10,GR86-036-98,-31.0,-0.758,-1.047,2.51,3.0,6075.0,29.985,30.735,138.95000000000002
2025-05-15T19:52:22.999Z,10,GR86-036-98,-31.0,-0.729,-0.907,2.52,3.0,,29.955,30.365,
2025-05-15T19:52:23.044Z,10,GR86-036-98,-21.0,-0.8160000000000001,-0.976,2.5,3.0,,31.68,32.505,
2025-05-15T19:52:23.089Z,10,GR86-036-98,-16.1,-0.588,-0.897,2.5,3.0,,28.58,29.56,
2025-05-15T19:52:23.134Z,10,GR86-036-98,-15.2,-0.65,-0.94,2.49,3.0,,25.15,25.895,
2025-05-15T19:52:23.178Z,10,GR86-036-98,-15.2,-0.552,-0.744,2.49,3.0,6024.0,23.775,24.37,135.12
2025-05-15T19:52:23.314Z,10,GR86-036-98,-20.4,-0.461,-0.766,2.49,3.0,,23.12,24.08,
2025-05-15T19:52:23.404Z,10,GR86-036-98,-20.4,-0.587,-0.895,2.49,3.0,5743.0,23.18,24.14,130.5
2025-05-15T19:52:23.494Z,10,GR86-036-98,-19.700000000000003,-0.637,-1.101,2.48,3.0,,24.795,25.835,
2025-05-15T19:52:23.584Z,10,GR86-036-98,-7.0,-0.559,-0.921,2.48,3.0,,25.485,26.02,
2025-05-15T19:52:23.628Z,10,GR86-036-98,-16.8,-0.54,-0.777,2.49,3.0,5664.0,25.835,26.535,126.67
2025-05-15T19:52:23.673Z,10,GR86-036-98,-30.5,-0.517,-0.807,2.49,3.0,,25.21,25.895,
2025-05-15T19:52:23.717Z,10,GR86-036-98,-41.1,-0.588,-0.928,2.48,3.0,,24.17,25.15,
2025-05-15T19:52:23.764Z,10,GR86-036-98,-43.0,-0.628,-0.937,2.48,3.0,,23.485,23.96,
2025-05-15T19:52:23.808Z,10,GR86-036-98,-37.6,-0.682,-1.098,2.5,3.0,,23.745,24.235,
2025-05-15T19:52:23.899Z,10,GR86-036-98,-15.0,-0.586,-0.914,2.54,3.0,,16.86,17.685,
2025-05-15T19:52:23.944Z,10,GR86-036-98,-10.3,-0.417,-0.957,3.42,3.0,5399.0,3.725,4.365,122.07
2025-05-15T19:52:23.989Z,10,GR86-036-98,-12.1,-0.309,-1.088,3.42,3.0,,0.0,0.0,
2025-05-15T19:52:24.034Z,10,GR86-036-98,-18.6,-0.197,-1.118,3.39,3.0,,0.0,0.0,
2025-05-15T19:52:24.078Z,10,GR86-036-98,-26.6,-0.189,-1.12,3.35,3.0,5138.0,0.0,0.0,118.51
2025-05-15T19:52:24.123Z,10,GR86-036-98,-40.3,-0.167,-1.065,3.23,3.0,,0.0,0.0,
2025-05-15T19:52:24.168Z,10,GR86-036-98,-49.900000000000006,-0.214,-1.282,3.16,3.0,,0.0,0.0,
2025-05-15T19:52:24.213Z,10,GR86-036-98,-54.5,-0.215,-1.233,2.91,3.0,,0.0,0.0,
2025-05-15T19:52:24.258Z,10,GR86-036-98,-54.8,-0.213,-1.253,2.84,3.0,,0.0,0.0,
2025-05-15T19:52:24.304Z,10,GR86-036-98,-48.1,-0.219,-1.306,2.81,3.0,5171.0,0.0,0.0,116.11
2025-05-15T19:52:24.394Z,10,GR86-036-98,-33.9,-0.187,-1.231,2.87,3.0,,0.0,0.0,
2025-05-15T19:52:24.438Z,10,GR86-036-98,-5.800000000000001,-0.144,-1.028,2.87,3.0,,0.0,0.0,
2025-05-15T19:52:24.528Z,10,GR86-036-98,-10.1,-0.141,-1.032,2.94,3.0,5083.0,0.0,0.0,113.51
2025-05-15T19:52:24.617Z,10,GR86-036-98,-32.1,-0.187,-1.273,3.34,3.0,,0.0,0.0,
2025-05-15T19:52:24.664Z,10,GR86-036-98,-46.1,-0.194,-1.235,5.25,3.0,,0.0,0.0,
2025-05-15T19:52:24.708Z,10,GR86-036-98,-53.6,-0.237,-1.428,14.02,3.0,,0.0,0.0,
2025-05-15T19:52:24.753Z,10,GR86-036-98,-57.5,-0.175,-1.217,20.72,3.0,4981.0,0.0,0.0,110.85
2025-05-15T19:52:24.799Z,10,GR86-036-98,-57.6,-0.198,-1.213,26.32,3.0,,0.0,0.0,
2025-05-15T19:52:24.845Z,10,GR86-036-98,-47.0,-0.158,-1.23,54.06,3.0,,0.0,0.0,
2025-05-15T19:52:24.889Z,10,GR86-036-98,-29.6,-0.13,-1.175,75.42,3.0,,0.0,0.0,
2025-05-15T19:52:24.934Z,10,GR86-036-98,-9.9,0.041,-1.214,78.03,3.0,,0.0,0.0,
2025-05-15T19:52:24.978Z,10,GR86-036-98,5.5,0.242,-1.13,78.11,3.0,5327.0,0.0,0.0,109.37
2025-05-15T19:52:25.023Z,10,GR86-036-98,9.0,0.219,-0.971,99.73,3.0,,0.0,0.0,
2025-05-15T19:52:25.068Z,10,GR86-036-98,-3.8,0.219,-1.18,99.81,3.0,,0.0,0.0,
2025-05-15T19:52:25.114Z,10,GR86-036-98,-18.2,0.16,-0.996,99.81,3.0,,0.0,0.0,
2025-05-15T19:52:25.158Z,10,GR86-036-98,-30.700000000000003,0.089,-1.107,99.81,3.0,,0.0,0.0,
2025-05-15T19:52:25.204Z,10,GR86-036-98,-45.5,0.238,-1.079,99.86,3.0,5130.0,0.0,0.0,109.39
2025-05-15T19:52:25.248Z,10,GR86-036-98,-48.6,0.199,-1.086,99.86,3.0,,0.0,0.0,
2025-05-15T19:52:25.294Z,10,GR86-036-98,-48.6,0.153,-1.115,99.83,3.0,,0.0,0.0,
2025-05-15T19:52:25.338Z,10,GR86-036-98,-48.7,0.137,-1.033,99.85,3.0,,0.0,0.0,
2025-05-15T19:52:25.428Z,10,GR86-036-98,-48.7,0.172,-1.055,99.85,3.0,5180.0,0.0,0.0,108.99
2025-05-15T19:52:25.473Z,10,GR86-036-98,-48.8,0.138,-0.998,99.85,3.0,,0.0,0.0,
2025-05-15T19:52:25.517Z,10,GR86-036-98,-48.8,0.111,-1.142,99.84,3.0,,0.0,0.0,
2025-05-15T19:52:25.564Z,10,GR86-036-98,-46.8,0.161,-1.139,99.86,3.0,,0.0,0.0,
2025-05-15T19:52:25.608Z,10,GR86-036-98,-40.900000000000006,0.156,-1.121,99.86,3.0,,0.0,0.0,
2025-05-15T19:52:25.700Z,10,GR86-036-98,-28.3,0.123,-1.159,99.85,3.0,,0.0,0.0,
2025-05-15T19:52:25.745Z,10,GR86-036-98,-34.5,0.099,-1.077,99.85,3.0,5312.0,0.0,0.0,111.17
2025-05-15T19:52:25.789Z,10,GR86-036-98,-23.0,0.207,-1.075,99.84,3.0,,0.0,0.0,
2025-05-15T19:52:25.834Z,10,GR86-036-98,-24.1,0.196,-1.155,99.84,3.0,,0.0,0.0,
2025-05-15T19:52:25.878Z,10,GR86-036-98,-30.3,0.132,-1.295,99.89,3.0,5346.0,0.0,0.0,113.13
2025-05-15T19:52:25.923Z,10,GR86-036-98,-32.9,0.17,-1.177,99.85,3.0,,0.0,0.0,
2025-05-15T19:52:25.967Z,10,GR86-036-98,-33.9,0.123,-1.364,99.86,3.0,,0.0,0.0,
2025-05-15T19:52:26.011Z,10,GR86-036-98,-35.4,0.163,-1.183,99.86,3.0,,0.0,0.0,
2025-05-15T19:52:26.055Z,10,GR86-036-98,-36.3,0.197,-1.116,99.88,3.0,,0.0,0.0,
2025-05-15T19:52:26.099Z,10,GR86-036-98,-36.5,0.097,-1.137,99.88,3.0,5418.0,0.0,0.0,114.01
2025-05-15T19:52:26.145Z,10,GR86-036-98,-37.6,0.112,-1.064,99.88,3.0,,0.0,0.0,
2025-05-15T19:52:26.189Z,10,GR86-036-98,-40.6,0.177,-0.92,99.88,3.0,,0.0,0.0,
2025-05-15T19:52:26.234Z,10,GR86-036-98,-42.2,0.046,-1.136,99.88,3.0,,0.0,0.0,
2025-05-15T19:52:26.278Z,10,GR86-036-98,-42.2,0.101,-1.106,99.88,3.0,,0.0,0.0,
2025-05-15T19:52:26.324Z,10,GR86-036-98,-42.0,0.186,-1.184,99.88,3.0,5420.0,0.0,0.0,115.05
2025-05-15T19:52:26.368Z,10,GR86-036-98,-41.0,0.262,-1.211,99.88,3.0,,0.0,0.0,
2025-05-15T19:52:26.414Z,10,GR86-036-98,-41.0,0.179,-0.973,99.9,3.0,,0.0,0.0,
2025-05-15T19:52:26.458Z,10,GR86-036-98,-41.0,0.059,-1.155,99.88,3.0,,0.0,0.0,
2025-05-15T19:52:26.504Z,10,GR86-036-98,-42.900000000000006,0.1,-1.2,99.88,3.0,,0.0,0.0,
2025-05-15T19:52:26.548Z,10,GR86-036-98,-47.5,0.232,-0.922,99.89,3.0,5577.0,0.0,0.0,117.35
2025-05-15T19:52:26.594Z,10,GR86-036-98,-49.7,0.044,-1.455,99.88,3.0,,0.0,0.0,
2025-05-15T19:52:26.638Z,10,GR86-036-98,-49.7,0.096,-1.4,99.89,3.0,,0.0,0.0,
2025-05-15T19:52:26.684Z,10,GR86-036-98,-49.8,0.086,-1.604,99.88,3.0,,0.0,0.0,
2025-05-15T19:52:26.728Z,10,GR86-036-98,-49.900000000000006,0.305,-1.321,99.89,3.0,,0.0,0.0,
2025-05-15T19:52:26.773Z,10,GR86-036-98,-54.3,0.142,-1.126,99.88,3.0,5676.0,0.0,0.0,118.73
2025-05-15T19:52:26.817Z,10,GR86-036-98,-57.1,0.104,-0.869,99.89,3.0,,0.0,0.0,
2025-05-15T19:52:26.862Z,10,GR86-036-98,-57.400000000000006,0.026,-0.915,99.87,3.0,,0.0,0.0,
2025-05-15T19:52:26.908Z,10,GR86-036-98,-57.400000000000006,-0.023,-0.888,99.88,3.0,,0.0,0.0,
2025-05-15T19:52:26.955Z,10,GR86-036-98,-54.8,0.405,-1.339,99.88,3.0,,0.0,0.0,
2025-05-15T19:52:26.999Z,10,GR86-036-98,-51.6,0.2,-1.232,99.88,3.0,6028.0,0.0,0.0,118.71
2025-05-15T19:52:27.044Z,10,GR86-036-98,-44.5,0.117,-0.998,99.89,3.0,,0.0,0.0,
2025-05-15T19:52:27.089Z,10,GR86-036-98,-41.2,-0.145,-1.098,99.89,3.0,,0.0,0.0,
2025-05-15T19:52:27.134Z,10,GR86-036-98,-41.0,-0.023,-1.048,99.91,3.0,,0.0,0.0,
2025-05-15T19:52:27.178Z,10,GR86-036-98,-40.900000000000006,0.055,-0.872,99.89,3.0,,0.0,0.0,
2025-05-15T19:52:27.223Z,10,GR86-036-98,-36.3,0.123,-1.447,99.9,3.0,5980.0,0.0,0.0,119.34
2025-05-15T19:52:27.268Z,10,GR86-036-98,-31.5,0.51,-1.562,99.89,3.0,,0.0,0.0,
2025-05-15T19:52:27.314Z,10,GR86-036-98,-30.3,0.177,-1.579,99.88,3.0,,0.0,0.0,
2025-05-15T19:52:27.358Z,10,GR86-036-98,-30.3,0.383,-1.457,99.89,3.0,,0.0,0.0,
2025-05-15T19:52:27.404Z,10,GR86-036-98,-30.5,0.245,-1.189,99.87,3.0,,0.0,0.0,
2025-05-15T19:52:27.448Z,10,GR86-036-98,-36.8,-0.034,-0.781,99.89,3.0,6107.0,0.0,0.0,120.29
2025-05-15T19:52:27.494Z,10,GR86-036-98,-40.7,-0.056,-0.719,99.88,3.0,,0.0,0.0,
2025-05-15T19:52:27.538Z,10,GR86-036-98,-41.7,0.017,-0.504,99.88,3.0,,0.0,0.0,
2025-05-15T19:52:27.584Z,10,GR86-036-98,-41.7,0.093,-0.913,99.88,3.0,,0.0,0.0,
2025-05-15T19:52:27.628Z,10,GR86-036-98,-39.3,0.43,-1.134,99.89,3.0,,0.0,0.0,
2025-05-15T19:52:27.673Z,10,GR86-036-98,-30.200000000000003,0.332,-1.305,99.9,3.0,6103.0,0.0,0.0,121.5
2025-05-15T19:52:27.717Z,10,GR86-036-98,-20.5,0.318,-1.145,99.88,3.0,,0.0,0.0,
2025-05-15T19:52:27.764Z,10,GR86-036-98,-18.0,0.194,-1.342,99.89,3.0,,0.0,0.0,
2025-05-15T19:52:27.808Z,10,GR86-036-98,-25.1,0.258,-1.123,99.89,3.0,,0.0,0.0,
2025-05-15T19:52:27.853Z,10,GR86-036-98,-35.300000000000004,0.214,-1.246,99.89,3.0,,0.0,0.0,
2025-05-15T19:52:27.899Z,10,GR86-036-98,-42.0,0.19,-1.084,99.88,3.0,5896.0,0.0,0.0,121.27
2025-05-15T19:52:27.945Z,10,GR86-036-98,-48.2,0.108,-1.084,99.89,3.0,,0.0,0.0,
2025-05-15T19:52:27.989Z,10,GR86-036-98,-49.6,0.12,-1.096,99.88,3.0,,0.0,0.0,
2025-05-15T19:52:28.034Z,10,GR86-036-98,-49.6,0.124,-1.229,99.88,3.0,,0.0,0.0,
2025-05-15T19:52:28.078Z,10,GR86-036-98,-49.6,0.248,-1.134,99.88,3.0,,0.0,0.0,
2025-05-15T19:52:28.124Z,10,GR86-036-98,-45.7,0.132,-1.185,99.9,3.0,5793.0,0.0,0.0,122.98
2025-05-15T19:52:28.168Z,10,GR86-036-98,-40.5,0.115,-1.085,99.9,3.0,,0.0,0.0,
2025-05-15T19:52:28.214Z,10,GR86-036-98,-35.9,0.105,-1.099,99.89,3.0,,0.0,0.0,
2025-05-15T19:52:28.258Z,10,GR86-036-98,-33.5,0.135,-1.262,99.9,3.0,,0.0,0.0,
2025-05-15T19:52:28.304Z,10,GR86-036-98,-33.2,0.162,-1.009,99.89,3.0,,0.0,0.0,
2025-05-15T19:52:28.348Z,10,GR86-036-98,-33.2,0.164,-1.03,99.89,3.0,5959.0,0.0,0.0,124.76
2025-05-15T19:52:28.394Z,10,GR86-036-98,-33.2,0.087,-1.153,99.9,3.0,,0.0,0.0,
2025-05-15T19:52:28.438Z,10,GR86-036-98,-32.4,0.131,-1.202,99.91,3.0,,0.0,0.0,
2025-05-15T19:52:28.484Z,10,GR86-036-98,-32.0,0.196,-1.177,99.9,3.0,,0.0,0.0,
2025-05-15T19:52:28.528Z,10,GR86-036-98,-31.6,0.148,-1.051,99.91,3.0,,0.0,0.0,
2025-05-15T19:52:28.573Z,10,GR86-036-98,-31.4,0.123,-0.936,99.91,3.0,5970.0,0.0,0.0,125.9
2025-05-15T19:52:28.617Z,10,GR86-036-98,-30.5,0.023,-1.19,99.91,3.0,,0.0,0.0,
2025-05-15T19:52:28.664Z,10,GR86-036-98,-29.8,0.287,-1.26,99.89,3.0,,0.0,0.0,
2025-05-15T19:52:28.708Z,10,GR86-036-98,-29.8,0.254,-1.286,99.89,3.0,,0.0,0.0,
2025-05-15T19:52:28.755Z,10,GR86-036-98,-29.700000000000003,0.156,-1.205,99.88,3.0,,0.0,0.0,
2025-05-15T19:52:28.799Z,10,GR86-036-98,-29.700000000000003,0.155,-1.103,99.88,3.0,6028.0,0.0,0.0,127.01
2025-05-15T19:52:28.845Z,10,GR86-036-98,-29.700000000000003,0.187,-1.177,99.89,3.0,,0.0,0.0,
2025-05-15T19:52:28.889Z,10,GR86-036-98,-30.0,0.188,-0.999,99.88,3.0,,0.0,0.0,
2025-05-15T19:52:28.934Z,10,GR86-036-98,-34.1,0.166,-1.122,99.91,3.0,,0.0,0.0,
2025-05-15T19:52:28.978Z,10,GR86-036-98,-35.800000000000004,0.148,-0.934,99.91,3.0,,0.0,0.0,
2025-05-15T19:52:29.023Z,10,GR86-036-98,-35.800000000000004,0.154,-1.066,99.9,3.0,6096.0,0.0,0.0,127.81
2025-05-15T19:52:29.067Z,10,GR86-036-98,-35.800000000000004,0.146,-1.34,99.89,3.0,,0.0,0.0,
2025-05-15T19:52:29.111Z,10,GR86-036-98,-34.6,0.207,-1.243,99.89,3.0,,0.0,0.0,
2025-05-15T19:52:29.155Z,10,GR86-036-98,-34.5,0.156,-1.14,99.9,3.0,,0.0,0.0,
2025-05-15T19:52:29.199Z,10,GR86-036-98,-34.6,0.165,-1.027,99.91,3.0,,0.0,0.0,
2025-05-15T19:52:29.245Z,10,GR86-036-98,-37.7,0.097,-0.878,99.91,3.0,6127.0,0.0,0.0,128.91
2025-05-15T19:52:29.334Z,10,GR86-036-98,-38.1,0.192,-1.138,99.93,3.0,,0.0,0.0,
2025-05-15T19:52:29.378Z,10,GR86-036-98,-38.0,0.086,-1.042,99.9,3.0,,0.0,0.0,
2025-05-15T19:52:29.423Z,10,GR86-036-98,-28.200000000000003,0.151,-1.362,99.89,3.0,,0.0,0.0,
2025-05-15T19:52:29.467Z,10,GR86-036-98,-23.8,0.154,-1.24,99.89,3.0,6325.0,0.0,0.0,129.72
2025-05-15T19:52:29.511Z,10,GR86-036-98,-20.4,0.094,-1.439,99.9,3.0,,0.0,0.0,
2025-05-15T19:52:29.555Z,10,GR86-036-98,-20.4,0.217,-1.327,99.92,3.0,,0.0,0.0,
2025-05-15T19:52:29.599Z,10,GR86-036-98,-20.4,0.251,-0.953,99.9,3.0,,0.0,0.0,
2025-05-15T19:52:29.644Z,10,GR86-036-98,-25.3,0.135,-0.742,99.93,3.0,,0.0,0.0,
2025-05-15T19:52:29.689Z,10,GR86-036-98,-26.9,0.088,-0.762,99.91,3.0,6256.0,0.0,0.0,130.96
2025-05-15T19:52:29.734Z,10,GR86-036-98,-27.6,0.172,-1.029,99.93,3.0,,0.0,0.0,
2025-05-15T19:52:29.778Z,10,GR86-036-98,-27.6,0.234,-1.185,99.91,3.0,,0.0,0.0,
2025-05-15T19:52:29.868Z,10,GR86-036-98,-27.6,0.14,-1.134,99.92,3.0,,0.0,0.0,
2025-05-15T19:52:29.914Z,10,GR86-036-98,-24.3,0.157,-0.995,99.92,3.0,6421.0,0.0,0.0,131.62
2025-05-15T19:52:29.958Z,10,GR86-036-98,-23.4,0.144,-1.054,99.91,3.0,,0.0,0.0,
2025-05-15T19:52:30.004Z,10,GR86-036-98,-23.0,0.168,-0.995,99.92,3.0,,0.0,0.0,
2025-05-15T19:52:30.048Z,10,GR86-036-98,-23.0,0.141,-0.938,99.91,3.0,,0.0,0.0,
2025-05-15T19:52:30.138Z,10,GR86-036-98,-23.0,0.188,-0.898,99.91,3.0,6321.0,0.0,0.0,133.07
2025-05-15T19:52:30.184Z,10,GR86-036-98,-23.0,0.2,-0.873,99.9,3.0,,0.0,0.0,
2025-05-15T19:52:30.228Z,10,GR86-036-98,-23.0,0.192,-0.932,99.91,3.0,,0.0,0.0,
2025-05-15T19:52:30.273Z,10,GR86-036-98,-23.0,0.165,-0.892,99.92,3.0,,0.0,0.0,
2025-05-15T19:52:30.317Z,10,GR86-036-98,-23.0,0.134,-0.851,99.91,3.0,,0.0,0.0,
2025-05-15T19:52:30.361Z,10,GR86-036-98,-23.0,0.169,-0.859,99.91,3.0,6382.0,0.0,0.0,135.4
2025-05-15T19:52:30.408Z,10,GR86-036-98,-23.0,0.142,-0.957,99.92,3.0,,0.0,0.0,
2025-05-15T19:52:30.455Z,10,GR86-036-98,-23.0,0.237,-0.986,99.92,3.0,,0.0,0.0,
2025-05-15T19:52:30.499Z,10,GR86-036-98,-23.0,0.177,-1.109,99.9,3.0,,0.0,0.0,
2025-05-15T19:52:30.545Z,10,GR86-036-98,-23.0,0.188,-1.051,99.91,3.0,,0.0,0.0,
2025-05-15T19:52:30.589Z,10,GR86-036-98,-21.8,0.149,-1.036,99.92,3.0,6464.0,0.0,0.0,136.63
2025-05-15T19:52:30.634Z,10,GR86-036-98,-20.1,0.127,-1.019,99.92,3.0,,0.0,0.0,
2025-05-15T19:52:30.678Z,10,GR86-036-98,-19.200000000000003,0.201,-0.968,99.91,3.0,,0.0,0.0,
2025-05-15T19:52:30.724Z,10,GR86-036-98,-18.7,0.18,-0.892,99.91,3.0,,0.0,0.0,
2025-05-15T19:52:30.768Z,10,GR86-036-98,-18.7,0.177,-0.778,99.92,3.0,,0.0,0.0,
2025-05-15T19:52:30.814Z,10,GR86-036-98,-18.8,0.165,-0.768,99.94,3.0,6508.0,0.0,0.0,138.12
2025-05-15T19:52:30.904Z,10,GR86-036-98,-18.9,0.183,-0.76,99.93,3.0,,0.0,0.0,
2025-05-15T19:52:30.994Z,10,GR86-036-98,-18.9,0.157,-0.852,99.91,3.0,,0.0,0.0,
2025-05-15T19:52:31.038Z,10,GR86-036-98,-18.9,0.192,-0.8310000000000001,99.91,3.0,6551.0,0.0,0.0,139.22
2025-05-15T19:52:31.084Z,10,GR86-036-98,-16.8,0.205,-0.847,99.93,3.0,,0.0,0.0,
2025-05-15T19:52:31.128Z,10,GR86-036-98,-16.8,0.191,-0.808,99.9,3.0,,0.0,0.0,
2025-05-15T19:52:31.173Z,10,GR86-036-98,-16.7,0.184,-0.794,99.91,3.0,,0.0,0.0,
2025-05-15T19:52:31.217Z,10,GR86-036-98,-16.7,0.115,-0.777,99.93,3.0,,0.0,0.0,
2025-05-15T19:52:31.262Z,10,GR86-036-98,-16.7,0.149,-0.861,99.92,3.0,6635.0,0.0,0.0,140.53
2025-05-15T19:52:31.308Z,10,GR86-036-98,-16.3,0.188,-0.857,99.91,3.0,,0.0,0.0,
2025-05-15T19:52:31.352Z,10,GR86-036-98,-16.0,0.169,-0.752,99.92,3.0,,0.0,0.0,
2025-05-15T19:52:31.399Z,10,GR86-036-98,-15.7,0.169,-0.6950000000000001,99.93,3.0,,0.0,0.0,
2025-05-15T19:52:31.444Z,10,GR86-036-98,-15.7,0.158,-0.6910000000000001,99.92,3.0,,0.0,0.0,
2025-05-15T19:52:31.488Z,10,GR86-036-98,-15.7,0.213,-0.636,99.91,3.0,6688.0,0.0,0.0,141.76
2025-05-15T19:52:31.578Z,10,GR86-036-98,-15.7,0.186,-0.636,99.91,3.0,,0.0,0.0,
2025-05-15T19:52:31.668Z,10,GR86-036-98,-15.7,0.168,-0.76,99.94,3.0,,0.0,0.0,
2025-05-15T19:52:31.713Z,10,GR86-036-98,-15.7,0.161,-0.735,99.93,3.0,6756.0,0.0,0.0,143.0
2025-05-15T19:52:31.758Z,10,GR86-036-98,-15.7,0.176,-0.6940000000000001,99.94,3.0,,0.0,0.0,
2025-05-15T19:52:31.804Z,10,GR86-036-98,-15.7,0.128,-0.6880000000000001,99.94,3.0,,0.0,0.0,
2025-05-15T19:52:31.848Z,10,GR86-036-98,-15.7,0.167,-0.6940000000000001,99.93,3.0,,0.0,0.0,
2025-05-15T19:52:31.938Z,10,GR86-036-98,-14.1,0.198,-0.661,99.94,3.0,6789.0,0.0,0.0,144.49
2025-05-15T19:52:31.984Z,10,GR86-036-98,-9.0,0.198,-0.6900000000000001,99.94,3.0,,0.0,0.0,
2025-05-15T19:52:32.028Z,10,GR86-036-98,-8.9,0.201,-0.64,99.94,3.0,,0.0,0.0,
2025-05-15T19:52:32.073Z,10,GR86-036-98,-8.9,0.127,-0.6970000000000001,99.92,3.0,,0.0,0.0,
2025-05-15T19:52:32.161Z,10,GR86-036-98,-8.8,0.174,-0.59,99.95,3.0,6915.0,0.0,0.0,147.02
2025-05-15T19:52:32.208Z,10,GR86-036-98,-8.9,0.149,-0.589,99.94,3.0,,0.0,0.0,
2025-05-15T19:52:32.252Z,10,GR86-036-98,-8.8,0.175,-0.481,99.94,3.0,,0.0,0.0,
2025-05-15T19:52:32.299Z,10,GR86-036-98,-8.8,0.179,-0.53,99.95,3.0,,0.0,0.0,
2025-05-15T19:52:32.345Z,10,GR86-036-98,-8.8,0.17,-0.549,99.92,3.0,,0.0,0.0,
2025-05-15T19:52:32.389Z,10,GR86-036-98,-8.8,0.205,-0.447,99.95,3.0,6982.0,0.0,0.0,148.24
2025-05-15T19:52:32.434Z,10,GR86-036-98,-8.4,0.12,-0.487,99.92,3.0,,0.0,0.0,
2025-05-15T19:52:32.478Z,10,GR86-036-98,-7.7,0.207,-0.513,99.92,3.0,,0.0,0.0,
2025-05-15T19:52:32.523Z,10,GR86-036-98,-7.300000000000001,0.235,-0.454,99.95,3.0,,0.0,0.0,
2025-05-15T19:52:32.568Z,10,GR86-036-98,-6.7,0.144,-0.449,99.95,3.0,,0.0,0.0,
2025-05-15T19:52:32.614Z,10,GR86-036-98,-5.1000000000000005,0.138,-0.45,99.93,3.0,7039.0,0.0,0.0,149.6
2025-05-15T19:52:32.658Z,10,GR86-036-98,-3.2,0.152,-0.417,99.95,3.0,,0.0,0.0,
2025-05-15T19:52:32.704Z,10,GR86-036-98,-0.2,0.138,-0.381,99.94,3.0,,0.0,0.0,
2025-05-15T19:52:32.748Z,10,GR86-036-98,0.5,0.192,-0.32,99.94,3.0,,0.0,0.0,
2025-05-15T19:52:32.794Z,10,GR86-036-98,0.6000000000000001,0.112,-0.288,99.96,3.0,,0.0,0.0,
2025-05-15T19:52:32.838Z,10,GR86-036-98,0.7000000000000001,0.199,-0.304,99.93,3.0,7087.0,0.0,0.0,150.84
2025-05-15T19:52:32.884Z,10,GR86-036-98,1.0,0.165,-0.224,99.93,3.0,,0.0,0.0,
2025-05-15T19:52:32.928Z,10,GR86-036-98,1.1,0.171,-0.196,99.94,3.0,,0.0,0.0,
2025-05-15T19:52:32.973Z,10,GR86-036-98,1.3,0.192,-0.137,99.96,3.0,,0.0,0.0,
2025-05-15T19:52:33.017Z,10,GR86-036-98,1.4,0.211,-0.074,99.92,3.0,,0.0,0.0,
2025-05-15T19:52:33.064Z,10,GR86-036-98,1.6,0.195,-0.066,99.95,3.0,7141.0,0.0,0.0,152.19
2025-05-15T19:52:33.108Z,10,GR86-036-98,1.8,0.224,-0.046,99.92,3.0,,0.0,0.0,
2025-05-15T19:52:33.152Z,10,GR86-036-98,1.8,0.208,-0.058,99.95,3.0,,0.0,0.0,
2025-05-15T19:52:33.199Z,10,GR86-036-98,1.8,0.164,-0.053,99.94,3.0,,0.0,0.0,
2025-05-15T19:52:33.245Z,10,GR86-036-98,1.8,0.252,-0.047,99.95,3.0,,0.0,0.0,
2025-05-15T19:52:33.289Z,10,GR86-036-98,1.8,0.188,-0.028,99.95,3.0,7209.0,0.0,0.0,153.65
2025-05-15T19:52:33.334Z,10,GR86-036-98,1.8,0.177,-0.05,99.93,3.0,,0.0,0.0,
2025-05-15T19:52:33.378Z,10,GR86-036-98,2.0,0.108,-0.078,99.94,3.0,,0.0,0.0,
2025-05-15T19:52:33.423Z,10,GR86-036-98,2.6,-0.129,-0.043,99.95,3.0,,0.0,0.0,
2025-05-15T19:52:33.468Z,10,GR86-036-98,2.6,0.012,-0.042,99.95,4.0,,0.0,0.0,
2025-05-15T19:52:33.513Z,10,GR86-036-98,2.6,0.43,-0.146,99.96,4.0,7256.0,0.0,0.0,154.93
2025-05-15T19:52:33.558Z,10,GR86-036-98,2.6,0.269,-0.123,99.94,4.0,,0.0,0.0,
2025-05-15T19:52:33.604Z,10,GR86-036-98,2.9000000000000004,0.092,-0.078,99.95,4.0,,0.0,0.0,
2025-05-15T19:52:33.648Z,10,GR86-036-98,3.6,0.036,-0.141,99.95,4.0,,0.0,0.0,
2025-05-15T19:52:33.694Z,10,GR86-036-98,3.7,0.154,-0.097,99.94,4.0,,0.0,0.0,
2025-05-15T19:52:33.738Z,10,GR86-036-98,3.7,0.177,-0.092,99.93,4.0,6495.0,0.0,0.0,156.09
2025-05-15T19:52:33.784Z,10,GR86-036-98,3.8,0.101,-0.015,99.95,4.0,,0.0,0.0,
2025-05-15T19:52:33.828Z,10,GR86-036-98,3.8,0.093,0.0,99.95,4.0,,0.0,0.0,
2025-05-15T19:52:33.873Z,10,GR86-036-98,3.8,0.107,-0.018,99.94,4.0,,0.0,0.0,
2025-05-15T19:52:33.917Z,10,GR86-036-98,4.2,0.188,-0.01,99.95,4.0,,0.0,0.0,
2025-05-15T19:52:33.964Z,10,GR86-036-98,4.2,0.113,0.0,99.94,4.0,6235.0,0.0,0.0,158.37
2025-05-15T19:52:34.008Z,10,GR86-036-98,4.3,0.093,-0.016,99.95,4.0,,0.0,0.0,
2025-05-15T19:52:34.053Z,10,GR86-036-98,4.2,0.138,-0.011,99.97,4.0,,0.0,0.0,
2025-05-15T19:52:34.099Z,10,GR86-036-98,4.3,0.183,0.001,99.94,4.0,,0.0,0.0,
2025-05-15T19:52:34.145Z,10,GR86-036-98,4.9,0.127,-0.02,99.95,4.0,,0.0,0.0,
2025-05-15T19:52:34.189Z,10,GR86-036-98,5.0,0.079,-0.006,99.93,4.0,6274.0,0.0,0.0,159.31
2025-05-15T19:52:34.234Z,10,GR86-036-98,5.0,0.15,-0.005,99.95,4.0,,0.0,0.0,
2025-05-15T19:52:34.278Z,10,GR86-036-98,5.0,0.157,0.024,99.94,4.0,,0.0,0.0,
2025-05-15T19:52:34.323Z,10,GR86-036-98,5.0,0.097,0.0,99.95,4.0,,0.0,0.0,
2025-05-15T19:52:34.458Z,10,GR86-036-98,5.0,0.124,-0.009,99.94,4.0,,0.0,0.0,
2025-05-15T19:52:34.504Z,10,GR86-036-98,5.2,0.071,0.003,99.94,4.0,,0.0,0.0,
2025-05-15T19:52:34.548Z,10,GR86-036-98,5.0,0.132,0.04,99.95,4.0,6317.0,0.0,0.0,160.66
2025-05-15T19:52:34.594Z,10,GR86-036-98,5.2,0.157,0.03,99.95,4.0,,0.0,0.0,
2025-05-15T19:52:34.638Z,10,GR86-036-98,5.2,0.144,0.047,99.93,4.0,6367.0,0.0,0.0,161.49
2025-05-15T19:52:34.728Z,10,GR86-036-98,5.300000000000001,0.126,0.064,99.94,4.0,,0.0,0.0,
2025-05-15T19:52:34.817Z,10,GR86-036-98,5.300000000000001,0.164,0.051,99.94,4.0,,0.0,0.0,
2025-05-15T19:52:34.864Z,10,GR86-036-98,5.300000000000001,0.09,0.007,99.95,4.0,6413.0,0.0,0.0,162.71
2025-05-15T19:52:34.908Z,10,GR86-036-98,5.4,0.132,0.013,99.94,4.0,,0.0,0.0,
2025-05-15T19:52:34.952Z,10,GR86-036-98,5.4,0.166,0.032,99.94,4.0,,0.0,0.0,
2025-05-15T19:52:34.999Z,10,GR86-036-98,5.4,0.146,0.033,99.94,4.0,,0.0,0.0,
2025-05-15T19:52:35.045Z,10,GR86-036-98,5.4,0.083,-0.007,99.95,4.0,,0.0,0.0,
2025-05-15T19:52:35.089Z,10,GR86-036-98,5.4,0.117,-0.02,99.94,4.0,6478.0,0.0,0.0,163.65
2025-05-15T19:52:35.134Z,10,GR86-036-98,5.300000000000001,0.16,-0.007,99.94,4.0,,0.0,0.0,
2025-05-15T19:52:35.178Z,10,GR86-036-98,5.4,0.137,0.045,99.96,4.0,,0.0,0.0,
2025-05-15T19:52:35.223Z,10,GR86-036-98,5.4,0.124,0.036,99.95,4.0,,0.0,0.0,
2025-05-15T19:52:35.268Z,10,GR86-036-98,5.7,0.118,0.056,99.94,4.0,,0.0,0.0,
2025-05-15T19:52:35.314Z,10,GR86-036-98,6.0,0.131,0.028,99.94,4.0,6531.0,0.0,0.0,164.67000000000002
2025-05-15T19:52:35.358Z,10,GR86-036-98,6.300000000000001,0.148,0.011,99.95,4.0,,0.0,0.0,
2025-05-15T19:52:35.404Z,10,GR86-036-98,6.300000000000001,0.161,-0.01,99.95,4.0,,0.0,0.0,
2025-05-15T19:52:35.448Z,10,GR86-036-98,6.300000000000001,0.117,0.01,99.96,4.0,,0.0,0.0,
2025-05-15T19:52:35.494Z,10,GR86-036-98,6.300000000000001,0.168,0.02,99.95,4.0,,0.0,0.0,
2025-05-15T19:52:35.584Z,10,GR86-036-98,6.300000000000001,0.136,0.072,99.94,4.0,,0.0,0.0,
2025-05-15T19:52:35.628Z,10,GR86-036-98,6.300000000000001,0.165,0.054,99.94,4.0,6532.0,0.0,0.0,165.91
2025-05-15T19:52:35.673Z,10,GR86-036-98,6.300000000000001,0.137,0.07,99.95,4.0,,0.0,0.0,
2025-05-15T19:52:35.717Z,10,GR86-036-98,6.300000000000001,0.119,0.062,99.95,4.0,,0.0,0.0,
2025-05-15T19:52:35.761Z,10,GR86-036-98,6.300000000000001,0.105,0.045,99.94,4.0,6585.0,0.0,0.0,167.84
2025-05-15T19:52:35.808Z,10,GR86-036-98,6.300000000000001,0.162,0.042,99.94,4.0,,0.0,0.0,
2025-05-15T19:52:35.855Z,10,GR86-036-98,6.300000000000001,0.132,0.052,99.96,4.0,,0.0,0.0,
2025-05-15T19:52:35.899Z,10,GR86-036-98,6.300000000000001,0.126,0.061,99.95,4.0,,0.0,0.0,
2025-05-15T19:52:35.989Z,10,GR86-036-98,6.300000000000001,0.154,0.064,99.95,4.0,6674.0,0.0,0.0,168.78
2025-05-15T19:52:36.078Z,10,GR86-036-98,6.300000000000001,0.173,0.047,99.95,4.0,,0.0,0.0,
2025-05-15T19:52:36.123Z,10,GR86-036-98,6.300000000000001,0.127,0.043,99.94,4.0,,0.0,0.0,
2025-05-15T19:52:36.214Z,10,GR86-036-98,6.300000000000001,0.108,0.059,99.95,4.0,6708.0,0.0,0.0,169.84
2025-05-15T19:52:36.258Z,10,GR86-036-98,6.300000000000001,0.169,0.042,99.94,4.0,,0.0,0.0,
2025-05-15T19:52:36.304Z,10,GR86-036-98,6.300000000000001,0.136,0.034,99.94,4.0,,0.0,0.0,
2025-05-15T19:52:36.394Z,10,GR86-036-98,6.300000000000001,0.159,0.099,99.94,4.0,,0.0,0.0,
2025-05-15T19:52:36.438Z,10,GR86-036-98,6.300000000000001,0.135,0.061,99.93,4.0,6703.0,0.0,0.0,170.89
2025-05-15T19:52:36.484Z,10,GR86-036-98,6.4,0.136,0.114,99.95,4.0,,0.0,0.0,
2025-05-15T19:52:36.528Z,10,GR86-036-98,6.4,0.125,0.105,99.96,4.0,,0.0,0.0,
2025-05-15T19:52:36.573Z,10,GR86-036-98,6.4,0.123,0.111,99.94,4.0,,0.0,0.0,
2025-05-15T19:52:36.661Z,10,GR86-036-98,6.4,0.133,0.071,99.95,4.0,6755.0,0.0,0.0,171.9
2025-05-15T19:52:36.705Z,10,GR86-036-98,6.5,0.158,0.099,99.96,4.0,,0.0,0.0,
2025-05-15T19:52:36.749Z,10,GR86-036-98,6.5,0.148,0.084,99.95,4.0,,0.0,0.0,
2025-05-15T19:52:36.838Z,10,GR86-036-98,6.4,0.136,0.081,99.94,4.0,,0.0,0.0,
2025-05-15T19:52:36.884Z,10,GR86-036-98,6.5,0.16,0.033,99.94,4.0,6803.0,0.0,0.0,172.78
2025-05-15T19:52:36.929Z,10,GR86-036-98,6.5,0.131,0.025,99.95,4.0,,0.0,0.0,
2025-05-15T19:52:36.973Z,10,GR86-036-98,6.5,0.157,0.049,99.96,4.0,,0.0,0.0,
2025-05-15T19:52:37.017Z,10,GR86-036-98,6.5,0.142,0.018,99.92,4.0,,0.0,0.0,
2025-05-15T19:52:37.064Z,10,GR86-036-98,6.5,0.147,0.032,99.95,4.0,,0.0,0.0,
2025-05-15T19:52:37.108Z,10,GR86-036-98,6.6000000000000005,0.112,0.05,99.95,4.0,6840.0,0.0,0.0,174.0
2025-05-15T19:52:37.153Z,10,GR86-036-98,6.6000000000000005,0.108,0.045,99.93,4.0,,0.0,0.0,
2025-05-15T19:52:37.199Z,10,GR86-036-98,6.7,0.094,0.05,99.93,4.0,,0.0,0.0,
2025-05-15T19:52:37.244Z,10,GR86-036-98,6.7,0.186,0.053,99.95,4.0,,0.0,0.0,
2025-05-15T19:52:37.289Z,10,GR86-036-98,6.7,0.148,0.097,99.93,4.0,,0.0,0.0,
2025-05-15T19:52:37.334Z,10,GR86-036-98,6.7,0.162,0.089,99.96,4.0,6891.0,0.0,0.0,174.72
2025-05-15T19:52:37.378Z,10,GR86-036-98,6.7,0.117,0.092,99.95,4.0,,0.0,0.0,
2025-05-15T19:52:37.423Z,10,GR86-036-98,6.7,0.131,0.057,99.96,4.0,,0.0,0.0,
2025-05-15T19:52:37.468Z,10,GR86-036-98,6.7,0.174,0.046,99.95,4.0,,0.0,0.0,
2025-05-15T19:52:37.514Z,10,GR86-036-98,6.7,0.082,0.088,99.94,4.0,,0.0,0.0,
2025-05-15T19:52:37.558Z,10,GR86-036-98,6.800000000000001,0.172,0.047,99.94,4.0,6951.0,0.0,0.0,176.84
2025-05-15T19:52:37.604Z,10,GR86-036-98,6.800000000000001,0.198,0.109,99.94,4.0,,0.0,0.0,
2025-05-15T19:52:37.648Z,10,GR86-036-98,6.800000000000001,0.056,0.081,99.94,4.0,,0.0,0.0,
2025-05-15T19:52:37.694Z,10,GR86-036-98,6.800000000000001,0.129,0.062,99.93,4.0,,0.0,0.0,
